ISO-10303-21;
HEADER;
FILE_DESCRIPTION (( 'STEP AP214' ),
    '1' );
FILE_NAME ('CSAB0730-100M.STEP',
    '2026-02-17T05:00:11',
    ( '' ),
    ( '' ),
    'SwSTEP 2.0',
    'SolidWorks 2021',
    '' );
FILE_SCHEMA (( 'AUTOMOTIVE_DESIGN' ));
ENDSEC;

DATA;
#1 = DIRECTION ( 'NONE',  ( 0.000000000000000000, 1.000000000000000000, 0.000000000000000000 ) ) ;
#2 = DIRECTION ( 'NONE',  ( 0.000000000000000000, -0.000000000000000000, 1.000000000000000000 ) ) ;
#3 = CARTESIAN_POINT ( 'NONE',  ( -1.516812141168289774, 3.000000000000000000, 0.1191178942344804093 ) ) ;
#4 = PLANE ( 'NONE',  #2437 ) ;
#5 = VERTEX_POINT ( 'NONE', #1455 ) ;
#6 = ORIENTED_EDGE ( 'NONE', *, *, #4945, .T. ) ;
#7 = CARTESIAN_POINT ( 'NONE',  ( -0.5014609352743877313, 2.800000000000000266, 0.1266462391690636735 ) ) ;
#8 = CARTESIAN_POINT ( 'NONE',  ( -1.436486009294027477, 1.500624570026933613, -0.5061170212600999418 ) ) ;
#9 = VECTOR ( 'NONE', #3867, 1000.000000000000000 ) ;
#10 = ORIENTED_EDGE ( 'NONE', *, *, #2896, .T. ) ;
#11 = CARTESIAN_POINT ( 'NONE',  ( -1.169744343679354204, 3.000000000000000000, -2.069316255566389096 ) ) ;
#12 = ORIENTED_EDGE ( 'NONE', *, *, #552, .F. ) ;
#13 = VECTOR ( 'NONE', #2811, 1000.000000000000000 ) ;
#14 = ORIENTED_EDGE ( 'NONE', *, *, #1090, .F. ) ;
#15 = LINE ( 'NONE', #2961, #1462 ) ;
#16 = EDGE_CURVE ( 'NONE', #3760, #4291, #5291, .T. ) ;
#17 = CARTESIAN_POINT ( 'NONE',  ( -3.299999999999998934, 1.574999999999999512, -0.3500000000000000333 ) ) ;
#18 = EDGE_CURVE ( 'NONE', #4930, #2586, #1536, .T. ) ;
#19 = CARTESIAN_POINT ( 'NONE',  ( -0.7030802731876463207, 1.500624570026933613, -2.130902535812262411 ) ) ;
#20 = ORIENTED_EDGE ( 'NONE', *, *, #2605, .T. ) ;
#21 = CARTESIAN_POINT ( 'NONE',  ( -0.7960181702406859960, 3.000000000000000000, 1.605980824523348005 ) ) ;
#22 = CARTESIAN_POINT ( 'NONE',  ( -1.169744343679354204, 2.799999999999999822, -2.069316255566389096 ) ) ;
#23 = CARTESIAN_POINT ( 'NONE',  ( -1.113386802949280829, 2.799999999999999822, 1.543419918528758261 ) ) ;
#24 = ADVANCED_FACE ( 'NONE', ( #4516 ), #705, .T. ) ;
#25 = DIRECTION ( 'NONE',  ( -3.470849084279738984E-15, -0.000000000000000000, -1.000000000000000000 ) ) ;
#26 = DIRECTION ( 'NONE',  ( -1.000000000000000000, 0.000000000000000000, 0.000000000000000000 ) ) ;
#27 = CARTESIAN_POINT ( 'NONE',  ( -1.212729927776586392, 3.000000000000000444, 0.6608675175293323711 ) ) ;
#28 = CARTESIAN_POINT ( 'NONE',  ( -1.516812141168289552, 3.000000000000000000, 2.189085684373399676 ) ) ;
#29 = EDGE_CURVE ( 'NONE', #4628, #5217, #4609, .T. ) ;
#30 = FACE_OUTER_BOUND ( 'NONE', #5220, .T. ) ;
#31 = CARTESIAN_POINT ( 'NONE',  ( -0.5152686526748860851, 2.799999999999999822, 1.544919730039651773 ) ) ;
#32 = VERTEX_POINT ( 'NONE', #1625 ) ;
#33 = ORIENTED_EDGE ( 'NONE', *, *, #2252, .F. ) ;
#34 = CARTESIAN_POINT ( 'NONE',  ( -3.375000000000000444, 0.2500000000000000000, -1.499999999999999778 ) ) ;
#35 = FACE_OUTER_BOUND ( 'NONE', #4343, .T. ) ;
#36 = VERTEX_POINT ( 'NONE', #1596 ) ;
#37 = AXIS2_PLACEMENT_3D ( 'NONE', #3368, #3548, #616 ) ;
#38 = LINE ( 'NONE', #2541, #2179 ) ;
#39 = ORIENTED_EDGE ( 'NONE', *, *, #4083, .T. ) ;
#40 = ORIENTED_EDGE ( 'NONE', *, *, #18, .T. ) ;
#41 = CARTESIAN_POINT ( 'NONE',  ( 3.299999999999999822, 0.1499999999999999944, 2.750000000000000000 ) ) ;
#42 = CARTESIAN_POINT ( 'NONE',  ( -0.7030802731876463207, 2.799999999999999822, -2.130902535812262411 ) ) ;
#43 = ADVANCED_FACE ( 'NONE', ( #5437 ), #4572, .T. ) ;
#44 = CARTESIAN_POINT ( 'NONE',  ( -1.516812141168301542, 2.800000000000000266, -1.114027395475791771 ) ) ;
#45 = ORIENTED_EDGE ( 'NONE', *, *, #1412, .F. ) ;
#46 = CARTESIAN_POINT ( 'NONE',  ( -0.5152686526748860851, 3.000000000000000000, 1.544919730039651773 ) ) ;
#47 = DIRECTION ( 'NONE',  ( 1.445602896647339656E-16, 0.000000000000000000, -1.000000000000000000 ) ) ;
#48 = CARTESIAN_POINT ( 'NONE',  ( -1.516812141168301320, 2.800000000000000266, -1.017541098686655099 ) ) ;
#49 = EDGE_CURVE ( 'NONE', #32, #4653, #5020, .T. ) ;
#50 = ORIENTED_EDGE ( 'NONE', *, *, #3830, .F. ) ;
#51 = CARTESIAN_POINT ( 'NONE',  ( -1.297897403435402275, 2.799999999999999822, -1.551350656909007419 ) ) ;
#52 = CIRCLE ( 'NONE', #1894, 0.02948327115430995904 ) ;
#53 = EDGE_CURVE ( 'NONE', #3329, #32, #3712, .T. ) ;
#54 = CARTESIAN_POINT ( 'NONE',  ( -0.5014609352743726323, 2.799999999999999822, 2.316055673014647542 ) ) ;
#55 = CARTESIAN_POINT ( 'NONE',  ( -2.499999999999999112, 2.949999999999999734, 2.499999999999999556 ) ) ;
#56 = CYLINDRICAL_SURFACE ( 'NONE', #1993, 0.02948327115431846959 ) ;
#57 = ADVANCED_FACE ( 'NONE', ( #3740 ), #2483, .F. ) ;
#58 = PRESENTATION_LAYER_ASSIGNMENT (  '', '', ( #4839 ) ) ;
#59 = AXIS2_PLACEMENT_3D ( 'NONE', #4943, #1960, #2379 ) ;
#60 = CARTESIAN_POINT ( 'NONE',  ( -1.297897403435392061, 1.500624570026933613, 1.655276126151046245 ) ) ;
#61 = ADVANCED_FACE ( 'NONE', ( #1153 ), #2004, .T. ) ;
#62 = CARTESIAN_POINT ( 'NONE',  ( -1.016206775675822627, 3.000000000000000000, -1.055552320380675591 ) ) ;
#63 =( GEOMETRIC_REPRESENTATION_CONTEXT ( 3 ) GLOBAL_UNCERTAINTY_ASSIGNED_CONTEXT ( ( #562 ) ) GLOBAL_UNIT_ASSIGNED_CONTEXT ( ( #4939, #2735, #4463 ) ) REPRESENTATION_CONTEXT ( 'NONE', 'WORKASPACE' ) );
#64 = ORIENTED_EDGE ( 'NONE', *, *, #4965, .F. ) ;
#65 = ORIENTED_EDGE ( 'NONE', *, *, #3012, .F. ) ;
#66 = CIRCLE ( 'NONE', #588, 0.2500000000000000000 ) ;
#67 = CARTESIAN_POINT ( 'NONE',  ( -1.297897403435390506, 3.000000000000000000, 2.092599387584261894 ) ) ;
#68 = DIRECTION ( 'NONE',  ( -0.9799725457018959585, 0.000000000000000000, 0.1991326434077181351 ) ) ;
#69 = ORIENTED_EDGE ( 'NONE', *, *, #3988, .T. ) ;
#70 = CARTESIAN_POINT ( 'NONE',  ( -1.516812141168301542, 3.000000000000000000, -1.574359523006807482 ) ) ;
#71 = EDGE_LOOP ( 'NONE', ( #2046, #5161, #3769, #4328 ) ) ;
#72 = ORIENTED_EDGE ( 'NONE', *, *, #2116, .T. ) ;
#73 = DIRECTION ( 'NONE',  ( 0.000000000000000000, 0.000000000000000000, -1.000000000000000000 ) ) ;
#74 = CIRCLE ( 'NONE', #3261, 0.1499999999999999667 ) ;
#75 = DIRECTION ( 'NONE',  ( -1.826113077463491048E-14, 0.000000000000000000, -1.000000000000000000 ) ) ;
#76 = ORIENTED_EDGE ( 'NONE', *, *, #4806, .F. ) ;
#77 = AXIS2_PLACEMENT_3D ( 'NONE', #5033, #1609, #4196 ) ;
#78 = DIRECTION ( 'NONE',  ( -3.381690884191657160E-15, 0.000000000000000000, -1.000000000000000000 ) ) ;
#79 = DIRECTION ( 'NONE',  ( 0.000000000000000000, 0.000000000000000000, 1.000000000000000000 ) ) ;
#80 = PLANE ( 'NONE',  #1396 ) ;
#81 = ORIENTED_EDGE ( 'NONE', *, *, #1143, .F. ) ;
#82 = DIRECTION ( 'NONE',  ( 0.000000000000000000, -1.000000000000000000, 0.000000000000000000 ) ) ;
#83 = CARTESIAN_POINT ( 'NONE',  ( -1.491781087391496730, 3.000000000000000000, -0.01283240866452028603 ) ) ;
#84 = CARTESIAN_POINT ( 'NONE',  ( -1.016206775675810414, 2.800000000000000266, 2.151074462679381849 ) ) ;
#85 = DIRECTION ( 'NONE',  ( -0.000000000000000000, -1.000000000000000000, -0.000000000000000000 ) ) ;
#86 = EDGE_CURVE ( 'NONE', #4447, #1930, #985, .T. ) ;
#87 = DIRECTION ( 'NONE',  ( 0.000000000000000000, 1.000000000000000000, 0.000000000000000000 ) ) ;
#88 = EDGE_CURVE ( 'NONE', #431, #2086, #4445, .T. ) ;
#89 =( LENGTH_UNIT ( ) NAMED_UNIT ( * ) SI_UNIT ( .MILLI., .METRE. ) );
#90 = ORIENTED_EDGE ( 'NONE', *, *, #1612, .T. ) ;
#91 = DIRECTION ( 'NONE',  ( 0.000000000000000000, 1.000000000000000000, -0.000000000000000000 ) ) ;
#92 = CARTESIAN_POINT ( 'NONE',  ( -0.5014609352743883974, 2.799999999999999822, -0.1277839682243637753 ) ) ;
#93 = ORIENTED_EDGE ( 'NONE', *, *, #1970, .T. ) ;
#94 = ADVANCED_FACE ( 'NONE', ( #2525 ), #3399, .F. ) ;
#95 = DIRECTION ( 'NONE',  ( 0.000000000000000000, 1.000000000000000000, 0.000000000000000000 ) ) ;
#96 = ORIENTED_EDGE ( 'NONE', *, *, #4086, .T. ) ;
#97 = EDGE_LOOP ( 'NONE', ( #1037, #538, #579, #2211 ) ) ;
#98 = DIRECTION ( 'NONE',  ( 0.000000000000000000, 1.000000000000000000, 0.000000000000000000 ) ) ;
#99 = VECTOR ( 'NONE', #1251, 1000.000000000000000 ) ;
#100 = VERTEX_POINT ( 'NONE', #4581 ) ;
#101 = PLANE ( 'NONE',  #4748 ) ;
#102 = ORIENTED_EDGE ( 'NONE', *, *, #2565, .F. ) ;
#103 = CARTESIAN_POINT ( 'NONE',  ( -1.297897403435389396, 3.000000000000000000, 2.137002076460955191 ) ) ;
#104 = CARTESIAN_POINT ( 'NONE',  ( -1.038298776779051025, 2.799999999999999822, 2.358384634329920626 ) ) ;
#105 = LINE ( 'NONE', #3991, #2517 ) ;
#106 = CARTESIAN_POINT ( 'NONE',  ( -0.5025166106310917646, 2.799999999999999822, 0.8645148824455187730 ) ) ;
#107 = DIRECTION ( 'NONE',  ( 0.000000000000000000, -0.000000000000000000, -1.000000000000000000 ) ) ;
#108 = CARTESIAN_POINT ( 'NONE',  ( -0.7203756730072901071, 3.000000000000000000, 2.133753113937486567 ) ) ;
#109 = ORIENTED_EDGE ( 'NONE', *, *, #2980, .T. ) ;
#110 = CARTESIAN_POINT ( 'NONE',  ( 3.299999999999998934, 0.1499999999999999944, 1.800000000000000933 ) ) ;
#111 = EDGE_CURVE ( 'NONE', #5507, #3304, #2463, .T. ) ;
#112 = FACE_OUTER_BOUND ( 'NONE', #4472, .T. ) ;
#113 = EDGE_LOOP ( 'NONE', ( #4156, #4907, #3476, #5362, #5015, #3322, #3297, #4487 ) ) ;
#114 = CARTESIAN_POINT ( 'NONE',  ( -1.516812141168289774, 3.000000000000000000, 2.092599387584262782 ) ) ;
#115 = EDGE_CURVE ( 'NONE', #2339, #4203, #859, .T. ) ;
#116 = CARTESIAN_POINT ( 'NONE',  ( -0.5014609352743887305, 3.000000000000000000, -0.2356347705948078353 ) ) ;
#117 = COLOUR_RGB ( '',1.000000000000000000, 1.000000000000000000, 1.000000000000000000 ) ;
#118 = VECTOR ( 'NONE', #369, 1000.000000000000227 ) ;
#119 = ADVANCED_FACE ( 'NONE', ( #5444 ), #5477, .F. ) ;
#120 = EDGE_LOOP ( 'NONE', ( #515, #1909 ) ) ;
#121 = B_SPLINE_SURFACE_WITH_KNOTS ( 'NONE', 3, 1, ( 
 ( #2476, #1678 ),
 ( #4712, #5043 ),
 ( #3822, #2589 ),
 ( #1236, #5100 ),
 ( #5072, #2170 ) ),
 .UNSPECIFIED., .F., .F., .F.,
 ( 4, 1, 4 ),
 ( 2, 2 ),
 ( 0.000000000000000000, 0.4877098465503992841, 1.000000000000000000 ),
 ( 0.000000000000000000, 1.000000000000000000 ),
 .UNSPECIFIED. ) ;
#122 = DIRECTION ( 'NONE',  ( -0.000000000000000000, -0.000000000000000000, -1.000000000000000000 ) ) ;
#123 = ORIENTED_EDGE ( 'NONE', *, *, #3431, .T. ) ;
#124 = CARTESIAN_POINT ( 'NONE',  ( -1.468516312424467563, 3.000000000000000000, 0.7499873769576669291 ) ) ;
#125 = LINE ( 'NONE', #1818, #3514 ) ;
#126 = DIRECTION ( 'NONE',  ( 0.000000000000000000, -0.000000000000000000, -1.000000000000000000 ) ) ;
#127 = CIRCLE ( 'NONE', #3250, 0.1499999999999999667 ) ;
#128 = CARTESIAN_POINT ( 'NONE',  ( -1.516812141168295991, 2.799999999999999822, 0.6402039898684432906 ) ) ;
#129 = ORIENTED_EDGE ( 'NONE', *, *, #2668, .F. ) ;
#130 = DIRECTION ( 'NONE',  ( -1.000000000000000000, 0.000000000000000000, 0.000000000000000000 ) ) ;
#131 = AXIS2_PLACEMENT_3D ( 'NONE', #1532, #3649, #2365 ) ;
#132 = FACE_OUTER_BOUND ( 'NONE', #3141, .T. ) ;
#133 = VECTOR ( 'NONE', #4055, 1000.000000000000000 ) ;
#134 = VERTEX_POINT ( 'NONE', #378 ) ;
#135 = ADVANCED_FACE ( 'NONE', ( #2075 ), #770, .F. ) ;
#136 = VECTOR ( 'NONE', #3633, 1000.000000000000000 ) ;
#137 = VECTOR ( 'NONE', #4688, 1000.000000000000000 ) ;
#138 = CARTESIAN_POINT ( 'NONE',  ( -1.516812141168289774, 3.000000000000000000, 1.632267260053192892 ) ) ;
#139 = CARTESIAN_POINT ( 'NONE',  ( -0.5014609352743845117, 3.000000000000000000, 1.044840171770848203 ) ) ;
#140 = VECTOR ( 'NONE', #2459, 1000.000000000000000 ) ;
#141 = ORIENTED_EDGE ( 'NONE', *, *, #3714, .T. ) ;
#142 = AXIS2_PLACEMENT_3D ( 'NONE', #1216, #3449, #4698 ) ;
#143 = EDGE_CURVE ( 'NONE', #3596, #367, #411, .T. ) ;
#144 = EDGE_CURVE ( 'NONE', #3173, #5230, #1579, .T. ) ;
#145 = COLOUR_RGB ( '',1.000000000000000000, 1.000000000000000000, 1.000000000000000000 ) ;
#146 = ORIENTED_EDGE ( 'NONE', *, *, #2980, .F. ) ;
#147 = DIRECTION ( 'NONE',  ( 0.000000000000000000, 0.000000000000000000, -1.000000000000000000 ) ) ;
#148 = EDGE_LOOP ( 'NONE', ( #1371, #3258, #2775, #5457 ) ) ;
#149 = EDGE_CURVE ( 'NONE', #5453, #598, #5511, .T. ) ;
#150 = CARTESIAN_POINT ( 'NONE',  ( -2.749999999999999112, 15.33380951166242845, 2.750000000000000000 ) ) ;
#151 = VECTOR ( 'NONE', #4697, 1000.000000000000000 ) ;
#152 = VERTEX_POINT ( 'NONE', #1634 ) ;
#153 = DIRECTION ( 'NONE',  ( -1.826113077463491364E-14, 0.000000000000000000, -1.000000000000000000 ) ) ;
#154 = LINE ( 'NONE', #4014, #3858 ) ;
#155 = DIRECTION ( 'NONE',  ( -3.381690884191656765E-15, 0.000000000000000000, -1.000000000000000000 ) ) ;
#156 = CARTESIAN_POINT ( 'NONE',  ( -1.516812141168289774, 2.800000000000000266, 0.9697686155562685872 ) ) ;
#157 = ORIENTED_EDGE ( 'NONE', *, *, #2605, .F. ) ;
#158 = CARTESIAN_POINT ( 'NONE',  ( -0.5014609352743845117, 3.000000000000000000, 1.475952984027617987 ) ) ;
#159 = CARTESIAN_POINT ( 'NONE',  ( -0.7182766836144757194, 3.000000000000000000, 0.1915760727600490099 ) ) ;
#160 = ORIENTED_EDGE ( 'NONE', *, *, #1688, .T. ) ;
#161 =( BOUNDED_CURVE ( )  B_SPLINE_CURVE ( 3, ( #4715, #2592, #5463, #4692 ),
 .UNSPECIFIED., .F., .T. ) 
 B_SPLINE_CURVE_WITH_KNOTS ( ( 4, 4 ),
 ( 3.141592653589793116, 6.283185307179586232 ),
 .UNSPECIFIED. ) 
 CURVE ( )  GEOMETRIC_REPRESENTATION_ITEM ( )  RATIONAL_B_SPLINE_CURVE ( ( 1.000000000000000000, 0.3333333333333333703, 0.3333333333333333703, 1.000000000000000000 ) ) 
 REPRESENTATION_ITEM ( '' )  );
#162 = CARTESIAN_POINT ( 'NONE',  ( -1.516812141168289774, 2.800000000000000266, 2.092599387584262782 ) ) ;
#163 = ORIENTED_EDGE ( 'NONE', *, *, #1035, .F. ) ;
#164 = DIRECTION ( 'NONE',  ( -0.4332787949177320797, 0.000000000000000000, 0.9012599435649173429 ) ) ;
#165 = PLANE ( 'NONE',  #1539 ) ;
#166 = ORIENTED_EDGE ( 'NONE', *, *, #2696, .T. ) ;
#167 = VERTEX_POINT ( 'NONE', #739 ) ;
#168 = EDGE_CURVE ( 'NONE', #1592, #4360, #4959, .T. ) ;
#169 = PLANE ( 'NONE',  #738 ) ;
#170 = VECTOR ( 'NONE', #2973, 1000.000000000000000 ) ;
#171 = ORIENTED_EDGE ( 'NONE', *, *, #694, .T. ) ;
#172 = EDGE_CURVE ( 'NONE', #926, #4244, #3271, .T. ) ;
#173 = CARTESIAN_POINT ( 'NONE',  ( -1.516812141168289774, 3.000000000000000000, 2.092599387584262782 ) ) ;
#174 = ORIENTED_EDGE ( 'NONE', *, *, #3425, .F. ) ;
#175 = LINE ( 'NONE', #3124, #3798 ) ;
#176 = EDGE_CURVE ( 'NONE', #265, #2898, #3814, .T. ) ;
#177 = CARTESIAN_POINT ( 'NONE',  ( -0.7030802731876463207, 2.800000000000000266, -1.892730562807720895 ) ) ;
#178 = CLOSED_SHELL ( 'NONE', ( #1276, #830, #1352, #2002, #4830, #2789, #423, #4241, #4364, #135, #1501, #4260, #4430, #2596, #1587, #2193, #2633, #3520, #5505, #716, #1288, #4117, #969, #3492, #962, #5219, #2974, #2568, #61, #831, #3982, #3363, #4797, #3672, #2626, #4381, #430, #3981, #57, #727, #4109, #278, #4824, #5502, #205, #308, #4672, #454, #1715, #4230, #3309, #643, #4967, #3085, #4011, #1180, #1618, #396, #2413, #3225, #5122, #2750, #3206, #4339, #4740, #2491, #5088, #2828, #94, #2819, #3037, #1197, #5311, #1256, #2410, #4058, #2865, #4860, #267 ) ) ;
#179 = LINE ( 'NONE', #1868, #3799 ) ;
#180 = FACE_OUTER_BOUND ( 'NONE', #4785, .T. ) ;
#181 = CARTESIAN_POINT ( 'NONE',  ( -3.299999999999998934, 1.574999999999999956, 1.500000000000000000 ) ) ;
#182 = VERTEX_POINT ( 'NONE', #1160 ) ;
#183 = CARTESIAN_POINT ( 'NONE',  ( 2.750000000000000000, 0.1499999999999999944, 2.750000000000000000 ) ) ;
#184 = CARTESIAN_POINT ( 'NONE',  ( -1.038298776779063237, 2.799999999999999822, -0.8482421487301301521 ) ) ;
#185 = VERTEX_POINT ( 'NONE', #318 ) ;
#186 = FACE_OUTER_BOUND ( 'NONE', #1150, .T. ) ;
#187 = VERTEX_POINT ( 'NONE', #3333 ) ;
#188 = CARTESIAN_POINT ( 'NONE',  ( -1.038298776779063237, 3.000000000000000000, -0.8482421487301301521 ) ) ;
#189 = CARTESIAN_POINT ( 'NONE',  ( -1.316527014741132540, 3.000000000000000000, 1.145459749854739417 ) ) ;
#190 = ORIENTED_EDGE ( 'NONE', *, *, #16, .F. ) ;
#191 = VERTEX_POINT ( 'NONE', #4644 ) ;
#192 = CIRCLE ( 'NONE', #5006, 0.08032613187426035362 ) ;
#193 = CARTESIAN_POINT ( 'NONE',  ( -0.5014609352743845117, 1.500624570026933613, 1.475952984027617987 ) ) ;
#194 = EDGE_LOOP ( 'NONE', ( #2432, #1713, #1433, #607 ) ) ;
#195 = DIRECTION ( 'NONE',  ( -3.470849084279738984E-15, -0.000000000000000000, -1.000000000000000000 ) ) ;
#196 = CIRCLE ( 'NONE', #1806, 0.1499999999999999667 ) ;
#197 = ADVANCED_FACE ( 'NONE', ( #2944 ), #828, .T. ) ;
#198 = VERTEX_POINT ( 'NONE', #5389 ) ;
#199 = DIRECTION ( 'NONE',  ( -2.998074750722990778E-15, 0.000000000000000000, -1.000000000000000000 ) ) ;
#200 = CARTESIAN_POINT ( 'NONE',  ( -3.625000000000000000, 1.574999999999999512, -1.500000000000000000 ) ) ;
#201 = DIRECTION ( 'NONE',  ( -0.000000000000000000, 1.000000000000000000, -0.000000000000000000 ) ) ;
#202 = LINE ( 'NONE', #1895, #5223 ) ;
#203 = EDGE_CURVE ( 'NONE', #5273, #3262, #1222, .T. ) ;
#204 = VERTEX_POINT ( 'NONE', #1695 ) ;
#205 = ADVANCED_FACE ( 'NONE', ( #3302 ), #1897, .F. ) ;
#206 = CARTESIAN_POINT ( 'NONE',  ( 3.299999999999999822, 2.999999999999999112, 2.750000000000000000 ) ) ;
#207 = CARTESIAN_POINT ( 'NONE',  ( -1.297897403435395836, 3.000000000000000000, 0.5285146380913131603 ) ) ;
#208 = EDGE_LOOP ( 'NONE', ( #4250, #4827, #4468, #4724 ) ) ;
#209 = EDGE_CURVE ( 'NONE', #3760, #3192, #2629, .T. ) ;
#210 = CARTESIAN_POINT ( 'NONE',  ( -0.5014609352743857329, 1.500624570026933613, 0.7578392147479485752 ) ) ;
#211 = VECTOR ( 'NONE', #2858, 1000.000000000000000 ) ;
#212 = VERTEX_POINT ( 'NONE', #3840 ) ;
#213 = CARTESIAN_POINT ( 'NONE',  ( -3.625000000000000000, 1.274999999999999689, -0.3499999999999999223 ) ) ;
#214 = LINE ( 'NONE', #2250, #1094 ) ;
#215 = ORIENTED_EDGE ( 'NONE', *, *, #305, .T. ) ;
#216 = VECTOR ( 'NONE', #4178, 1000.000000000000000 ) ;
#217 = VECTOR ( 'NONE', #3185, 1000.000000000000000 ) ;
#218 = LINE ( 'NONE', #1619, #2186 ) ;
#219 = ORIENTED_EDGE ( 'NONE', *, *, #2538, .T. ) ;
#220 = AXIS2_PLACEMENT_3D ( 'NONE', #3553, #1952, #599 ) ;
#221 = CIRCLE ( 'NONE', #506, 0.2500000000000000000 ) ;
#222 = CARTESIAN_POINT ( 'NONE',  ( -1.316527014741132540, 3.000000000000000000, 1.145459749854739417 ) ) ;
#223 = ORIENTED_EDGE ( 'NONE', *, *, #5187, .F. ) ;
#224 = CARTESIAN_POINT ( 'NONE',  ( -1.299999999999998712, 0.1999999999999999833, -1.799999999999999822 ) ) ;
#225 = VECTOR ( 'NONE', #4737, 1000.000000000000000 ) ;
#226 = FACE_OUTER_BOUND ( 'NONE', #3472, .T. ) ;
#227 = ORIENTED_EDGE ( 'NONE', *, *, #3488, .T. ) ;
#228 = CARTESIAN_POINT ( 'NONE',  ( -1.468516312424467563, 2.800000000000000266, 0.7499873769576669291 ) ) ;
#229 = DIRECTION ( 'NONE',  ( 0.000000000000000000, 0.000000000000000000, 1.000000000000000000 ) ) ;
#230 = CARTESIAN_POINT ( 'NONE',  ( -1.516812141168295991, 2.800000000000000266, 0.6402039898684432906 ) ) ;
#231 = CIRCLE ( 'NONE', #5496, 0.02948327115430995904 ) ;
#232 = FACE_BOUND ( 'NONE', #2506, .T. ) ;
#233 = ORIENTED_EDGE ( 'NONE', *, *, #5270, .F. ) ;
#234 = CARTESIAN_POINT ( 'NONE',  ( -1.516812141168289774, 2.800000000000000266, 0.1191178942344804093 ) ) ;
#235 = PLANE ( 'NONE',  #1742 ) ;
#236 = VECTOR ( 'NONE', #4819, 1000.000000000000000 ) ;
#237 = VECTOR ( 'NONE', #833, 1000.000000000000000 ) ;
#238 = EDGE_CURVE ( 'NONE', #5495, #4496, #1409, .T. ) ;
#239 = VERTEX_POINT ( 'NONE', #1385 ) ;
#240 = CARTESIAN_POINT ( 'NONE',  ( -2.499999999999999112, 2.949999999999999734, 2.349999999999999645 ) ) ;
#241 = ORIENTED_EDGE ( 'NONE', *, *, #2308, .T. ) ;
#242 = LINE ( 'NONE', #3189, #3240 ) ;
#243 = EDGE_CURVE ( 'NONE', #4480, #1839, #1338, .T. ) ;
#244 = ORIENTED_EDGE ( 'NONE', *, *, #4273, .T. ) ;
#245 = CARTESIAN_POINT ( 'NONE',  ( -1.299999999999998712, 0.1999999999999999833, -1.799999999999999822 ) ) ;
#246 = VERTEX_POINT ( 'NONE', #5113 ) ;
#247 = VERTEX_POINT ( 'NONE', #3004 ) ;
#248 = CARTESIAN_POINT ( 'NONE',  ( -1.452481564268882419, 2.799999999999999822, -0.5848344251992796394 ) ) ;
#249 = LINE ( 'NONE', #4956, #4908 ) ;
#250 = CARTESIAN_POINT ( 'NONE',  ( -0.5014609352743879533, 2.800000000000000266, 0.03252077422767544329 ) ) ;
#251 = DIRECTION ( 'NONE',  ( -0.9945218953682756213, 0.000000000000000000, -0.1045284632676308223 ) ) ;
#252 = PLANE ( 'NONE',  #3885 ) ;
#253 = ORIENTED_EDGE ( 'NONE', *, *, #1859, .F. ) ;
#254 = PLANE ( 'NONE',  #220 ) ;
#255 = CARTESIAN_POINT ( 'NONE',  ( -1.516812141168295991, 3.000000000000000000, 0.6402039898684432906 ) ) ;
#256 = LINE ( 'NONE', #4902, #3080 ) ;
#257 = DIRECTION ( 'NONE',  ( 0.000000000000000000, 0.000000000000000000, 1.000000000000000000 ) ) ;
#258 = ORIENTED_EDGE ( 'NONE', *, *, #1967, .F. ) ;
#259 = CARTESIAN_POINT ( 'NONE',  ( -1.452481564268863767, 1.500624570026933613, -2.145002150890730874 ) ) ;
#260 = CARTESIAN_POINT ( 'NONE',  ( -3.299999999999998934, 1.574999999999999512, 0.3500000000000000333 ) ) ;
#261 = B_SPLINE_CURVE_WITH_KNOTS ( 'NONE', 3,
 ( #44, #3742, #3328, #3886, #1083 ),
 .UNSPECIFIED., .F., .F.,
 ( 4, 1, 4 ),
 ( 0.000000000000000000, 0.5178533069596279459, 1.000000000000000000 ),
 .UNSPECIFIED. ) ;
#262 = VERTEX_POINT ( 'NONE', #3528 ) ;
#263 = EDGE_CURVE ( 'NONE', #4020, #312, #4778, .T. ) ;
#264 = CARTESIAN_POINT ( 'NONE',  ( -0.5014609352743845117, 1.500624570026933613, 1.475952984027617987 ) ) ;
#265 = VERTEX_POINT ( 'NONE', #2212 ) ;
#266 =( LENGTH_UNIT ( ) NAMED_UNIT ( * ) SI_UNIT ( .MILLI., .METRE. ) );
#267 = ADVANCED_FACE ( 'NONE', ( #1359 ), #2185, .T. ) ;
#268 = ORIENTED_EDGE ( 'NONE', *, *, #2538, .F. ) ;
#269 = EDGE_CURVE ( 'NONE', #4480, #4438, #467, .T. ) ;
#270 = DIRECTION ( 'NONE',  ( 0.000000000000000000, -3.614007241618349264E-16, -1.000000000000000000 ) ) ;
#271 = EDGE_LOOP ( 'NONE', ( #1178, #456, #2178, #2353, #2226, #1979, #795, #4199, #2532, #93 ) ) ;
#272 = EDGE_LOOP ( 'NONE', ( #4143, #3865, #5245, #146 ) ) ;
#273 = DIRECTION ( 'NONE',  ( 0.000000000000000000, -1.000000000000000000, 0.000000000000000000 ) ) ;
#274 = EDGE_CURVE ( 'NONE', #152, #1199, #3456, .T. ) ;
#275 = CARTESIAN_POINT ( 'NONE',  ( -1.516812141168289774, 1.500624570026933613, 0.1191178942344804093 ) ) ;
#276 = ORIENTED_EDGE ( 'NONE', *, *, #620, .T. ) ;
#277 = DIRECTION ( 'NONE',  ( 0.000000000000000000, -3.771137991253928573E-16, -1.000000000000000000 ) ) ;
#278 = ADVANCED_FACE ( 'NONE', ( #4305 ), #3892, .F. ) ;
#279 = CARTESIAN_POINT ( 'NONE',  ( -1.516812141168289774, 2.799999999999999822, 1.321377513534234049 ) ) ;
#280 = ORIENTED_EDGE ( 'NONE', *, *, #997, .T. ) ;
#281 = FACE_OUTER_BOUND ( 'NONE', #1457, .T. ) ;
#282 =( NAMED_UNIT ( * ) PLANE_ANGLE_UNIT ( ) SI_UNIT ( $, .RADIAN. ) );
#283 = DIRECTION ( 'NONE',  ( 0.000000000000000000, 1.000000000000000000, 0.000000000000000000 ) ) ;
#284 = PRESENTATION_LAYER_ASSIGNMENT (  '', '', ( #3502 ) ) ;
#285 = DIRECTION ( 'NONE',  ( 0.000000000000000000, 3.614007241618349264E-16, 1.000000000000000000 ) ) ;
#286 = DIRECTION ( 'NONE',  ( -0.9012599435649172319, -0.000000000000000000, -0.4332787949177322462 ) ) ;
#287 = ORIENTED_EDGE ( 'NONE', *, *, #3866, .F. ) ;
#288 = CARTESIAN_POINT ( 'NONE',  ( -1.516812141168289774, 2.800000000000000266, 0.9697686155562685872 ) ) ;
#289 = CARTESIAN_POINT ( 'NONE',  ( -0.5014609352743963910, 2.799999999999999822, -1.795802496286066807 ) ) ;
#290 = EDGE_LOOP ( 'NONE', ( #714, #934, #5181, #4026 ) ) ;
#291 = CARTESIAN_POINT ( 'NONE',  ( -1.516812141168301542, 1.500624570026933613, -1.574359523006807482 ) ) ;
#292 = VERTEX_POINT ( 'NONE', #51 ) ;
#293 =( LENGTH_UNIT ( ) NAMED_UNIT ( * ) SI_UNIT ( .MILLI., .METRE. ) );
#294 = EDGE_LOOP ( 'NONE', ( #4713, #2983, #4111, #632 ) ) ;
#295 = EDGE_CURVE ( 'NONE', #913, #1348, #1719, .T. ) ;
#296 = AXIS2_PLACEMENT_3D ( 'NONE', #2767, #1935, #1556 ) ;
#297 = PRODUCT_DEFINITION ( 'UNKNOWN', '', #3931, #4395 ) ;
#298 = CARTESIAN_POINT ( 'NONE',  ( -1.471289618912914543, 1.500624570026933613, -1.993890021871697060 ) ) ;
#299 = EDGE_LOOP ( 'NONE', ( #2457, #518, #2119, #2505, #2845, #871, #1522, #536, #3160, #930 ) ) ;
#300 = ORIENTED_EDGE ( 'NONE', *, *, #3512, .F. ) ;
#301 = DIRECTION ( 'NONE',  ( -0.000000000000000000, 1.000000000000000000, -0.000000000000000000 ) ) ;
#302 = CARTESIAN_POINT ( 'NONE',  ( -2.749999999999999112, 2.999999999999999112, -3.299999999999999822 ) ) ;
#303 = VECTOR ( 'NONE', #2266, 1000.000000000000000 ) ;
#304 = CIRCLE ( 'NONE', #4485, 0.5500000000000001554 ) ;
#305 = EDGE_CURVE ( 'NONE', #3564, #5242, #2301, .T. ) ;
#306 = CARTESIAN_POINT ( 'NONE',  ( -3.375000000000000444, 1.324999999999999512, -0.3499999999999999223 ) ) ;
#307 = PLANE ( 'NONE',  #3169 ) ;
#308 = ADVANCED_FACE ( 'NONE', ( #4353 ), #4753, .F. ) ;
#309 = VECTOR ( 'NONE', #1327, 1000.000000000000000 ) ;
#310 = VECTOR ( 'NONE', #3715, 1000.000000000000000 ) ;
#311 = CARTESIAN_POINT ( 'NONE',  ( -0.5014609352743845117, 2.799999999999999822, 1.475952984027617987 ) ) ;
#312 = VERTEX_POINT ( 'NONE', #3914 ) ;
#313 = DIRECTION ( 'NONE',  ( 0.000000000000000000, -0.000000000000000000, 1.000000000000000000 ) ) ;
#314 = CARTESIAN_POINT ( 'NONE',  ( -0.5014609352743887305, 3.000000000000000000, -0.2356347705948078353 ) ) ;
#315 = CARTESIAN_POINT ( 'NONE',  ( -0.5014609352743816251, 3.000000000000000000, 2.195704662467916179 ) ) ;
#316 = EDGE_CURVE ( 'NONE', #1453, #3879, #2653, .T. ) ;
#317 = VECTOR ( 'NONE', #885, 1000.000000000000000 ) ;
#318 = CARTESIAN_POINT ( 'NONE',  ( -0.5014609352743816251, 3.000000000000000000, 2.195704662467916179 ) ) ;
#319 = CARTESIAN_POINT ( 'NONE',  ( -1.516812141168289774, 2.800000000000000266, 1.321377513534234049 ) ) ;
#320 = ORIENTED_EDGE ( 'NONE', *, *, #5189, .T. ) ;
#321 = CARTESIAN_POINT ( 'NONE',  ( -2.499999999999999112, 3.000000000000000000, 2.499999999999999556 ) ) ;
#322 = DIRECTION ( 'NONE',  ( 0.000000000000000000, 0.000000000000000000, 1.000000000000000000 ) ) ;
#323 = CARTESIAN_POINT ( 'NONE',  ( -0.5014609352743845117, 2.799999999999999822, 1.738984972074796298 ) ) ;
#324 = CARTESIAN_POINT ( 'NONE',  ( 1.299999999999999600, 0.1999999999999999833, -1.799999999999999600 ) ) ;
#325 = ORIENTED_EDGE ( 'NONE', *, *, #2723, .F. ) ;
#326 = VECTOR ( 'NONE', #3940, 1000.000000000000000 ) ;
#327 = CARTESIAN_POINT ( 'NONE',  ( -1.299999999999998712, 0.1499999999999999944, -1.799999999999999822 ) ) ;
#328 = DIRECTION ( 'NONE',  ( 0.000000000000000000, 0.000000000000000000, 1.000000000000000000 ) ) ;
#329 = ORIENTED_EDGE ( 'NONE', *, *, #5092, .T. ) ;
#330 = FILL_AREA_STYLE_COLOUR ( '', #4593 ) ;
#331 = VECTOR ( 'NONE', #2313, 1000.000000000000000 ) ;
#332 = ORIENTED_EDGE ( 'NONE', *, *, #2899, .F. ) ;
#333 = UNCERTAINTY_MEASURE_WITH_UNIT (LENGTH_MEASURE( 1.000000000000000082E-05 ), #1436, 'distance_accuracy_value', 'NONE');
#334 = CARTESIAN_POINT ( 'NONE',  ( -0.5014609352743845117, 2.799999999999999822, 1.044840171770848203 ) ) ;
#335 = EDGE_LOOP ( 'NONE', ( #4383, #1044, #4564, #3101 ) ) ;
#336 = ORIENTED_EDGE ( 'NONE', *, *, #1173, .F. ) ;
#337 = CARTESIAN_POINT ( 'NONE',  ( -2.749999999999999112, 15.33380951166242845, -3.299999999999999822 ) ) ;
#338 = LINE ( 'NONE', #1595, #2611 ) ;
#339 = CARTESIAN_POINT ( 'NONE',  ( -3.299999999999998934, 0.1999999999999999833, -1.799999999999999822 ) ) ;
#340 = DIRECTION ( 'NONE',  ( -1.000000000000000000, -0.000000000000000000, -0.000000000000000000 ) ) ;
#341 = EDGE_CURVE ( 'NONE', #926, #2838, #5195, .T. ) ;
#342 = FACE_OUTER_BOUND ( 'NONE', #2572, .T. ) ;
#343 = ORIENTED_EDGE ( 'NONE', *, *, #3237, .F. ) ;
#344 = LINE ( 'NONE', #374, #2355 ) ;
#345 = DIRECTION ( 'NONE',  ( 0.000000000000000000, 1.000000000000000000, 0.000000000000000000 ) ) ;
#346 = FACE_OUTER_BOUND ( 'NONE', #194, .T. ) ;
#347 = EDGE_CURVE ( 'NONE', #4496, #1502, #4255, .T. ) ;
#348 = DIRECTION ( 'NONE',  ( -6.409502211720184684E-15, 0.000000000000000000, -1.000000000000000000 ) ) ;
#349 = EDGE_CURVE ( 'NONE', #3652, #1016, #1045, .T. ) ;
#350 = CARTESIAN_POINT ( 'NONE',  ( -1.385209111706662277, 2.800000000000000266, 1.491006993288285454 ) ) ;
#351 = ORIENTED_EDGE ( 'NONE', *, *, #4331, .F. ) ;
#352 = CARTESIAN_POINT ( 'NONE',  ( -1.516812141168289774, 2.800000000000000266, 1.632267260053192892 ) ) ;
#353 = PLANE ( 'NONE',  #3711 ) ;
#354 = CARTESIAN_POINT ( 'NONE',  ( -1.514674049439726389, 2.800000000000000266, 1.417784605377300444 ) ) ;
#355 = ORIENTED_EDGE ( 'NONE', *, *, #4247, .T. ) ;
#356 = LINE ( 'NONE', #2439, #3005 ) ;
#357 = EDGE_CURVE ( 'NONE', #1560, #560, #1888, .T. ) ;
#358 = CARTESIAN_POINT ( 'NONE',  ( -0.5014609352743887305, 3.000000000000000000, -0.2356347705948078353 ) ) ;
#359 = VERTEX_POINT ( 'NONE', #1431 ) ;
#360 = EDGE_LOOP ( 'NONE', ( #813, #557, #398, #473 ) ) ;
#361 = PRESENTATION_STYLE_ASSIGNMENT (( #1677 ) ) ;
#362 = DIRECTION ( 'NONE',  ( 0.000000000000000000, -1.000000000000000000, 1.376764663473656710E-16 ) ) ;
#363 = CLOSED_SHELL ( 'NONE', ( #2282, #3105, #3108, #1580, #5214, #2305, #4903, #3281, #3359, #2090 ) ) ;
#364 = VERTEX_POINT ( 'NONE', #2702 ) ;
#365 = DIRECTION ( 'NONE',  ( -1.000000000000000000, 0.000000000000000000, 0.000000000000000000 ) ) ;
#366 = ORIENTED_EDGE ( 'NONE', *, *, #4804, .F. ) ;
#367 = VERTEX_POINT ( 'NONE', #2728 ) ;
#368 = FACE_OUTER_BOUND ( 'NONE', #4285, .T. ) ;
#369 = DIRECTION ( 'NONE',  ( 0.9012599435649200075, -0.000000000000000000, 0.4332787949177262510 ) ) ;
#370 = DIRECTION ( 'NONE',  ( 0.4332787949176226117, 0.000000000000000000, -0.9012599435649698565 ) ) ;
#371 = CARTESIAN_POINT ( 'NONE',  ( 0.000000000000000000, 0.1999999999999999833, 0.000000000000000000 ) ) ;
#372 = CARTESIAN_POINT ( 'NONE',  ( -2.749999999999999112, 15.33380951166242845, 3.299999999999999822 ) ) ;
#373 = VERTEX_POINT ( 'NONE', #2258 ) ;
#374 = CARTESIAN_POINT ( 'NONE',  ( -0.5014609352743816251, 2.799999999999999822, 2.195704662467916179 ) ) ;
#375 = FACE_OUTER_BOUND ( 'NONE', #1589, .T. ) ;
#376 = LINE ( 'NONE', #769, #3963 ) ;
#377 = EDGE_CURVE ( 'NONE', #32, #1022, #4870, .T. ) ;
#378 = CARTESIAN_POINT ( 'NONE',  ( -1.516812141168301542, 3.000000000000000000, -1.114027395475791771 ) ) ;
#379 = FACE_OUTER_BOUND ( 'NONE', #3469, .T. ) ;
#380 = ORIENTED_EDGE ( 'NONE', *, *, #3019, .F. ) ;
#381 = DIRECTION ( 'NONE',  ( -1.000000000000000000, 0.000000000000000000, -0.000000000000000000 ) ) ;
#382 = DIRECTION ( 'NONE',  ( 3.114203467859944772E-15, 0.000000000000000000, 1.000000000000000000 ) ) ;
#383 = CARTESIAN_POINT ( 'NONE',  ( -1.297897403435392061, 3.000000000000000000, 1.655276126151046245 ) ) ;
#384 = FACE_BOUND ( 'NONE', #4320, .T. ) ;
#385 = ORIENTED_EDGE ( 'NONE', *, *, #883, .T. ) ;
#386 = EDGE_CURVE ( 'NONE', #1096, #2967, #4431, .T. ) ;
#387 = CARTESIAN_POINT ( 'NONE',  ( -2.499999999999999112, 2.949999999999999734, 2.499999999999999556 ) ) ;
#388 = EDGE_CURVE ( 'NONE', #212, #191, #619, .T. ) ;
#389 = AXIS2_PLACEMENT_3D ( 'NONE', #3117, #4863, #1060 ) ;
#390 = FILL_AREA_STYLE_COLOUR ( '', #2989 ) ;
#391 = ORIENTED_EDGE ( 'NONE', *, *, #3946, .F. ) ;
#392 = VERTEX_POINT ( 'NONE', #3229 ) ;
#393 = FILL_AREA_STYLE ('',( #1200 ) ) ;
#394 = CARTESIAN_POINT ( 'NONE',  ( -0.7203756730072949921, 3.000000000000000000, 0.5952898833847928284 ) ) ;
#395 = ORIENTED_EDGE ( 'NONE', *, *, #3550, .T. ) ;
#396 = ADVANCED_FACE ( 'NONE', ( #2287 ), #1863, .F. ) ;
#397 = DIRECTION ( 'NONE',  ( -1.000000000000000000, 0.000000000000000000, 0.000000000000000000 ) ) ;
#398 = ORIENTED_EDGE ( 'NONE', *, *, #940, .T. ) ;
#399 = ORIENTED_EDGE ( 'NONE', *, *, #2655, .T. ) ;
#400 = DIRECTION ( 'NONE',  ( 0.000000000000000000, -0.000000000000000000, -1.000000000000000000 ) ) ;
#401 = PLANE ( 'NONE',  #4465 ) ;
#402 = VECTOR ( 'NONE', #646, 1000.000000000000000 ) ;
#403 = CYLINDRICAL_SURFACE ( 'NONE', #2330, 0.02948327115431846959 ) ;
#404 = CARTESIAN_POINT ( 'NONE',  ( -1.297897403435402275, 3.000000000000000000, -1.551350656909007419 ) ) ;
#405 = AXIS2_PLACEMENT_3D ( 'NONE', #1588, #4979, #2324 ) ;
#406 = ORIENTED_EDGE ( 'NONE', *, *, #4893, .F. ) ;
#407 = MECHANICAL_DESIGN_GEOMETRIC_PRESENTATION_REPRESENTATION (  '', ( #1831 ), #869 ) ;
#408 = CARTESIAN_POINT ( 'NONE',  ( -0.5014609352743857329, 1.500624570026933613, 0.7578392147479485752 ) ) ;
#409 = DIRECTION ( 'NONE',  ( 0.000000000000000000, 0.000000000000000000, 1.000000000000000000 ) ) ;
#410 = FACE_BOUND ( 'NONE', #5191, .T. ) ;
#411 = LINE ( 'NONE', #2877, #1429 ) ;
#412 = VECTOR ( 'NONE', #3538, 1000.000000000000000 ) ;
#413 =( NAMED_UNIT ( * ) SI_UNIT ( $, .STERADIAN. ) SOLID_ANGLE_UNIT ( ) );
#414 = CARTESIAN_POINT ( 'NONE',  ( -0.5014609352743879533, 2.799999999999999822, 0.03252077422767544329 ) ) ;
#415 = CARTESIAN_POINT ( 'NONE',  ( -1.316527014741132540, 2.799999999999999822, 1.145459749854739417 ) ) ;
#416 = CARTESIAN_POINT ( 'NONE',  ( -0.7203756730072896630, 2.799999999999999822, 2.189686299379240975 ) ) ;
#417 = VECTOR ( 'NONE', #709, 1000.000000000000114 ) ;
#418 = AXIS2_PLACEMENT_3D ( 'NONE', #3230, #2398, #2780 ) ;
#419 = DIRECTION ( 'NONE',  ( -0.000000000000000000, 1.000000000000000000, -0.000000000000000000 ) ) ;
#420 = VERTEX_POINT ( 'NONE', #1921 ) ;
#421 = ORIENTED_EDGE ( 'NONE', *, *, #1471, .T. ) ;
#422 = DIRECTION ( 'NONE',  ( 0.000000000000000000, -1.000000000000000000, 0.000000000000000000 ) ) ;
#423 = ADVANCED_FACE ( 'NONE', ( #4066 ), #5347, .T. ) ;
#424 = CARTESIAN_POINT ( 'NONE',  ( 7.013307099422956270, 1.574999999999999512, -1.500000000000000000 ) ) ;
#425 = VERTEX_POINT ( 'NONE', #3626 ) ;
#426 = EDGE_CURVE ( 'NONE', #4048, #5338, #3987, .T. ) ;
#427 = VECTOR ( 'NONE', #4783, 1000.000000000000000 ) ;
#428 = CARTESIAN_POINT ( 'NONE',  ( -0.7030802731876463207, 3.000000000000000000, -1.892730562807720895 ) ) ;
#429 = ORIENTED_EDGE ( 'NONE', *, *, #2380, .F. ) ;
#430 = ADVANCED_FACE ( 'NONE', ( #1456 ), #4009, .F. ) ;
#431 = VERTEX_POINT ( 'NONE', #5265 ) ;
#432 = LINE ( 'NONE', #4634, #2092 ) ;
#433 = DIRECTION ( 'NONE',  ( -1.000000000000000000, 0.000000000000000000, 0.000000000000000000 ) ) ;
#434 = DIRECTION ( 'NONE',  ( -1.000000000000000000, 0.000000000000000000, 0.000000000000000000 ) ) ;
#435 = VERTEX_POINT ( 'NONE', #173 ) ;
#436 = CARTESIAN_POINT ( 'NONE',  ( -0.7984134529684051573, 2.800000000000000266, 1.763261945908604522 ) ) ;
#437 = DIRECTION ( 'NONE',  ( -2.409338161078898687E-16, 0.000000000000000000, 1.000000000000000000 ) ) ;
#438 = CARTESIAN_POINT ( 'NONE',  ( -1.436486009294025479, 3.000000000000000000, -2.066284746951504214 ) ) ;
#439 = CARTESIAN_POINT ( 'NONE',  ( -0.5014609352743933934, 3.000000000000000000, -1.467641810985258921 ) ) ;
#440 = CARTESIAN_POINT ( 'NONE',  ( -1.169744343679354204, 1.500624570026933613, -2.069316255566389096 ) ) ;
#441 = DIRECTION ( 'NONE',  ( -0.000000000000000000, -1.000000000000000000, -0.000000000000000000 ) ) ;
#442 = FACE_BOUND ( 'NONE', #120, .T. ) ;
#443 = CARTESIAN_POINT ( 'NONE',  ( -1.297897403435402275, 2.799999999999999822, -1.114027395475791771 ) ) ;
#444 = DIRECTION ( 'NONE',  ( -0.4332787949176226672, 0.000000000000000000, 0.9012599435649698565 ) ) ;
#445 = ORIENTED_EDGE ( 'NONE', *, *, #274, .F. ) ;
#446 = ORIENTED_EDGE ( 'NONE', *, *, #626, .F. ) ;
#447 = FACE_OUTER_BOUND ( 'NONE', #2473, .T. ) ;
#448 =( BOUNDED_SURFACE ( )  B_SPLINE_SURFACE ( 3, 1, ( 
 ( #5243, #3147 ),
 ( #4846, #3176 ),
 ( #1485, #2335 ),
 ( #2369, #1069 ) ),
 .UNSPECIFIED., .F., .F., .T. ) 
 B_SPLINE_SURFACE_WITH_KNOTS ( ( 4, 4 ),
 ( 2, 2 ),
 ( 0.000000000000000000, 1.000000000000000000 ),
 ( 0.000000000000000000, 1.000000000000000000 ),
 .UNSPECIFIED. ) 
 GEOMETRIC_REPRESENTATION_ITEM ( )  RATIONAL_B_SPLINE_SURFACE ( (
 ( 1.000000000000000000, 1.000000000000000000),
 ( 0.3333333333333333703, 0.3333333333333333703),
 ( 0.3333333333333333703, 0.3333333333333333703),
 ( 1.000000000000000000, 1.000000000000000000) ) ) 
 REPRESENTATION_ITEM ( '' )  SURFACE ( )  );
#449 = DIRECTION ( 'NONE',  ( 0.000000000000000000, 0.000000000000000000, 1.000000000000000000 ) ) ;
#450 = ORIENTED_EDGE ( 'NONE', *, *, #617, .T. ) ;
#451 = EDGE_CURVE ( 'NONE', #5242, #2438, #676, .T. ) ;
#452 = DIRECTION ( 'NONE',  ( 0.000000000000000000, 0.000000000000000000, 1.000000000000000000 ) ) ;
#453 = ORIENTED_EDGE ( 'NONE', *, *, #5377, .T. ) ;
#454 = ADVANCED_FACE ( 'NONE', ( #1015 ), #448, .T. ) ;
#455 = VECTOR ( 'NONE', #2035, 1000.000000000000000 ) ;
#456 = ORIENTED_EDGE ( 'NONE', *, *, #4787, .T. ) ;
#457 = CARTESIAN_POINT ( 'NONE',  ( -3.625000000000000000, 1.324999999999999512, -1.500000000000000000 ) ) ;
#458 = EDGE_CURVE ( 'NONE', #4536, #1948, #4036, .T. ) ;
#459 = DIRECTION ( 'NONE',  ( -0.000000000000000000, 1.000000000000000000, -0.000000000000000000 ) ) ;
#460 = EDGE_CURVE ( 'NONE', #1530, #2838, #991, .T. ) ;
#461 = DIRECTION ( 'NONE',  ( 0.000000000000000000, -1.000000000000000000, 0.000000000000000000 ) ) ;
#462 = ORIENTED_EDGE ( 'NONE', *, *, #1970, .F. ) ;
#463 = CARTESIAN_POINT ( 'NONE',  ( -1.471289618912902997, 2.799999999999999822, -0.4337222961802887911 ) ) ;
#464 = DIRECTION ( 'NONE',  ( -0.000000000000000000, 1.000000000000000000, -0.000000000000000000 ) ) ;
#465 = CARTESIAN_POINT ( 'NONE',  ( -0.5014609352743844006, 2.800000000000000266, -0.8905711100454063445 ) ) ;
#466 = EDGE_CURVE ( 'NONE', #4556, #1530, #1093, .T. ) ;
#467 = LINE ( 'NONE', #1308, #9 ) ;
#468 = CARTESIAN_POINT ( 'NONE',  ( -0.5014609352743877313, 3.000000000000000000, 0.1266462391690636735 ) ) ;
#469 = CARTESIAN_POINT ( 'NONE',  ( -0.5908192790393135274, 2.800000000000000266, 0.7940774812577900965 ) ) ;
#470 = LINE ( 'NONE', #1639, #4128 ) ;
#471 = CARTESIAN_POINT ( 'NONE',  ( -1.436486009294027477, 2.799999999999999822, -0.5061170212600999418 ) ) ;
#472 = PLANE ( 'NONE',  #3145 ) ;
#473 = ORIENTED_EDGE ( 'NONE', *, *, #316, .F. ) ;
#474 = ORIENTED_EDGE ( 'NONE', *, *, #4722, .F. ) ;
#475 = AXIS2_PLACEMENT_3D ( 'NONE', #4701, #3477, #1274 ) ;
#476 = PLANE ( 'NONE',  #2540 ) ;
#477 = LINE ( 'NONE', #843, #1117 ) ;
#478 = ORIENTED_EDGE ( 'NONE', *, *, #2943, .T. ) ;
#479 = VECTOR ( 'NONE', #437, 1000.000000000000000 ) ;
#480 = CARTESIAN_POINT ( 'NONE',  ( 2.750000000000000000, 2.999999999999999112, -3.299999999999999822 ) ) ;
#481 = ORIENTED_EDGE ( 'NONE', *, *, #3869, .F. ) ;
#482 = ORIENTED_EDGE ( 'NONE', *, *, #2116, .F. ) ;
#483 = DIRECTION ( 'NONE',  ( 0.000000000000000000, 1.000000000000000000, 0.000000000000000000 ) ) ;
#484 = ADVANCED_FACE ( 'NONE', ( #5378 ), #1125, .F. ) ;
#485 = CARTESIAN_POINT ( 'NONE',  ( -1.297897403435390506, 3.000000000000000000, 2.092599387584261894 ) ) ;
#486 = ORIENTED_EDGE ( 'NONE', *, *, #4574, .F. ) ;
#487 = CARTESIAN_POINT ( 'NONE',  ( -1.316527014741132540, 2.800000000000000266, 1.145459749854739417 ) ) ;
#488 = EDGE_CURVE ( 'NONE', #980, #4103, #2202, .T. ) ;
#489 = DIRECTION ( 'NONE',  ( 0.000000000000000000, -1.000000000000000000, 0.000000000000000000 ) ) ;
#490 = CARTESIAN_POINT ( 'NONE',  ( -0.5014609352743844006, 3.000000000000000000, -0.8905711100454063445 ) ) ;
#491 = EDGE_LOOP ( 'NONE', ( #5037, #4716, #2744, #5341 ) ) ;
#492 = ADVANCED_FACE ( 'NONE', ( #2484 ), #1626, .F. ) ;
#493 = DIRECTION ( 'NONE',  ( 0.000000000000000000, 1.000000000000000000, 0.000000000000000000 ) ) ;
#494 = STYLED_ITEM ( 'NONE', ( #3345 ), #3220 ) ;
#495 = B_SPLINE_CURVE_WITH_KNOTS ( 'NONE', 3,
 ( #2715, #159, #1347, #1804, #4382 ),
 .UNSPECIFIED., .F., .F.,
 ( 4, 1, 4 ),
 ( 0.000000000000000000, 0.5079839729424890926, 1.000000000000000000 ),
 .UNSPECIFIED. ) ;
#496 = CARTESIAN_POINT ( 'NONE',  ( -0.5014609352743845117, 3.000000000000000000, 1.475952984027617987 ) ) ;
#497 = ADVANCED_FACE ( 'NONE', ( #1212 ), #307, .F. ) ;
#498 = CARTESIAN_POINT ( 'NONE',  ( -1.316527014741132540, 3.000000000000000000, 1.145459749854739417 ) ) ;
#499 = LINE ( 'NONE', #5176, #2895 ) ;
#500 = VECTOR ( 'NONE', #4345, 1000.000000000000000 ) ;
#501 = AXIS2_PLACEMENT_3D ( 'NONE', #4362, #4763, #3134 ) ;
#502 = CARTESIAN_POINT ( 'NONE',  ( -0.6946163660038592313, 2.799999999999999822, 1.278669713583197254 ) ) ;
#503 = SURFACE_STYLE_FILL_AREA ( #3060 ) ;
#504 = VECTOR ( 'NONE', #382, 1000.000000000000000 ) ;
#505 = EDGE_LOOP ( 'NONE', ( #509, #1234, #421, #2364 ) ) ;
#506 = AXIS2_PLACEMENT_3D ( 'NONE', #710, #4097, #283 ) ;
#507 = CARTESIAN_POINT ( 'NONE',  ( -3.299999999999998934, 0.2000000000000000944, 1.499999999999999556 ) ) ;
#508 = CARTESIAN_POINT ( 'NONE',  ( -1.516812141168301542, 2.799999999999999822, -1.114027395475791771 ) ) ;
#509 = ORIENTED_EDGE ( 'NONE', *, *, #1940, .F. ) ;
#510 = FACE_OUTER_BOUND ( 'NONE', #335, .T. ) ;
#511 = ORIENTED_EDGE ( 'NONE', *, *, #1893, .T. ) ;
#512 = ORIENTED_EDGE ( 'NONE', *, *, #4309, .T. ) ;
#513 = DIRECTION ( 'NONE',  ( 3.641745613669981759E-15, -0.000000000000000000, 1.000000000000000000 ) ) ;
#514 = VECTOR ( 'NONE', #3632, 1000.000000000000000 ) ;
#515 = ORIENTED_EDGE ( 'NONE', *, *, #883, .F. ) ;
#516 = VECTOR ( 'NONE', #1361, 1000.000000000000114 ) ;
#517 = LINE ( 'NONE', #3499, #2323 ) ;
#518 = ORIENTED_EDGE ( 'NONE', *, *, #3923, .F. ) ;
#519 = CARTESIAN_POINT ( 'NONE',  ( -0.5014609352743845117, 2.799999999999999822, 1.475952984027617987 ) ) ;
#520 = EDGE_CURVE ( 'NONE', #1233, #182, #4214, .T. ) ;
#521 = DIRECTION ( 'NONE',  ( 1.000000000000000000, 0.000000000000000000, 0.000000000000000000 ) ) ;
#522 = FACE_OUTER_BOUND ( 'NONE', #4432, .T. ) ;
#523 = CARTESIAN_POINT ( 'NONE',  ( -1.297897403435389396, 2.800000000000000266, 2.137002076460955191 ) ) ;
#524 = DIRECTION ( 'NONE',  ( 0.000000000000000000, 0.000000000000000000, 1.000000000000000000 ) ) ;
#525 = B_SPLINE_SURFACE_WITH_KNOTS ( 'NONE', 3, 1, ( 
 ( #279, #1487 ),
 ( #3682, #3177 ),
 ( #2337, #4038 ),
 ( #2872, #733 ),
 ( #1155, #4119 ),
 ( #311, #3627 ) ),
 .UNSPECIFIED., .F., .F., .F.,
 ( 4, 1, 1, 4 ),
 ( 2, 2 ),
 ( 0.000000000000000000, 0.4712518714902709793, 0.5712518714902710126, 1.000000000000000000 ),
 ( 0.000000000000000000, 1.000000000000000000 ),
 .UNSPECIFIED. ) ;
#526 = CARTESIAN_POINT ( 'NONE',  ( -0.5014609352743857329, 2.799999999999999822, 0.7578392147479485752 ) ) ;
#527 = EDGE_CURVE ( 'NONE', #1358, #5041, #1571, .T. ) ;
#528 = CARTESIAN_POINT ( 'NONE',  ( -0.7203756730073016534, 3.000000000000000000, -1.016940483680808693 ) ) ;
#529 = ORIENTED_EDGE ( 'NONE', *, *, #1406, .T. ) ;
#530 = LINE ( 'NONE', #4710, #5137 ) ;
#531 = CARTESIAN_POINT ( 'NONE',  ( -0.9937122082903553366, 2.999999999999999556, 0.1571504165241333906 ) ) ;
#532 = ORIENTED_EDGE ( 'NONE', *, *, #5061, .T. ) ;
#533 = ADVANCED_FACE ( 'NONE', ( #5021 ), #762, .F. ) ;
#534 = DIRECTION ( 'NONE',  ( -0.9945218953682494201, -0.000000000000000000, -0.1045284632678824543 ) ) ;
#535 = ORIENTED_EDGE ( 'NONE', *, *, #4563, .F. ) ;
#536 = ORIENTED_EDGE ( 'NONE', *, *, #3951, .F. ) ;
#537 = DIRECTION ( 'NONE',  ( -2.998074750722990384E-15, 0.000000000000000000, -1.000000000000000000 ) ) ;
#538 = ORIENTED_EDGE ( 'NONE', *, *, #3611, .F. ) ;
#539 = FACE_OUTER_BOUND ( 'NONE', #846, .T. ) ;
#540 = VECTOR ( 'NONE', #2066, 1000.000000000000000 ) ;
#541 = ORIENTED_EDGE ( 'NONE', *, *, #2424, .T. ) ;
#542 = DIRECTION ( 'NONE',  ( 3.114203467859944772E-15, 0.000000000000000000, 1.000000000000000000 ) ) ;
#543 = CARTESIAN_POINT ( 'NONE',  ( -0.5908192790393135274, 3.000000000000000444, 0.7940774812577900965 ) ) ;
#544 = FILL_AREA_STYLE_COLOUR ( '', #117 ) ;
#545 = CARTESIAN_POINT ( 'NONE',  ( -0.5014609352743845117, 2.799999999999999822, 1.044840171770848203 ) ) ;
#546 = EDGE_CURVE ( 'NONE', #4210, #1767, #3680, .T. ) ;
#547 = CARTESIAN_POINT ( 'NONE',  ( -1.016216495080847881, 2.800000000000000266, 2.156888680854823104 ) ) ;
#548 = PRESENTATION_STYLE_ASSIGNMENT (( #4759 ) ) ;
#549 = ORIENTED_EDGE ( 'NONE', *, *, #203, .T. ) ;
#550 = PLANE ( 'NONE',  #1363 ) ;
#551 = CARTESIAN_POINT ( 'NONE',  ( -1.297897403435396724, 2.999999999999999556, 0.1801529508449854489 ) ) ;
#552 = EDGE_CURVE ( 'NONE', #4326, #3615, #4415, .T. ) ;
#553 = EDGE_LOOP ( 'NONE', ( #2957, #4818, #4845, #2389 ) ) ;
#554 = EDGE_CURVE ( 'NONE', #4078, #2662, #2454, .T. ) ;
#555 =( BOUNDED_CURVE ( )  B_SPLINE_CURVE ( 3, ( #916, #2603, #1745, #2579 ),
 .UNSPECIFIED., .F., .F. ) 
 B_SPLINE_CURVE_WITH_KNOTS ( ( 4, 4 ),
 ( 3.141592653589793116, 6.283185307179586232 ),
 .UNSPECIFIED. ) 
 CURVE ( )  GEOMETRIC_REPRESENTATION_ITEM ( )  RATIONAL_B_SPLINE_CURVE ( ( 1.000000000000000000, 0.3333333333333333703, 0.3333333333333333703, 1.000000000000000000 ) ) 
 REPRESENTATION_ITEM ( '' )  );
#556 = DIRECTION ( 'NONE',  ( 0.9012599435649699675, -0.000000000000000000, 0.4332787949176226672 ) ) ;
#557 = ORIENTED_EDGE ( 'NONE', *, *, #3272, .T. ) ;
#558 = CARTESIAN_POINT ( 'NONE',  ( -0.5908192790393135274, 2.800000000000000266, 0.7940774812577900965 ) ) ;
#559 = ADVANCED_FACE ( 'NONE', ( #3773 ), #403, .F. ) ;
#560 = VERTEX_POINT ( 'NONE', #5504 ) ;
#561 = AXIS2_PLACEMENT_3D ( 'NONE', #3269, #1219, #5413 ) ;
#562 = UNCERTAINTY_MEASURE_WITH_UNIT (LENGTH_MEASURE( 1.000000000000000082E-05 ), #4939, 'distance_accuracy_value', 'NONE');
#563 = VERTEX_POINT ( 'NONE', #3362 ) ;
#564 = CARTESIAN_POINT ( 'NONE',  ( -1.491781087391496730, 2.799999999999999822, -0.01283240866452028603 ) ) ;
#565 = EDGE_LOOP ( 'NONE', ( #3960, #5253, #2649, #4749 ) ) ;
#566 = CARTESIAN_POINT ( 'NONE',  ( -0.7030802731876376610, 3.000000000000000000, -0.3325628371164328634 ) ) ;
#567 = EDGE_LOOP ( 'NONE', ( #583, #3823, #788, #478, #2587, #325, #2251, #4503 ) ) ;
#568 = CARTESIAN_POINT ( 'NONE',  ( -1.316527014741132540, 3.000000000000000000, 1.145459749854739417 ) ) ;
#569 = SURFACE_SIDE_STYLE ('',( #3532 ) ) ;
#570 = DIRECTION ( 'NONE',  ( -0.000000000000000000, 1.000000000000000000, -3.614007241618349264E-16 ) ) ;
#571 = VECTOR ( 'NONE', #199, 1000.000000000000000 ) ;
#572 = CARTESIAN_POINT ( 'NONE',  ( -1.316527014741132540, 2.799999999999999822, 1.145459749854739417 ) ) ;
#573 = CARTESIAN_POINT ( 'NONE',  ( -0.9937122082903553366, 3.000000000000000000, 0.1571504165241333906 ) ) ;
#574 = ORIENTED_EDGE ( 'NONE', *, *, #4888, .T. ) ;
#575 = CARTESIAN_POINT ( 'NONE',  ( -0.7203756730072913284, 1.500624570026933613, 1.715976105977029986 ) ) ;
#576 = VECTOR ( 'NONE', #2411, 1000.000000000000000 ) ;
#577 = LINE ( 'NONE', #1783, #412 ) ;
#578 = AXIS2_PLACEMENT_3D ( 'NONE', #424, #1704, #362 ) ;
#579 = ORIENTED_EDGE ( 'NONE', *, *, #377, .F. ) ;
#580 = AXIS2_PLACEMENT_3D ( 'NONE', #1982, #3687, #5386 ) ;
#581 = EDGE_CURVE ( 'NONE', #3675, #3030, #5055, .T. ) ;
#582 = DIRECTION ( 'NONE',  ( 0.000000000000000000, 1.000000000000000000, -1.376764663473656710E-16 ) ) ;
#583 = ORIENTED_EDGE ( 'NONE', *, *, #5167, .F. ) ;
#584 = CARTESIAN_POINT ( 'NONE',  ( -0.5014609352743844006, 3.000000000000000000, -0.8905711100454063445 ) ) ;
#585 = LINE ( 'NONE', #3516, #2971 ) ;
#586 = EDGE_CURVE ( 'NONE', #36, #2959, #5408, .T. ) ;
#587 = VERTEX_POINT ( 'NONE', #3295 ) ;
#588 = AXIS2_PLACEMENT_3D ( 'NONE', #737, #3397, #4995 ) ;
#589 = EDGE_CURVE ( 'NONE', #2807, #4792, #2397, .T. ) ;
#590 = AXIS2_PLACEMENT_3D ( 'NONE', #4388, #4507, #4027 ) ;
#591 = ORIENTED_EDGE ( 'NONE', *, *, #649, .F. ) ;
#592 = DIRECTION ( 'NONE',  ( 0.000000000000000000, 1.000000000000000000, 0.000000000000000000 ) ) ;
#593 = VECTOR ( 'NONE', #5107, 1000.000000000000000 ) ;
#594 = ORIENTED_EDGE ( 'NONE', *, *, #86, .F. ) ;
#595 = DIRECTION ( 'NONE',  ( 3.641745613669981759E-15, -0.000000000000000000, 1.000000000000000000 ) ) ;
#596 = EDGE_CURVE ( 'NONE', #1376, #1702, #2936, .T. ) ;
#597 =( GEOMETRIC_REPRESENTATION_CONTEXT ( 3 ) GLOBAL_UNCERTAINTY_ASSIGNED_CONTEXT ( ( #4059 ) ) GLOBAL_UNIT_ASSIGNED_CONTEXT ( ( #623, #3916, #4801 ) ) REPRESENTATION_CONTEXT ( 'NONE', 'WORKASPACE' ) );
#598 = VERTEX_POINT ( 'NONE', #3263 ) ;
#599 = DIRECTION ( 'NONE',  ( -3.366885710356519130E-15, 0.000000000000000000, -1.000000000000000000 ) ) ;
#600 = FILL_AREA_STYLE ('',( #3577 ) ) ;
#601 = DIRECTION ( 'NONE',  ( -0.000000000000000000, 1.000000000000000000, -0.000000000000000000 ) ) ;
#602 = CARTESIAN_POINT ( 'NONE',  ( -0.7203756730073019865, 3.000000000000000000, -1.072873669122563545 ) ) ;
#603 = CARTESIAN_POINT ( 'NONE',  ( -1.297897403435396724, 3.000000000000000000, 0.1801529508449854489 ) ) ;
#604 = ORIENTED_EDGE ( 'NONE', *, *, #2660, .T. ) ;
#605 = PLANE ( 'NONE',  #2515 ) ;
#606 = CARTESIAN_POINT ( 'NONE',  ( -1.297897403435392061, 2.799999999999999822, 1.655276126151046245 ) ) ;
#607 = ORIENTED_EDGE ( 'NONE', *, *, #2124, .T. ) ;
#608 = DIRECTION ( 'NONE',  ( 0.000000000000000000, -1.000000000000000000, 3.771137991253930052E-16 ) ) ;
#609 = ORIENTED_EDGE ( 'NONE', *, *, #1173, .T. ) ;
#610 = DIRECTION ( 'NONE',  ( 0.9012599435649172319, -0.000000000000000000, 0.4332787949177320797 ) ) ;
#611 = CARTESIAN_POINT ( 'NONE',  ( -0.6946163660038592313, 3.000000000000000000, 1.278669713583197254 ) ) ;
#612 = ORIENTED_EDGE ( 'NONE', *, *, #1496, .F. ) ;
#613 = ADVANCED_FACE ( 'NONE', ( #2516 ), #2101, .T. ) ;
#614 = EDGE_LOOP ( 'NONE', ( #4397, #5401, #5396, #2412, #1259, #3208, #3623, #3989 ) ) ;
#615 =( BOUNDED_SURFACE ( )  B_SPLINE_SURFACE ( 3, 1, ( 
 ( #944, #4224 ),
 ( #469, #5175 ),
 ( #3870, #27 ),
 ( #415, #498 ) ),
 .UNSPECIFIED., .F., .F., .T. ) 
 B_SPLINE_SURFACE_WITH_KNOTS ( ( 4, 4 ),
 ( 2, 2 ),
 ( 0.000000000000000000, 1.000000000000000000 ),
 ( 0.000000000000000000, 1.000000000000000000 ),
 .UNSPECIFIED. ) 
 GEOMETRIC_REPRESENTATION_ITEM ( )  RATIONAL_B_SPLINE_SURFACE ( (
 ( 1.000000000000000000, 1.000000000000000000),
 ( 0.3333333333333333703, 0.3333333333333333703),
 ( 0.3333333333333333703, 0.3333333333333333703),
 ( 1.000000000000000000, 1.000000000000000000) ) ) 
 REPRESENTATION_ITEM ( '' )  SURFACE ( )  );
#616 = DIRECTION ( 'NONE',  ( 1.000000000000000000, 0.000000000000000000, 0.000000000000000000 ) ) ;
#617 = EDGE_CURVE ( 'NONE', #3874, #1560, #2129, .T. ) ;
#618 = ORIENTED_EDGE ( 'NONE', *, *, #2717, .F. ) ;
#619 = LINE ( 'NONE', #3200, #4721 ) ;
#620 = EDGE_CURVE ( 'NONE', #3143, #4953, #1711, .T. ) ;
#621 = ORIENTED_EDGE ( 'NONE', *, *, #305, .F. ) ;
#622 = CARTESIAN_POINT ( 'NONE',  ( -1.516812141168295991, 3.000000000000000000, 1.321377513534234049 ) ) ;
#623 =( LENGTH_UNIT ( ) NAMED_UNIT ( * ) SI_UNIT ( .MILLI., .METRE. ) );
#624 = CLOSED_SHELL ( 'NONE', ( #2913, #497, #3901, #484, #3244, #4777, #4081, #1756, #2152, #5244, #533, #4570, #877, #3731, #1686 ) ) ;
#625 = PLANE ( 'NONE',  #4590 ) ;
#626 = EDGE_CURVE ( 'NONE', #1016, #3764, #1331, .T. ) ;
#627 = DIRECTION ( 'NONE',  ( 0.000000000000000000, -0.000000000000000000, -1.000000000000000000 ) ) ;
#628 = PLANE ( 'NONE',  #5379 ) ;
#629 = ORIENTED_EDGE ( 'NONE', *, *, #388, .F. ) ;
#630 = DIRECTION ( 'NONE',  ( 0.000000000000000000, 0.000000000000000000, 1.000000000000000000 ) ) ;
#631 = DIRECTION ( 'NONE',  ( -0.000000000000000000, 1.000000000000000000, -0.000000000000000000 ) ) ;
#632 = ORIENTED_EDGE ( 'NONE', *, *, #2308, .F. ) ;
#633 = CARTESIAN_POINT ( 'NONE',  ( -1.516812141168289774, 1.500624570026933613, 2.092599387584262782 ) ) ;
#634 = ORIENTED_EDGE ( 'NONE', *, *, #3494, .F. ) ;
#635 = CARTESIAN_POINT ( 'NONE',  ( -0.5014609352743933934, 3.000000000000000000, -1.010922120592137485 ) ) ;
#636 = CARTESIAN_POINT ( 'NONE',  ( -3.625000000000000000, 0.2500000000000000000, -1.499999999999999778 ) ) ;
#637 = ORIENTED_EDGE ( 'NONE', *, *, #143, .T. ) ;
#638 = EDGE_LOOP ( 'NONE', ( #4232, #1252, #5057, #3050 ) ) ;
#639 = DIRECTION ( 'NONE',  ( -0.000000000000000000, -0.000000000000000000, 1.000000000000000000 ) ) ;
#640 = VERTEX_POINT ( 'NONE', #3024 ) ;
#641 = DIRECTION ( 'NONE',  ( 0.9914039068058888571, 0.000000000000000000, -0.1308368968220369466 ) ) ;
#642 = VECTOR ( 'NONE', #3710, 1000.000000000000000 ) ;
#643 = ADVANCED_FACE ( 'NONE', ( #5140 ), #2547, .F. ) ;
#644 = DIRECTION ( 'NONE',  ( 0.000000000000000000, 0.000000000000000000, 1.000000000000000000 ) ) ;
#645 = VERTEX_POINT ( 'NONE', #3447 ) ;
#646 = DIRECTION ( 'NONE',  ( 0.000000000000000000, 1.000000000000000000, 0.000000000000000000 ) ) ;
#647 = DIRECTION ( 'NONE',  ( 2.489831028333173869E-15, -0.000000000000000000, 1.000000000000000000 ) ) ;
#648 = LINE ( 'NONE', #2342, #865 ) ;
#649 = EDGE_CURVE ( 'NONE', #4567, #4809, #884, .T. ) ;
#650 = B_SPLINE_CURVE_WITH_KNOTS ( 'NONE', 3,
 ( #602, #2403, #651, #1548, #4409 ),
 .UNSPECIFIED., .F., .F.,
 ( 4, 1, 4 ),
 ( 0.000000000000000000, 0.4877098465503992841, 1.000000000000000000 ),
 .UNSPECIFIED. ) ;
#651 = CARTESIAN_POINT ( 'NONE',  ( -1.016206775675822627, 3.000000000000000000, -1.055552320380675591 ) ) ;
#652 = EDGE_CURVE ( 'NONE', #2147, #1771, #2153, .T. ) ;
#653 = EDGE_LOOP ( 'NONE', ( #5458, #4068, #4627, #4603 ) ) ;
#654 = LINE ( 'NONE', #5274, #5488 ) ;
#655 = DIRECTION ( 'NONE',  ( 0.000000000000000000, -1.000000000000000000, 0.000000000000000000 ) ) ;
#656 = VECTOR ( 'NONE', #4040, 1000.000000000000000 ) ;
#657 = ORIENTED_EDGE ( 'NONE', *, *, #3720, .T. ) ;
#658 = ADVANCED_BREP_SHAPE_REPRESENTATION ( 'CSAB0730-100M', ( #3267, #3287, #3298, #1428, #3220, #5116, #5149, #1365, #5138, #1421, #3856 ), #3666 ) ;
#659 = CARTESIAN_POINT ( 'NONE',  ( -1.297897403435392061, 2.799999999999999822, 1.655276126151046245 ) ) ;
#660 = STYLED_ITEM ( 'NONE', ( #976 ), #3267 ) ;
#661 = VERTEX_POINT ( 'NONE', #4295 ) ;
#662 = CARTESIAN_POINT ( 'NONE',  ( -3.624999999999999556, 0.2000000000000000944, -1.499999999999999556 ) ) ;
#663 = B_SPLINE_SURFACE_WITH_KNOTS ( 'NONE', 3, 1, ( 
 ( #4025, #2740 ),
 ( #3252, #1081 ),
 ( #4469, #4861 ),
 ( #3614, #4505 ),
 ( #2830, #748 ) ),
 .UNSPECIFIED., .F., .F., .F.,
 ( 4, 1, 4 ),
 ( 2, 2 ),
 ( 0.000000000000000000, 0.5143794237790315638, 1.000000000000000000 ),
 ( 0.000000000000000000, 1.000000000000000000 ),
 .UNSPECIFIED. ) ;
#664 = EDGE_LOOP ( 'NONE', ( #3442, #1333, #3088, #171 ) ) ;
#665 = VECTOR ( 'NONE', #3303, 1000.000000000000000 ) ;
#666 = VECTOR ( 'NONE', #4598, 1000.000000000000000 ) ;
#667 = UNCERTAINTY_MEASURE_WITH_UNIT (LENGTH_MEASURE( 1.000000000000000082E-05 ), #3937, 'distance_accuracy_value', 'NONE');
#668 = CARTESIAN_POINT ( 'NONE',  ( -0.9860331462041350692, 2.999999999999999556, -0.05298655982231909034 ) ) ;
#669 = VERTEX_POINT ( 'NONE', #4248 ) ;
#670 = ORIENTED_EDGE ( 'NONE', *, *, #29, .T. ) ;
#671 = CARTESIAN_POINT ( 'NONE',  ( 2.024999999999999467, 0.2000000000000000944, -1.499999999999999556 ) ) ;
#672 = AXIS2_PLACEMENT_3D ( 'NONE', #1608, #2498, #3751 ) ;
#673 = VECTOR ( 'NONE', #2876, 1000.000000000000227 ) ;
#674 = CARTESIAN_POINT ( 'NONE',  ( -3.299999999999998934, 2.999999999999999112, 2.750000000000000000 ) ) ;
#675 = ORIENTED_EDGE ( 'NONE', *, *, #1442, .F. ) ;
#676 = LINE ( 'NONE', #5292, #2644 ) ;
#677 = AXIS2_PLACEMENT_3D ( 'NONE', #4379, #2737, #1466 ) ;
#678 = DIRECTION ( 'NONE',  ( 2.489831028333173869E-15, 0.000000000000000000, 1.000000000000000000 ) ) ;
#679 = ORIENTED_EDGE ( 'NONE', *, *, #1841, .T. ) ;
#680 = CARTESIAN_POINT ( 'NONE',  ( -1.420324101705678466, 3.000000000000000444, 1.630051982180146908 ) ) ;
#681 = FACE_OUTER_BOUND ( 'NONE', #4789, .T. ) ;
#682 = CARTESIAN_POINT ( 'NONE',  ( -0.7030802731876463207, 3.000000000000000000, -1.892730562807720895 ) ) ;
#683 = EDGE_CURVE ( 'NONE', #4106, #2604, #2995, .T. ) ;
#684 = CARTESIAN_POINT ( 'NONE',  ( -1.299999999999999156, 0.1499999999999999944, 1.800000000000000266 ) ) ;
#685 = VECTOR ( 'NONE', #459, 1000.000000000000000 ) ;
#686 = B_SPLINE_CURVE_WITH_KNOTS ( 'NONE', 3,
 ( #4511, #2416, #5368, #5432, #3320 ),
 .UNSPECIFIED., .F., .F.,
 ( 4, 1, 4 ),
 ( 0.000000000000000000, 0.4877098465503992841, 1.000000000000000000 ),
 .UNSPECIFIED. ) ;
#687 = DIRECTION ( 'NONE',  ( 0.000000000000000000, 0.000000000000000000, 1.000000000000000000 ) ) ;
#688 = ORIENTED_EDGE ( 'NONE', *, *, #3234, .T. ) ;
#689 = DIRECTION ( 'NONE',  ( 0.000000000000000000, 0.000000000000000000, 1.000000000000000000 ) ) ;
#690 = LINE ( 'NONE', #259, #2464 ) ;
#691 = LINE ( 'NONE', #324, #1027 ) ;
#692 = ORIENTED_EDGE ( 'NONE', *, *, #2905, .T. ) ;
#693 = EDGE_CURVE ( 'NONE', #4438, #3564, #2964, .T. ) ;
#694 = EDGE_CURVE ( 'NONE', #4008, #2438, #2574, .T. ) ;
#695 = CARTESIAN_POINT ( 'NONE',  ( 3.375000000000000444, 0.000000000000000000, -1.499999999999999778 ) ) ;
#696 = EDGE_LOOP ( 'NONE', ( #2519, #1137 ) ) ;
#697 =( NAMED_UNIT ( * ) PLANE_ANGLE_UNIT ( ) SI_UNIT ( $, .RADIAN. ) );
#698 = ORIENTED_EDGE ( 'NONE', *, *, #4896, .F. ) ;
#699 = ADVANCED_FACE ( 'NONE', ( #3857 ), #4625, .T. ) ;
#700 = CARTESIAN_POINT ( 'NONE',  ( -1.491781087391496730, 2.999999999999999556, -0.01283240866452028603 ) ) ;
#701 = ORIENTED_EDGE ( 'NONE', *, *, #3398, .F. ) ;
#702 = ORIENTED_EDGE ( 'NONE', *, *, #4888, .F. ) ;
#703 = PLANE ( 'NONE',  #2259 ) ;
#704 = LINE ( 'NONE', #275, #1884 ) ;
#705 = PLANE ( 'NONE',  #2945 ) ;
#706 = CARTESIAN_POINT ( 'NONE',  ( -2.499999999999999112, 2.525735931288071168, 2.499999999999999556 ) ) ;
#707 = DIRECTION ( 'NONE',  ( -0.9945218953682494201, 0.000000000000000000, -0.1045284632678824543 ) ) ;
#708 = ORIENTED_EDGE ( 'NONE', *, *, #3722, .T. ) ;
#709 = DIRECTION ( 'NONE',  ( 0.9012599435649172319, -0.000000000000000000, 0.4332787949177320797 ) ) ;
#710 = CARTESIAN_POINT ( 'NONE',  ( -3.375000000000000444, 1.324999999999999956, 1.500000000000000000 ) ) ;
#711 = DIRECTION ( 'NONE',  ( 0.000000000000000000, 0.000000000000000000, -1.000000000000000000 ) ) ;
#712 = VECTOR ( 'NONE', #5345, 1000.000000000000000 ) ;
#713 = CARTESIAN_POINT ( 'NONE',  ( -1.016206775675822627, 3.000000000000000000, -1.055552320380675591 ) ) ;
#714 = ORIENTED_EDGE ( 'NONE', *, *, #4752, .F. ) ;
#715 = SURFACE_STYLE_USAGE ( .BOTH. , #4526 ) ;
#716 = ADVANCED_FACE ( 'NONE', ( #1231 ), #4557, .T. ) ;
#717 = CARTESIAN_POINT ( 'NONE',  ( -1.297897403435402275, 3.000000000000000000, -1.551350656909007419 ) ) ;
#718 = CARTESIAN_POINT ( 'NONE',  ( -1.516812141168301542, 2.800000000000000266, -1.574359523006807482 ) ) ;
#719 = ORIENTED_EDGE ( 'NONE', *, *, #5377, .F. ) ;
#720 = DIRECTION ( 'NONE',  ( 1.000000000000000000, 0.000000000000000000, -3.145650417479524790E-15 ) ) ;
#721 = EDGE_LOOP ( 'NONE', ( #395, #2590, #2487, #2674 ) ) ;
#722 = EDGE_CURVE ( 'NONE', #1519, #392, #810, .T. ) ;
#723 = ORIENTED_EDGE ( 'NONE', *, *, #1938, .F. ) ;
#724 = EDGE_CURVE ( 'NONE', #3138, #3143, #1196, .T. ) ;
#725 = FACE_OUTER_BOUND ( 'NONE', #3310, .T. ) ;
#726 = ORIENTED_EDGE ( 'NONE', *, *, #875, .F. ) ;
#727 = ADVANCED_FACE ( 'NONE', ( #779 ), #1168, .F. ) ;
#728 = EDGE_LOOP ( 'NONE', ( #3178, #1759, #4821, #3903 ) ) ;
#729 = CARTESIAN_POINT ( 'NONE',  ( -0.5014609352743845117, 3.000000000000000000, 1.738984972074796298 ) ) ;
#730 = LINE ( 'NONE', #758, #3219 ) ;
#731 = DIRECTION ( 'NONE',  ( -0.9945218953682756213, 0.000000000000000000, -0.1045284632676308084 ) ) ;
#732 = CARTESIAN_POINT ( 'NONE',  ( -1.165886843973362508, 1.500624570026933613, -2.040086425358579536 ) ) ;
#733 = CARTESIAN_POINT ( 'NONE',  ( -0.7960181702406859960, 3.000000000000000000, 1.605980824523348005 ) ) ;
#734 = ORIENTED_EDGE ( 'NONE', *, *, #3985, .T. ) ;
#735 = CARTESIAN_POINT ( 'NONE',  ( -7.013307099422956270, 1.574999999999999512, -0.3500000000000000333 ) ) ;
#736 = LINE ( 'NONE', #4963, #4104 ) ;
#737 = CARTESIAN_POINT ( 'NONE',  ( -3.375000000000000444, 1.324999999999999512, -1.500000000000000000 ) ) ;
#738 = AXIS2_PLACEMENT_3D ( 'NONE', #193, #1381, #147 ) ;
#739 = CARTESIAN_POINT ( 'NONE',  ( -1.452481564268863767, 3.000000000000000000, -2.145002150890730874 ) ) ;
#740 = LINE ( 'NONE', #1872, #1561 ) ;
#741 = ORIENTED_EDGE ( 'NONE', *, *, #5079, .F. ) ;
#742 = CARTESIAN_POINT ( 'NONE',  ( -1.016216495080859872, 3.000000000000000444, -1.049738102205231893 ) ) ;
#743 = CARTESIAN_POINT ( 'NONE',  ( -0.7203756730073016534, 2.799999999999999822, -1.016940483680808693 ) ) ;
#744 = DIRECTION ( 'NONE',  ( 1.000000000000000000, 0.000000000000000000, -6.409502211720185473E-15 ) ) ;
#745 = CARTESIAN_POINT ( 'NONE',  ( -0.5014609352743844006, 2.799999999999999822, -0.8905711100454063445 ) ) ;
#746 = ORIENTED_EDGE ( 'NONE', *, *, #5222, .F. ) ;
#747 = DIRECTION ( 'NONE',  ( 0.000000000000000000, -1.000000000000000000, 1.376764663473656710E-16 ) ) ;
#748 = CARTESIAN_POINT ( 'NONE',  ( -1.516812141168289774, 3.000000000000000000, 0.1191178942344804093 ) ) ;
#749 = ORIENTED_EDGE ( 'NONE', *, *, #168, .T. ) ;
#750 = LINE ( 'NONE', #3762, #2109 ) ;
#751 = ORIENTED_EDGE ( 'NONE', *, *, #3866, .T. ) ;
#752 = EDGE_CURVE ( 'NONE', #292, #3596, #2886, .T. ) ;
#753 = AXIS2_PLACEMENT_3D ( 'NONE', #3444, #483, #5078 ) ;
#754 = DIRECTION ( 'NONE',  ( 0.000000000000000000, 1.000000000000000000, -3.614007241618349264E-16 ) ) ;
#755 = VERTEX_POINT ( 'NONE', #4200 ) ;
#756 = VERTEX_POINT ( 'NONE', #4170 ) ;
#757 = CARTESIAN_POINT ( 'NONE',  ( -0.5014609352743845117, 3.000000000000000000, 1.044840171770848203 ) ) ;
#758 = CARTESIAN_POINT ( 'NONE',  ( -0.5014609352743816251, 1.500624570026933613, 2.195704662467916179 ) ) ;
#759 = VECTOR ( 'NONE', #4225, 1000.000000000000000 ) ;
#760 = DIRECTION ( 'NONE',  ( -0.4332787949177321352, 0.000000000000000000, 0.9012599435649173429 ) ) ;
#761 = EDGE_CURVE ( 'NONE', #191, #2077, #1394, .T. ) ;
#762 = PLANE ( 'NONE',  #4151 ) ;
#763 = COLOUR_RGB ( '',1.000000000000000000, 1.000000000000000000, 1.000000000000000000 ) ;
#764 = VECTOR ( 'NONE', #3864, 1000.000000000000000 ) ;
#765 = DIRECTION ( 'NONE',  ( -0.000000000000000000, -1.000000000000000000, -0.000000000000000000 ) ) ;
#766 = VERTEX_POINT ( 'NONE', #3404 ) ;
#767 = FACE_OUTER_BOUND ( 'NONE', #2254, .T. ) ;
#768 = CARTESIAN_POINT ( 'NONE',  ( -0.7030802731876385492, 3.000000000000000000, -0.5707348101209713809 ) ) ;
#769 = CARTESIAN_POINT ( 'NONE',  ( -0.5014609352743963910, 2.799999999999999822, -2.338251699174043186 ) ) ;
#770 = PLANE ( 'NONE',  #3041 ) ;
#771 = CARTESIAN_POINT ( 'NONE',  ( -0.5014609352743845117, 3.000000000000000000, 1.738984972074796298 ) ) ;
#772 = EDGE_LOOP ( 'NONE', ( #2229, #320, #1812, #2387 ) ) ;
#773 = CARTESIAN_POINT ( 'NONE',  ( -1.299999999999998712, 0.1999999999999999833, -1.799999999999999822 ) ) ;
#774 = CARTESIAN_POINT ( 'NONE',  ( -0.7030802731876385492, 1.500624570026933613, -0.5707348101209713809 ) ) ;
#775 = DIRECTION ( 'NONE',  ( 1.000000000000000000, -0.000000000000000000, -0.000000000000000000 ) ) ;
#776 = DIRECTION ( 'NONE',  ( 0.000000000000000000, 0.000000000000000000, -1.000000000000000000 ) ) ;
#777 = EDGE_LOOP ( 'NONE', ( #4404, #1887, #2739, #3014, #723, #2859, #4262, #5125 ) ) ;
#778 = VECTOR ( 'NONE', #3415, 1000.000000000000000 ) ;
#779 = FACE_OUTER_BOUND ( 'NONE', #721, .T. ) ;
#780 = CARTESIAN_POINT ( 'NONE',  ( -1.471289618912902997, 3.000000000000000000, -0.4337222961802887911 ) ) ;
#781 = VERTEX_POINT ( 'NONE', #4229 ) ;
#782 = ORIENTED_EDGE ( 'NONE', *, *, #649, .T. ) ;
#783 = VECTOR ( 'NONE', #3483, 1000.000000000000000 ) ;
#784 = CARTESIAN_POINT ( 'NONE',  ( -1.297897403435395836, 3.000000000000000000, 0.5285146380913131603 ) ) ;
#785 = EDGE_LOOP ( 'NONE', ( #941, #1229, #2171, #227 ) ) ;
#786 = PLANE ( 'NONE',  #2445 ) ;
#787 = ORIENTED_EDGE ( 'NONE', *, *, #3354, .F. ) ;
#788 = ORIENTED_EDGE ( 'NONE', *, *, #1896, .F. ) ;
#789 = DIRECTION ( 'NONE',  ( -0.000000000000000000, -1.000000000000000000, -0.000000000000000000 ) ) ;
#790 = EDGE_CURVE ( 'NONE', #755, #4311, #356, .T. ) ;
#791 = LINE ( 'NONE', #5436, #2772 ) ;
#792 = DIRECTION ( 'NONE',  ( 0.1045284632676308223, 0.000000000000000000, -0.9945218953682757324 ) ) ;
#793 = CARTESIAN_POINT ( 'NONE',  ( -0.7203756730072949921, 2.800000000000000266, 0.5952898833847928284 ) ) ;
#794 = CARTESIAN_POINT ( 'NONE',  ( 3.375000000000000444, 1.574999999999999512, -0.3500000000000000333 ) ) ;
#795 = ORIENTED_EDGE ( 'NONE', *, *, #295, .T. ) ;
#796 = DIRECTION ( 'NONE',  ( -0.000000000000000000, 3.771137991253928573E-16, 1.000000000000000000 ) ) ;
#797 = ADVANCED_FACE ( 'NONE', ( #1641 ), #2471, .F. ) ;
#798 = DIRECTION ( 'NONE',  ( 0.000000000000000000, -1.000000000000000000, 0.000000000000000000 ) ) ;
#799 = CARTESIAN_POINT ( 'NONE',  ( -0.7030802731876385492, 2.799999999999999822, -0.5707348101209713809 ) ) ;
#800 = EDGE_CURVE ( 'NONE', #4653, #4401, #2052, .T. ) ;
#801 = CARTESIAN_POINT ( 'NONE',  ( -1.516812141168289774, 2.799999999999999822, 2.092599387584262782 ) ) ;
#802 = FACE_OUTER_BOUND ( 'NONE', #1853, .T. ) ;
#803 = ORIENTED_EDGE ( 'NONE', *, *, #3344, .T. ) ;
#804 = CARTESIAN_POINT ( 'NONE',  ( -0.7203756730072962133, 2.800000000000000266, 0.2410686557186573764 ) ) ;
#805 = LINE ( 'NONE', #414, #864 ) ;
#806 = EDGE_CURVE ( 'NONE', #2722, #2967, #2979, .T. ) ;
#807 = FACE_OUTER_BOUND ( 'NONE', #3546, .T. ) ;
#808 = CARTESIAN_POINT ( 'NONE',  ( -1.452481564268882419, 1.500624570026933613, -0.5848344251992796394 ) ) ;
#809 = ORIENTED_EDGE ( 'NONE', *, *, #683, .F. ) ;
#810 = LINE ( 'NONE', #5454, #1230 ) ;
#811 = DIRECTION ( 'NONE',  ( 0.000000000000000000, 0.000000000000000000, 1.000000000000000000 ) ) ;
#812 = VERTEX_POINT ( 'NONE', #4259 ) ;
#813 = ORIENTED_EDGE ( 'NONE', *, *, #2493, .F. ) ;
#814 = DIRECTION ( 'NONE',  ( 0.000000000000000000, 0.000000000000000000, 1.000000000000000000 ) ) ;
#815 = DIRECTION ( 'NONE',  ( -0.000000000000000000, 1.000000000000000000, -0.000000000000000000 ) ) ;
#816 = EDGE_LOOP ( 'NONE', ( #4961, #1957, #2667, #1899 ) ) ;
#817 = DIRECTION ( 'NONE',  ( -2.998074750722991173E-15, 0.000000000000000000, -1.000000000000000000 ) ) ;
#818 = VERTEX_POINT ( 'NONE', #443 ) ;
#819 = VERTEX_POINT ( 'NONE', #3343 ) ;
#820 = CARTESIAN_POINT ( 'NONE',  ( -1.297897403435390506, 2.799999999999999822, 2.092599387584261894 ) ) ;
#821 = DIRECTION ( 'NONE',  ( -0.9799725457018582109, -0.000000000000000000, 0.1991326434079039309 ) ) ;
#822 = DIRECTION ( 'NONE',  ( -0.000000000000000000, 1.000000000000000000, -0.000000000000000000 ) ) ;
#823 = LINE ( 'NONE', #852, #4403 ) ;
#824 = ORIENTED_EDGE ( 'NONE', *, *, #243, .F. ) ;
#825 = DIRECTION ( 'NONE',  ( 1.000000000000000000, 0.000000000000000000, -0.000000000000000000 ) ) ;
#826 = CARTESIAN_POINT ( 'NONE',  ( 3.299999999999999822, 0.1999999999999999833, -1.799999999999998934 ) ) ;
#827 = DIRECTION ( 'NONE',  ( -1.000000000000000000, 0.000000000000000000, 1.445602896647339656E-16 ) ) ;
#828 = PLANE ( 'NONE',  #4976 ) ;
#829 = CIRCLE ( 'NONE', #3126, 0.02948327115431846959 ) ;
#830 = ADVANCED_FACE ( 'NONE', ( #5425 ), #2141, .F. ) ;
#831 = ADVANCED_FACE ( 'NONE', ( #30 ), #3280, .T. ) ;
#832 = PLANE ( 'NONE',  #3948 ) ;
#833 = DIRECTION ( 'NONE',  ( -0.000000000000000000, 1.000000000000000000, -0.000000000000000000 ) ) ;
#834 = CARTESIAN_POINT ( 'NONE',  ( -0.7960181702406859960, 2.800000000000000266, 1.605980824523348005 ) ) ;
#835 = VECTOR ( 'NONE', #888, 1000.000000000000000 ) ;
#836 = CARTESIAN_POINT ( 'NONE',  ( -0.5014609352743879533, 2.799999999999999822, 0.03252077422767544329 ) ) ;
#837 = EDGE_CURVE ( 'NONE', #3072, #3549, #74, .T. ) ;
#838 = VECTOR ( 'NONE', #821, 1000.000000000000114 ) ;
#839 = FACE_OUTER_BOUND ( 'NONE', #2095, .T. ) ;
#840 = EDGE_LOOP ( 'NONE', ( #3768, #1701, #3662, #3121, #4024, #2938, #4795, #65, #351, #190 ) ) ;
#841 = ORIENTED_EDGE ( 'NONE', *, *, #1546, .T. ) ;
#842 = CARTESIAN_POINT ( 'NONE',  ( -7.013307099422956270, 1.274999999999999689, 0.3500000000000000333 ) ) ;
#843 = CARTESIAN_POINT ( 'NONE',  ( -0.5014609352743845117, 2.799999999999999822, 1.738984972074796298 ) ) ;
#844 = EDGE_LOOP ( 'NONE', ( #657, #2449, #2225, #3543, #1395, #1640, #4074, #2988 ) ) ;
#845 = CARTESIAN_POINT ( 'NONE',  ( -3.375000000000000444, 0.2500000000000000000, -1.499999999999999778 ) ) ;
#846 = EDGE_LOOP ( 'NONE', ( #4865, #2310, #1889, #4006 ) ) ;
#847 = ORIENTED_EDGE ( 'NONE', *, *, #5388, .T. ) ;
#848 = CARTESIAN_POINT ( 'NONE',  ( -0.5014609352743879533, 3.000000000000000000, 0.03252077422767544329 ) ) ;
#849 = DIRECTION ( 'NONE',  ( -0.000000000000000000, 1.000000000000000000, -0.000000000000000000 ) ) ;
#850 = AXIS2_PLACEMENT_3D ( 'NONE', #3896, #2608, #1387 ) ;
#851 = CARTESIAN_POINT ( 'NONE',  ( 3.625000000000000000, 0.2000000000000000944, 1.499999999999999556 ) ) ;
#852 = CARTESIAN_POINT ( 'NONE',  ( -1.297897403435402275, 1.500624570026933613, -1.551350656909007419 ) ) ;
#853 = VECTOR ( 'NONE', #4955, 1000.000000000000227 ) ;
#854 = ORIENTED_EDGE ( 'NONE', *, *, #5016, .T. ) ;
#855 = VECTOR ( 'NONE', #2359, 1000.000000000000000 ) ;
#856 = PLANE ( 'NONE',  #5023 ) ;
#857 = CARTESIAN_POINT ( 'NONE',  ( -0.5014609352743933934, 2.800000000000000266, -1.010922120592137485 ) ) ;
#858 = FACE_OUTER_BOUND ( 'NONE', #4768, .T. ) ;
#859 = LINE ( 'NONE', #2016, #5431 ) ;
#860 = CIRCLE ( 'NONE', #1655, 0.5500000000000001554 ) ;
#861 = DIRECTION ( 'NONE',  ( 0.9933818551354655080, 0.000000000000000000, 0.1148585647116543151 ) ) ;
#862 = CARTESIAN_POINT ( 'NONE',  ( 2.750000000000000000, 15.33380951166242845, -2.750000000000000000 ) ) ;
#863 = CARTESIAN_POINT ( 'NONE',  ( -0.7203756730072901071, 2.799999999999999822, 2.133753113937486567 ) ) ;
#864 = VECTOR ( 'NONE', #5064, 1000.000000000000000 ) ;
#865 = VECTOR ( 'NONE', #4490, 1000.000000000000000 ) ;
#866 = EDGE_CURVE ( 'NONE', #2261, #3652, #5487, .T. ) ;
#867 = CARTESIAN_POINT ( 'NONE',  ( -1.452481564268863767, 1.500624570026933613, -2.145002150890730874 ) ) ;
#868 = EDGE_CURVE ( 'NONE', #2061, #3891, #2217, .T. ) ;
#869 =( GEOMETRIC_REPRESENTATION_CONTEXT ( 3 ) GLOBAL_UNCERTAINTY_ASSIGNED_CONTEXT ( ( #1452 ) ) GLOBAL_UNIT_ASSIGNED_CONTEXT ( ( #4205, #1994, #1964 ) ) REPRESENTATION_CONTEXT ( 'NONE', 'WORKASPACE' ) );
#870 = DIRECTION ( 'NONE',  ( 1.000000000000000000, 0.000000000000000000, 0.000000000000000000 ) ) ;
#871 = ORIENTED_EDGE ( 'NONE', *, *, #4978, .F. ) ;
#872 = VERTEX_POINT ( 'NONE', #895 ) ;
#873 = DIRECTION ( 'NONE',  ( 0.000000000000000000, 0.000000000000000000, -1.000000000000000000 ) ) ;
#874 = CARTESIAN_POINT ( 'NONE',  ( -0.7203756730072913284, 1.500624570026933613, 1.715976105977029986 ) ) ;
#875 = EDGE_CURVE ( 'NONE', #1662, #4805, #2684, .T. ) ;
#876 = ORIENTED_EDGE ( 'NONE', *, *, #2124, .F. ) ;
#877 = ADVANCED_FACE ( 'NONE', ( #2659 ), #1342, .T. ) ;
#878 = AXIS2_PLACEMENT_3D ( 'NONE', #526, #5228, #4706 ) ;
#879 = PLANE ( 'NONE',  #2624 ) ;
#880 = ORIENTED_EDGE ( 'NONE', *, *, #4975, .F. ) ;
#881 = EDGE_LOOP ( 'NONE', ( #3521, #5109, #4632, #300 ) ) ;
#882 = LINE ( 'NONE', #3829, #5115 ) ;
#883 = EDGE_CURVE ( 'NONE', #1047, #5240, #4251, .T. ) ;
#884 = LINE ( 'NONE', #17, #593 ) ;
#885 = DIRECTION ( 'NONE',  ( -0.000000000000000000, -0.000000000000000000, -1.000000000000000000 ) ) ;
#886 = ORIENTED_EDGE ( 'NONE', *, *, #3193, .T. ) ;
#887 = CARTESIAN_POINT ( 'NONE',  ( -1.420324101705678466, 2.800000000000000266, 1.630051982180146464 ) ) ;
#888 = DIRECTION ( 'NONE',  ( -0.000000000000000000, 1.000000000000000000, -0.000000000000000000 ) ) ;
#889 = CARTESIAN_POINT ( 'NONE',  ( -1.516812141168301320, 3.000000000000000000, -1.017541098686655099 ) ) ;
#890 = CARTESIAN_POINT ( 'NONE',  ( -0.5025166106310917646, 2.799999999999999822, 0.8645148824455187730 ) ) ;
#891 = DIRECTION ( 'NONE',  ( 0.000000000000000000, 0.000000000000000000, 1.000000000000000000 ) ) ;
#892 = FACE_OUTER_BOUND ( 'NONE', #1963, .T. ) ;
#893 = CARTESIAN_POINT ( 'NONE',  ( -0.5014609352743726323, 3.000000000000000000, 2.316055673014647542 ) ) ;
#894 = VECTOR ( 'NONE', #4543, 1000.000000000000000 ) ;
#895 = CARTESIAN_POINT ( 'NONE',  ( -3.375000000000000444, 1.574999999999999512, -1.500000000000000000 ) ) ;
#896 = EDGE_CURVE ( 'NONE', #1729, #364, #3969, .T. ) ;
#897 = LINE ( 'NONE', #2504, #2539 ) ;
#898 = ORIENTED_EDGE ( 'NONE', *, *, #1250, .F. ) ;
#899 = ORIENTED_EDGE ( 'NONE', *, *, #5416, .T. ) ;
#900 = DIRECTION ( 'NONE',  ( 0.9933554313349571840, 0.000000000000000000, 0.1150868673539303111 ) ) ;
#901 = LINE ( 'NONE', #784, #2100 ) ;
#902 = VECTOR ( 'NONE', #1510, 1000.000000000000000 ) ;
#903 = ORIENTED_EDGE ( 'NONE', *, *, #2829, .F. ) ;
#904 = EDGE_CURVE ( 'NONE', #872, #431, #4803, .T. ) ;
#905 = LINE ( 'NONE', #70, #4135 ) ;
#906 = VERTEX_POINT ( 'NONE', #4734 ) ;
#907 = EDGE_LOOP ( 'NONE', ( #1646, #1237, #749, #1488, #4057, #2570, #355, #3647 ) ) ;
#908 = CARTESIAN_POINT ( 'NONE',  ( -0.7203756730072899961, 3.000000000000000000, 2.133753113937486123 ) ) ;
#909 = EDGE_CURVE ( 'NONE', #1616, #4315, #3059, .T. ) ;
#910 = DIRECTION ( 'NONE',  ( -0.000000000000000000, 1.224646799147352961E-16, 1.000000000000000000 ) ) ;
#911 = EDGE_CURVE ( 'NONE', #3061, #2890, #1585, .T. ) ;
#912 = DIRECTION ( 'NONE',  ( 0.1045284632676308501, 0.000000000000000000, -0.9945218953682757324 ) ) ;
#913 = VERTEX_POINT ( 'NONE', #2165 ) ;
#914 = DIRECTION ( 'NONE',  ( -0.000000000000000000, 0.000000000000000000, 1.000000000000000000 ) ) ;
#915 = DIRECTION ( 'NONE',  ( -0.1150868673539303111, 0.000000000000000000, 0.9933554313349571840 ) ) ;
#916 = CARTESIAN_POINT ( 'NONE',  ( -1.316527014741132540, 2.799999999999999822, 1.145459749854739417 ) ) ;
#917 = ORIENTED_EDGE ( 'NONE', *, *, #4535, .F. ) ;
#918 = CARTESIAN_POINT ( 'NONE',  ( 0.000000000000000000, 3.000000000000000000, 0.000000000000000000 ) ) ;
#919 = SHAPE_DEFINITION_REPRESENTATION ( #1374, #658 ) ;
#920 = DIRECTION ( 'NONE',  ( -0.000000000000000000, 1.000000000000000000, -0.000000000000000000 ) ) ;
#921 = SURFACE_STYLE_USAGE ( .BOTH. , #3897 ) ;
#922 = LINE ( 'NONE', #945, #3446 ) ;
#923 = VECTOR ( 'NONE', #4439, 1000.000000000000000 ) ;
#924 = DIRECTION ( 'NONE',  ( 0.000000000000000000, 1.000000000000000000, 0.000000000000000000 ) ) ;
#925 = LINE ( 'NONE', #1757, #303 ) ;
#926 = VERTEX_POINT ( 'NONE', #996 ) ;
#927 = MECHANICAL_DESIGN_GEOMETRIC_PRESENTATION_REPRESENTATION (  '', ( #3502 ), #5451 ) ;
#928 = CARTESIAN_POINT ( 'NONE',  ( -0.7203756730072962133, 1.500624570026933613, 0.2410686557186573764 ) ) ;
#929 = DIRECTION ( 'NONE',  ( 0.000000000000000000, 1.000000000000000000, 0.000000000000000000 ) ) ;
#930 = ORIENTED_EDGE ( 'NONE', *, *, #2022, .F. ) ;
#931 = VECTOR ( 'NONE', #2451, 1000.000000000000000 ) ;
#932 = FACE_OUTER_BOUND ( 'NONE', #3385, .T. ) ;
#933 = ORIENTED_EDGE ( 'NONE', *, *, #3389, .T. ) ;
#934 = ORIENTED_EDGE ( 'NONE', *, *, #263, .T. ) ;
#935 = LINE ( 'NONE', #3414, #1989 ) ;
#936 = EDGE_CURVE ( 'NONE', #645, #2061, #1323, .T. ) ;
#937 = ADVANCED_FACE ( 'NONE', ( #3535 ), #3106, .T. ) ;
#938 = ORIENTED_EDGE ( 'NONE', *, *, #2759, .T. ) ;
#939 = CARTESIAN_POINT ( 'NONE',  ( -3.625000000000000000, 0.2500000000000004441, 1.500000000000000222 ) ) ;
#940 = EDGE_CURVE ( 'NONE', #2509, #3879, #4758, .T. ) ;
#941 = ORIENTED_EDGE ( 'NONE', *, *, #1496, .T. ) ;
#942 = DIRECTION ( 'NONE',  ( 0.000000000000000000, 0.000000000000000000, -1.000000000000000000 ) ) ;
#943 = CARTESIAN_POINT ( 'NONE',  ( 2.024999999999999911, 3.600000000000000089, 1.499999999999999556 ) ) ;
#944 = CARTESIAN_POINT ( 'NONE',  ( -0.6946163660038592313, 2.799999999999999822, 1.278669713583197254 ) ) ;
#945 = CARTESIAN_POINT ( 'NONE',  ( -7.013307099422956270, 3.673940397442059868E-16, 1.500000000000000222 ) ) ;
#946 = ADVANCED_FACE ( 'NONE', ( #2265 ), #1364, .T. ) ;
#947 = VECTOR ( 'NONE', #1681, 1000.000000000000000 ) ;
#948 = AXIS2_PLACEMENT_3D ( 'NONE', #808, #3728, #4168 ) ;
#949 = DIRECTION ( 'NONE',  ( 0.000000000000000000, -1.000000000000000000, 0.000000000000000000 ) ) ;
#950 = CARTESIAN_POINT ( 'NONE',  ( -0.7203756730073019865, 3.000000000000000000, -1.072873669122563545 ) ) ;
#951 = VECTOR ( 'NONE', #3306, 1000.000000000000000 ) ;
#952 = VERTEX_POINT ( 'NONE', #1780 ) ;
#953 = AXIS2_PLACEMENT_3D ( 'NONE', #5443, #827, #2490 ) ;
#954 = CARTESIAN_POINT ( 'NONE',  ( -7.013307099422956270, 0.000000000000000000, -1.499999999999999778 ) ) ;
#955 = CARTESIAN_POINT ( 'NONE',  ( 3.299999999999998934, 1.574999999999999512, 0.3500000000000000333 ) ) ;
#956 = ORIENTED_EDGE ( 'NONE', *, *, #1378, .T. ) ;
#957 = VECTOR ( 'NONE', #3876, 1000.000000000000000 ) ;
#958 = CARTESIAN_POINT ( 'NONE',  ( -0.5014609352743726323, 2.800000000000000266, 2.316055673014647542 ) ) ;
#959 = ORIENTED_EDGE ( 'NONE', *, *, #111, .F. ) ;
#960 = CARTESIAN_POINT ( 'NONE',  ( -1.212729927776586392, 2.999999999999999556, 0.6608675175293323711 ) ) ;
#961 = AXIS2_PLACEMENT_3D ( 'NONE', #3872, #87, #5121 ) ;
#962 = ADVANCED_FACE ( 'NONE', ( #2637 ), #4338, .F. ) ;
#963 = ORIENTED_EDGE ( 'NONE', *, *, #1040, .F. ) ;
#964 = VECTOR ( 'NONE', #5321, 1000.000000000000000 ) ;
#965 = MECHANICAL_DESIGN_GEOMETRIC_PRESENTATION_REPRESENTATION (  '', ( #3372 ), #597 ) ;
#966 = DIRECTION ( 'NONE',  ( -0.000000000000000000, -1.000000000000000000, -0.000000000000000000 ) ) ;
#967 = ORIENTED_EDGE ( 'NONE', *, *, #4389, .T. ) ;
#968 = CARTESIAN_POINT ( 'NONE',  ( -0.7030802731876376610, 3.000000000000000000, -0.3325628371164328634 ) ) ;
#969 = ADVANCED_FACE ( 'NONE', ( #1726 ), #3919, .F. ) ;
#970 = CARTESIAN_POINT ( 'NONE',  ( -0.5014609352743933934, 2.799999999999999822, -1.527646951463584868 ) ) ;
#971 = LINE ( 'NONE', #3104, #4766 ) ;
#972 = EDGE_CURVE ( 'NONE', #2086, #5030, #4359, .T. ) ;
#973 = PRODUCT ( 'CSAB0730-100M', 'CSAB0730-100M', '', ( #4754 ) ) ;
#974 = DIRECTION ( 'NONE',  ( -0.000000000000000000, 0.000000000000000000, 1.000000000000000000 ) ) ;
#975 = EDGE_CURVE ( 'NONE', #1441, #4869, #1415, .T. ) ;
#976 = PRESENTATION_STYLE_ASSIGNMENT (( #2196 ) ) ;
#977 = ORIENTED_EDGE ( 'NONE', *, *, #2683, .T. ) ;
#978 = DIRECTION ( 'NONE',  ( 1.000000000000000000, 0.000000000000000000, 0.000000000000000000 ) ) ;
#979 = DIRECTION ( 'NONE',  ( 0.000000000000000000, -0.000000000000000000, 1.000000000000000000 ) ) ;
#980 = VERTEX_POINT ( 'NONE', #1849 ) ;
#981 = DIRECTION ( 'NONE',  ( 0.9933554313349571840, 0.000000000000000000, 0.1150868673539303111 ) ) ;
#982 = ORIENTED_EDGE ( 'NONE', *, *, #4983, .F. ) ;
#983 = CARTESIAN_POINT ( 'NONE',  ( -1.516812141168295991, 2.799999999999999822, 1.321377513534234049 ) ) ;
#984 = ORIENTED_EDGE ( 'NONE', *, *, #2420, .F. ) ;
#985 =( BOUNDED_CURVE ( )  B_SPLINE_CURVE ( 3, ( #2422, #4116, #4153, #5407 ),
 .UNSPECIFIED., .F., .T. ) 
 B_SPLINE_CURVE_WITH_KNOTS ( ( 4, 4 ),
 ( 0.000000000000000000, 3.141592653589793116 ),
 .UNSPECIFIED. ) 
 CURVE ( )  GEOMETRIC_REPRESENTATION_ITEM ( )  RATIONAL_B_SPLINE_CURVE ( ( 1.000000000000000000, 0.3333333333333333703, 0.3333333333333333703, 1.000000000000000000 ) ) 
 REPRESENTATION_ITEM ( '' )  );
#986 = VECTOR ( 'NONE', #3424, 1000.000000000000000 ) ;
#987 = ORIENTED_EDGE ( 'NONE', *, *, #5426, .T. ) ;
#988 = B_SPLINE_CURVE_WITH_KNOTS ( 'NONE', 3,
 ( #5052, #2962, #3388, #4665, #1209 ),
 .UNSPECIFIED., .F., .F.,
 ( 4, 1, 4 ),
 ( 0.000000000000000000, 0.5178533069596279459, 1.000000000000000000 ),
 .UNSPECIFIED. ) ;
#989 = CARTESIAN_POINT ( 'NONE',  ( -0.7960181702406859960, 3.000000000000000000, 1.605980824523348005 ) ) ;
#990 = ORIENTED_EDGE ( 'NONE', *, *, #4201, .T. ) ;
#991 = LINE ( 'NONE', #4895, #4510 ) ;
#992 = ORIENTED_EDGE ( 'NONE', *, *, #5346, .T. ) ;
#993 = CARTESIAN_POINT ( 'NONE',  ( -1.516812141168289774, 2.799999999999999822, 2.092599387584262782 ) ) ;
#994 = PLANE ( 'NONE',  #4323 ) ;
#995 = ADVANCED_FACE ( 'NONE', ( #1928 ), #4462, .F. ) ;
#996 = CARTESIAN_POINT ( 'NONE',  ( -0.7203756730073020975, 2.800000000000000266, -1.490650677083057429 ) ) ;
#997 = EDGE_CURVE ( 'NONE', #3262, #640, #4436, .T. ) ;
#998 = CARTESIAN_POINT ( 'NONE',  ( -0.7203756730073018755, 2.799999999999999822, -1.072873669122563545 ) ) ;
#999 = ORIENTED_EDGE ( 'NONE', *, *, #3519, .T. ) ;
#1000 = CARTESIAN_POINT ( 'NONE',  ( -1.299999999999999156, 0.1999999999999999833, 1.800000000000000266 ) ) ;
#1001 = CARTESIAN_POINT ( 'NONE',  ( -1.297897403435396724, 2.799999999999999822, 0.1801529508449854489 ) ) ;
#1002 = EDGE_LOOP ( 'NONE', ( #4087, #1416, #4831, #223, #366, #1734, #1682, #3860, #3887, #2279, #4662, #2184, #5462, #4363, #2328, #3386 ) ) ;
#1003 = EDGE_CURVE ( 'NONE', #198, #2062, #650, .T. ) ;
#1004 = VECTOR ( 'NONE', #3537, 1000.000000000000000 ) ;
#1005 = CARTESIAN_POINT ( 'NONE',  ( -1.297897403435402275, 3.000000000000000000, -1.551350656909007419 ) ) ;
#1006 = ORIENTED_EDGE ( 'NONE', *, *, #1243, .F. ) ;
#1007 = PLANE ( 'NONE',  #4499 ) ;
#1008 = PLANE ( 'NONE',  #4212 ) ;
#1009 = VERTEX_POINT ( 'NONE', #1490 ) ;
#1010 = VECTOR ( 'NONE', #345, 1000.000000000000000 ) ;
#1011 = UNCERTAINTY_MEASURE_WITH_UNIT (LENGTH_MEASURE( 1.000000000000000082E-05 ), #266, 'distance_accuracy_value', 'NONE');
#1012 = ORIENTED_EDGE ( 'NONE', *, *, #5085, .F. ) ;
#1013 = DIRECTION ( 'NONE',  ( -0.000000000000000000, 1.000000000000000000, -0.000000000000000000 ) ) ;
#1014 = VERTEX_POINT ( 'NONE', #5327 ) ;
#1015 = FACE_OUTER_BOUND ( 'NONE', #2679, .T. ) ;
#1016 = VERTEX_POINT ( 'NONE', #3556 ) ;
#1017 = CARTESIAN_POINT ( 'NONE',  ( -1.516812141168289774, 3.000000000000000000, 0.9697686155562685872 ) ) ;
#1018 = SURFACE_STYLE_FILL_AREA ( #3103 ) ;
#1019 = CARTESIAN_POINT ( 'NONE',  ( 1.299999999999999156, 0.1499999999999999944, 1.800000000000000488 ) ) ;
#1020 = VECTOR ( 'NONE', #4053, 999.9999999999998863 ) ;
#1021 = CARTESIAN_POINT ( 'NONE',  ( -0.5014609352743887305, 2.800000000000000266, -0.2356347705948078353 ) ) ;
#1022 = VERTEX_POINT ( 'NONE', #1517 ) ;
#1023 = DIRECTION ( 'NONE',  ( -0.000000000000000000, -1.000000000000000000, -0.000000000000000000 ) ) ;
#1024 = EDGE_CURVE ( 'NONE', #3920, #4108, #1133, .T. ) ;
#1025 = VECTOR ( 'NONE', #4735, 1000.000000000000000 ) ;
#1026 = DIRECTION ( 'NONE',  ( 0.9914039068058888571, 0.000000000000000000, -0.1308368968220369744 ) ) ;
#1027 = VECTOR ( 'NONE', #2350, 1000.000000000000000 ) ;
#1028 = ORIENTED_EDGE ( 'NONE', *, *, #18, .F. ) ;
#1029 = ADVANCED_FACE ( 'NONE', ( #5299 ), #4852, .F. ) ;
#1030 = AXIS2_PLACEMENT_3D ( 'NONE', #4208, #365, #2093 ) ;
#1031 = VECTOR ( 'NONE', #201, 1000.000000000000000 ) ;
#1032 = LINE ( 'NONE', #4790, #2888 ) ;
#1033 = EDGE_LOOP ( 'NONE', ( #3038, #4137, #4760, #2332 ) ) ;
#1034 = FILL_AREA_STYLE ('',( #5259 ) ) ;
#1035 = EDGE_CURVE ( 'NONE', #2954, #1883, #3154, .T. ) ;
#1036 = DIRECTION ( 'NONE',  ( 0.000000000000000000, 1.000000000000000000, -1.376764663473656710E-16 ) ) ;
#1037 = ORIENTED_EDGE ( 'NONE', *, *, #800, .T. ) ;
#1038 = VECTOR ( 'NONE', #1271, 1000.000000000000000 ) ;
#1039 = ADVANCED_FACE ( 'NONE', ( #2292 ), #1438, .T. ) ;
#1040 = EDGE_CURVE ( 'NONE', #5238, #2376, #4877, .T. ) ;
#1041 = ORIENTED_EDGE ( 'NONE', *, *, #2245, .T. ) ;
#1042 = CARTESIAN_POINT ( 'NONE',  ( -1.514674049439726389, 3.000000000000000000, 1.417784605377300444 ) ) ;
#1043 = VECTOR ( 'NONE', #3181, 999.9999999999998863 ) ;
#1044 = ORIENTED_EDGE ( 'NONE', *, *, #4978, .T. ) ;
#1045 = LINE ( 'NONE', #2677, #3288 ) ;
#1046 = VECTOR ( 'NONE', #5438, 1000.000000000000000 ) ;
#1047 = VERTEX_POINT ( 'NONE', #1101 ) ;
#1048 = CARTESIAN_POINT ( 'NONE',  ( -0.5014609352743845117, 2.800000000000000266, 1.044840171770848203 ) ) ;
#1049 = CARTESIAN_POINT ( 'NONE',  ( -3.375000000000000444, 1.324999999999999512, 0.3500000000000001443 ) ) ;
#1050 = CARTESIAN_POINT ( 'NONE',  ( -1.516812141168289774, 2.799999999999999822, 0.1191178942344804093 ) ) ;
#1051 = DIRECTION ( 'NONE',  ( -3.381690884191657160E-15, 0.000000000000000000, -1.000000000000000000 ) ) ;
#1052 = DIRECTION ( 'NONE',  ( -0.9945218953682907204, 0.000000000000000000, -0.1045284632674874231 ) ) ;
#1053 = VERTEX_POINT ( 'NONE', #4523 ) ;
#1054 = LINE ( 'NONE', #4361, #2963 ) ;
#1055 = LINE ( 'NONE', #5305, #217 ) ;
#1056 = ORIENTED_EDGE ( 'NONE', *, *, #5314, .T. ) ;
#1057 = LINE ( 'NONE', #3161, #1737 ) ;
#1058 = ORIENTED_EDGE ( 'NONE', *, *, #2444, .T. ) ;
#1059 = LINE ( 'NONE', #2276, #1114 ) ;
#1060 = DIRECTION ( 'NONE',  ( 0.000000000000000000, -0.000000000000000000, -1.000000000000000000 ) ) ;
#1061 = EDGE_LOOP ( 'NONE', ( #2686, #4699, #3318, #474 ) ) ;
#1062 = EDGE_CURVE ( 'NONE', #2931, #4633, #3366, .T. ) ;
#1063 = EDGE_CURVE ( 'NONE', #5007, #4203, #231, .T. ) ;
#1064 = ORIENTED_EDGE ( 'NONE', *, *, #341, .T. ) ;
#1065 = DIRECTION ( 'NONE',  ( 0.000000000000000000, -1.000000000000000000, 1.376764663473656710E-16 ) ) ;
#1066 = VECTOR ( 'NONE', #3934, 1000.000000000000000 ) ;
#1067 = ORIENTED_EDGE ( 'NONE', *, *, #790, .T. ) ;
#1068 = EDGE_CURVE ( 'NONE', #781, #3708, #1404, .T. ) ;
#1069 = CARTESIAN_POINT ( 'NONE',  ( -0.6946163660038592313, 3.000000000000000000, 1.278669713583197254 ) ) ;
#1070 = FACE_OUTER_BOUND ( 'NONE', #2748, .T. ) ;
#1071 = ORIENTED_EDGE ( 'NONE', *, *, #1090, .T. ) ;
#1072 = CARTESIAN_POINT ( 'NONE',  ( -0.5014609352743933934, 2.799999999999999822, -1.527646951463584868 ) ) ;
#1073 = CARTESIAN_POINT ( 'NONE',  ( 3.375000000000000444, 1.574999999999999512, -0.3500000000000000333 ) ) ;
#1074 = CARTESIAN_POINT ( 'NONE',  ( -0.7203756730072913284, 3.000000000000000000, 1.715976105977029986 ) ) ;
#1075 = CARTESIAN_POINT ( 'NONE',  ( -2.749999999999999112, 0.1499999999999999944, 2.750000000000000000 ) ) ;
#1076 = CARTESIAN_POINT ( 'NONE',  ( -1.436486009294027477, 2.799999999999999822, -0.5061170212600999418 ) ) ;
#1077 = ORIENTED_EDGE ( 'NONE', *, *, #2195, .F. ) ;
#1078 = DIRECTION ( 'NONE',  ( 3.114203467859944378E-15, 0.000000000000000000, 1.000000000000000000 ) ) ;
#1079 = PLANE ( 'NONE',  #59 ) ;
#1080 = EDGE_LOOP ( 'NONE', ( #4204, #1103, #446, #2055 ) ) ;
#1081 = CARTESIAN_POINT ( 'NONE',  ( -0.5014609352743877313, 3.000000000000000000, 0.1266462391690636735 ) ) ;
#1082 = EDGE_LOOP ( 'NONE', ( #3433, #1643, #4940, #4509 ) ) ;
#1083 = CARTESIAN_POINT ( 'NONE',  ( -0.5014609352743933934, 2.800000000000000266, -1.010922120592137485 ) ) ;
#1084 = LINE ( 'NONE', #440, #2088 ) ;
#1085 = ORIENTED_EDGE ( 'NONE', *, *, #86, .T. ) ;
#1086 = CARTESIAN_POINT ( 'NONE',  ( -1.297897403435392061, 1.500624570026933613, 1.655276126151046245 ) ) ;
#1087 = ORIENTED_EDGE ( 'NONE', *, *, #3862, .F. ) ;
#1088 = ORIENTED_EDGE ( 'NONE', *, *, #3049, .T. ) ;
#1089 = VECTOR ( 'NONE', #1186, 1000.000000000000000 ) ;
#1090 = EDGE_CURVE ( 'NONE', #1860, #1246, #1659, .T. ) ;
#1091 = LINE ( 'NONE', #5406, #3058 ) ;
#1092 = ORIENTED_EDGE ( 'NONE', *, *, #5114, .F. ) ;
#1093 = LINE ( 'NONE', #4482, #3371 ) ;
#1094 = VECTOR ( 'NONE', #3950, 1000.000000000000000 ) ;
#1095 = CYLINDRICAL_SURFACE ( 'NONE', #4843, 0.08032613187428268298 ) ;
#1096 = VERTEX_POINT ( 'NONE', #4937 ) ;
#1097 = CARTESIAN_POINT ( 'NONE',  ( -1.316527014741132540, 3.000000000000000000, 1.145459749854739417 ) ) ;
#1098 = ADVANCED_FACE ( 'NONE', ( #180 ), #1463, .T. ) ;
#1099 = CARTESIAN_POINT ( 'NONE',  ( 2.750000000000000000, 0.1499999999999999944, -2.750000000000000000 ) ) ;
#1100 = CARTESIAN_POINT ( 'NONE',  ( 1.299999999999999600, 0.1999999999999999833, -1.799999999999999600 ) ) ;
#1101 = CARTESIAN_POINT ( 'NONE',  ( -2.499999999999999112, 3.000000000000000000, 2.649999999999999467 ) ) ;
#1102 = LINE ( 'NONE', #2850, #4765 ) ;
#1103 = ORIENTED_EDGE ( 'NONE', *, *, #1836, .F. ) ;
#1104 = EDGE_CURVE ( 'NONE', #1014, #1771, #202, .T. ) ;
#1105 = DIRECTION ( 'NONE',  ( 0.000000000000000000, -1.000000000000000000, 0.000000000000000000 ) ) ;
#1106 = CARTESIAN_POINT ( 'NONE',  ( -1.297897403435396724, 2.800000000000000266, 0.1801529508449854489 ) ) ;
#1107 = VECTOR ( 'NONE', #1130, 999.9999999999998863 ) ;
#1108 = VERTEX_POINT ( 'NONE', #4046 ) ;
#1109 = APPLICATION_CONTEXT ( 'automotive_design' ) ;
#1110 = B_SPLINE_CURVE_WITH_KNOTS ( 'NONE', 3,
 ( #1577, #2577, #1714, #21, #46, #1743 ),
 .UNSPECIFIED., .F., .F.,
 ( 4, 1, 1, 4 ),
 ( 0.000000000000000000, 0.4712518714902709793, 0.5712518714902710126, 1.000000000000000000 ),
 .UNSPECIFIED. ) ;
#1111 = CYLINDRICAL_SURFACE ( 'NONE', #405, 0.02948327115430995904 ) ;
#1112 = VECTOR ( 'NONE', #328, 1000.000000000000000 ) ;
#1113 = ORIENTED_EDGE ( 'NONE', *, *, #4166, .T. ) ;
#1114 = VECTOR ( 'NONE', #4422, 1000.000000000000227 ) ;
#1115 = ORIENTED_EDGE ( 'NONE', *, *, #2853, .F. ) ;
#1116 = VECTOR ( 'NONE', #556, 999.9999999999998863 ) ;
#1117 = VECTOR ( 'NONE', #4265, 1000.000000000000000 ) ;
#1118 = LINE ( 'NONE', #298, #4398 ) ;
#1119 = ORIENTED_EDGE ( 'NONE', *, *, #1779, .T. ) ;
#1120 = ORIENTED_EDGE ( 'NONE', *, *, #4871, .F. ) ;
#1121 = LINE ( 'NONE', #4604, #3517 ) ;
#1122 = VECTOR ( 'NONE', #2770, 999.9999999999998863 ) ;
#1123 = CARTESIAN_POINT ( 'NONE',  ( -2.499999999999999112, 3.000000000000000000, 2.499999999999999556 ) ) ;
#1124 = CARTESIAN_POINT ( 'NONE',  ( -0.5014609352743963910, 1.500624570026933613, -1.687951693915624496 ) ) ;
#1125 = PLANE ( 'NONE',  #4857 ) ;
#1126 = VECTOR ( 'NONE', #610, 1000.000000000000114 ) ;
#1127 = ADVANCED_FACE ( 'NONE', ( #3307, #1140 ), #3752, .F. ) ;
#1128 = CARTESIAN_POINT ( 'NONE',  ( -3.299999999999998934, 1.574999999999999512, -1.500000000000000000 ) ) ;
#1129 = ORIENTED_EDGE ( 'NONE', *, *, #3644, .T. ) ;
#1130 = DIRECTION ( 'NONE',  ( 0.9933818551354655080, 0.000000000000000000, 0.1148585647116543151 ) ) ;
#1131 = PLANE ( 'NONE',  #1725 ) ;
#1132 = DIRECTION ( 'NONE',  ( -0.000000000000000000, -1.000000000000000000, -0.000000000000000000 ) ) ;
#1133 = LINE ( 'NONE', #1021, #1043 ) ;
#1134 = AXIS2_PLACEMENT_3D ( 'NONE', #4622, #1105, #1959 ) ;
#1135 = EDGE_CURVE ( 'NONE', #3622, #4630, #2882, .T. ) ;
#1136 = SURFACE_STYLE_FILL_AREA ( #2613 ) ;
#1137 = ORIENTED_EDGE ( 'NONE', *, *, #837, .T. ) ;
#1138 = EDGE_CURVE ( 'NONE', #5333, #167, #690, .T. ) ;
#1139 = CARTESIAN_POINT ( 'NONE',  ( -0.5014609352743816251, 2.800000000000000266, 2.195704662467916179 ) ) ;
#1140 = FACE_OUTER_BOUND ( 'NONE', #816, .T. ) ;
#1141 = CARTESIAN_POINT ( 'NONE',  ( -3.375000000000000444, 1.574999999999999956, 1.500000000000000000 ) ) ;
#1142 = ORIENTED_EDGE ( 'NONE', *, *, #5049, .F. ) ;
#1143 = EDGE_CURVE ( 'NONE', #2594, #4091, #2023, .T. ) ;
#1144 = DIRECTION ( 'NONE',  ( 0.000000000000000000, 1.000000000000000000, 0.000000000000000000 ) ) ;
#1145 = ORIENTED_EDGE ( 'NONE', *, *, #4563, .T. ) ;
#1146 = DIRECTION ( 'NONE',  ( 0.9012599435649200075, 0.000000000000000000, 0.4332787949177262510 ) ) ;
#1147 = VERTEX_POINT ( 'NONE', #2407 ) ;
#1148 = PLANE ( 'NONE',  #5288 ) ;
#1149 = EDGE_LOOP ( 'NONE', ( #1012, #3803, #1575, #3670 ) ) ;
#1150 = EDGE_LOOP ( 'NONE', ( #3561, #4980, #3587, #2926, #963, #2087, #4186, #4387 ) ) ;
#1151 = LINE ( 'NONE', #3292, #2700 ) ;
#1152 = DIRECTION ( 'NONE',  ( -0.000000000000000000, 0.000000000000000000, 1.000000000000000000 ) ) ;
#1153 = FACE_OUTER_BOUND ( 'NONE', #2751, .T. ) ;
#1154 = DIRECTION ( 'NONE',  ( 0.000000000000000000, -1.000000000000000000, 0.000000000000000000 ) ) ;
#1155 = CARTESIAN_POINT ( 'NONE',  ( -0.5152686526748860851, 2.799999999999999822, 1.544919730039651773 ) ) ;
#1156 = ORIENTED_EDGE ( 'NONE', *, *, #1503, .F. ) ;
#1157 = CARTESIAN_POINT ( 'NONE',  ( 1.299999999999999156, 0.1999999999999999833, 1.800000000000000488 ) ) ;
#1158 = VECTOR ( 'NONE', #2136, 1000.000000000000227 ) ;
#1159 = CARTESIAN_POINT ( 'NONE',  ( -0.5014609352743933934, 3.000000000000000000, -1.467641810985258921 ) ) ;
#1160 = CARTESIAN_POINT ( 'NONE',  ( -2.749999999999999112, 0.1499999999999999944, -3.299999999999999822 ) ) ;
#1161 = DIRECTION ( 'NONE',  ( -1.000000000000000000, 0.000000000000000000, 0.000000000000000000 ) ) ;
#1162 = VERTEX_POINT ( 'NONE', #2468 ) ;
#1163 = CARTESIAN_POINT ( 'NONE',  ( -1.516812141168295991, 2.799999999999999822, 1.321377513534234049 ) ) ;
#1164 = DIRECTION ( 'NONE',  ( 3.114203467859945167E-15, 0.000000000000000000, 1.000000000000000000 ) ) ;
#1165 = LINE ( 'NONE', #2738, #4394 ) ;
#1166 = ADVANCED_FACE ( 'NONE', ( #807 ), #353, .T. ) ;
#1167 = ORIENTED_EDGE ( 'NONE', *, *, #4938, .F. ) ;
#1168 = PLANE ( 'NONE',  #2010 ) ;
#1169 = EDGE_CURVE ( 'NONE', #2967, #3188, #3727, .T. ) ;
#1170 = PLANE ( 'NONE',  #2622 ) ;
#1171 = ORIENTED_EDGE ( 'NONE', *, *, #1688, .F. ) ;
#1172 = CARTESIAN_POINT ( 'NONE',  ( -2.024999999999999911, 0.2000000000000000944, 1.499999999999999556 ) ) ;
#1173 = EDGE_CURVE ( 'NONE', #1581, #1606, #2793, .T. ) ;
#1174 = EDGE_LOOP ( 'NONE', ( #3407, #2932, #824, #5481 ) ) ;
#1175 = UNCERTAINTY_MEASURE_WITH_UNIT (LENGTH_MEASURE( 1.000000000000000082E-05 ), #293, 'distance_accuracy_value', 'NONE');
#1176 = CARTESIAN_POINT ( 'NONE',  ( -0.5014609352743877313, 2.799999999999999822, 0.1266462391690636735 ) ) ;
#1177 = VERTEX_POINT ( 'NONE', #3210 ) ;
#1178 = ORIENTED_EDGE ( 'NONE', *, *, #4806, .T. ) ;
#1179 = CARTESIAN_POINT ( 'NONE',  ( -2.024999999999999911, 3.600000000000000089, 1.499999999999999556 ) ) ;
#1180 = ADVANCED_FACE ( 'NONE', ( #2825 ), #3339, .F. ) ;
#1181 = CARTESIAN_POINT ( 'NONE',  ( -0.5014609352743883974, 3.000000000000000000, -0.1277839682243637753 ) ) ;
#1182 = DIRECTION ( 'NONE',  ( -3.366885710356518736E-15, 0.000000000000000000, -1.000000000000000000 ) ) ;
#1183 = PLANE ( 'NONE',  #3530 ) ;
#1184 = ORIENTED_EDGE ( 'NONE', *, *, #904, .F. ) ;
#1185 = CARTESIAN_POINT ( 'NONE',  ( -1.178661320169346549, 3.000000000000000000, -0.4533466083705756655 ) ) ;
#1186 = DIRECTION ( 'NONE',  ( -3.145650417479524790E-15, 0.000000000000000000, -1.000000000000000000 ) ) ;
#1187 = DIRECTION ( 'NONE',  ( -0.000000000000000000, 1.000000000000000000, -0.000000000000000000 ) ) ;
#1188 = AXIS2_PLACEMENT_3D ( 'NONE', #1403, #5260, #322 ) ;
#1189 = CARTESIAN_POINT ( 'NONE',  ( -1.516812141168289774, 2.799999999999999822, 1.632267260053192892 ) ) ;
#1190 = CARTESIAN_POINT ( 'NONE',  ( -0.7203756730072899961, 2.800000000000000266, 2.133753113937486123 ) ) ;
#1191 = ORIENTED_EDGE ( 'NONE', *, *, #2319, .F. ) ;
#1192 = CARTESIAN_POINT ( 'NONE',  ( -1.516812141168295991, 2.800000000000000266, 1.321377513534234049 ) ) ;
#1193 = DIRECTION ( 'NONE',  ( 1.734723475976807094E-15, 1.000000000000000000, 0.000000000000000000 ) ) ;
#1194 = CARTESIAN_POINT ( 'NONE',  ( -1.178661320169346549, 2.800000000000000266, -0.4533466083705756655 ) ) ;
#1195 = EDGE_LOOP ( 'NONE', ( #2889, #1785, #3949, #5097 ) ) ;
#1196 = LINE ( 'NONE', #2951, #2277 ) ;
#1197 = ADVANCED_FACE ( 'NONE', ( #5394 ), #4500, .F. ) ;
#1198 = CARTESIAN_POINT ( 'NONE',  ( -0.6946163660038592313, 2.800000000000000266, 1.278669713583197254 ) ) ;
#1199 = VERTEX_POINT ( 'NONE', #383 ) ;
#1200 = FILL_AREA_STYLE_COLOUR ( '', #145 ) ;
#1201 = ORIENTED_EDGE ( 'NONE', *, *, #3494, .T. ) ;
#1202 = VECTOR ( 'NONE', #3323, 1000.000000000000000 ) ;
#1203 = EDGE_CURVE ( 'NONE', #4008, #1376, #5360, .T. ) ;
#1204 = CARTESIAN_POINT ( 'NONE',  ( -0.5014609352743877313, 2.999999999999999556, 0.1266462391690636735 ) ) ;
#1205 = ORIENTED_EDGE ( 'NONE', *, *, #2940, .F. ) ;
#1206 = VERTEX_POINT ( 'NONE', #5421 ) ;
#1207 = CARTESIAN_POINT ( 'NONE',  ( -1.468516312424467563, 3.000000000000000000, 0.7499873769576669291 ) ) ;
#1208 = EDGE_CURVE ( 'NONE', #3850, #4480, #3245, .T. ) ;
#1209 = CARTESIAN_POINT ( 'NONE',  ( -0.5014609352743933934, 3.000000000000000000, -1.010922120592137485 ) ) ;
#1210 = AXIS2_PLACEMENT_3D ( 'NONE', #4287, #2928, #1262 ) ;
#1211 = DIRECTION ( 'NONE',  ( -0.000000000000000000, -1.000000000000000000, -0.000000000000000000 ) ) ;
#1212 = FACE_OUTER_BOUND ( 'NONE', #881, .T. ) ;
#1213 = EDGE_CURVE ( 'NONE', #1355, #5164, #5331, .T. ) ;
#1214 = VECTOR ( 'NONE', #3458, 1000.000000000000000 ) ;
#1215 = AXIS2_PLACEMENT_3D ( 'NONE', #4733, #85, #4357 ) ;
#1216 = CARTESIAN_POINT ( 'NONE',  ( 0.000000000000000000, 3.000000000000000000, 0.000000000000000000 ) ) ;
#1217 = ORIENTED_EDGE ( 'NONE', *, *, #1478, .T. ) ;
#1218 = DIRECTION ( 'NONE',  ( -0.4332787949176226672, 0.000000000000000000, 0.9012599435649699675 ) ) ;
#1219 = DIRECTION ( 'NONE',  ( 0.000000000000000000, 1.000000000000000000, 0.000000000000000000 ) ) ;
#1220 = PLANE ( 'NONE',  #953 ) ;
#1221 = COLOUR_RGB ( '',1.000000000000000000, 1.000000000000000000, 1.000000000000000000 ) ;
#1222 = LINE ( 'NONE', #2492, #170 ) ;
#1223 = CARTESIAN_POINT ( 'NONE',  ( -1.016206775675810414, 2.800000000000000266, 2.151074462679381849 ) ) ;
#1224 = EDGE_LOOP ( 'NONE', ( #4834, #2774, #4986, #1239 ) ) ;
#1225 = FILL_AREA_STYLE_COLOUR ( '', #1624 ) ;
#1226 = FACE_OUTER_BOUND ( 'NONE', #5404, .T. ) ;
#1227 = CARTESIAN_POINT ( 'NONE',  ( -0.7203756730072913284, 2.799999999999999822, 1.715976105977029986 ) ) ;
#1228 = CARTESIAN_POINT ( 'NONE',  ( -0.5152686526748860851, 2.800000000000000266, 1.544919730039651773 ) ) ;
#1229 = ORIENTED_EDGE ( 'NONE', *, *, #3925, .F. ) ;
#1230 = VECTOR ( 'NONE', #1699, 1000.000000000000000 ) ;
#1231 = FACE_OUTER_BOUND ( 'NONE', #1266, .T. ) ;
#1232 = DIRECTION ( 'NONE',  ( 0.000000000000000000, 1.000000000000000000, 0.000000000000000000 ) ) ;
#1233 = VERTEX_POINT ( 'NONE', #4527 ) ;
#1234 = ORIENTED_EDGE ( 'NONE', *, *, #149, .T. ) ;
#1235 = AXIS2_PLACEMENT_3D ( 'NONE', #55, #4307, #5118 ) ;
#1236 = CARTESIAN_POINT ( 'NONE',  ( -1.297897403435401387, 2.800000000000000266, -1.069624706599098918 ) ) ;
#1237 = ORIENTED_EDGE ( 'NONE', *, *, #5372, .T. ) ;
#1238 = CARTESIAN_POINT ( 'NONE',  ( -0.7203756730073019865, 3.000000000000000000, -1.072873669122563545 ) ) ;
#1239 = ORIENTED_EDGE ( 'NONE', *, *, #2012, .F. ) ;
#1240 = ORIENTED_EDGE ( 'NONE', *, *, #4680, .T. ) ;
#1241 = CARTESIAN_POINT ( 'NONE',  ( 3.375000000000000444, 1.574999999999999512, -1.500000000000000000 ) ) ;
#1242 = LINE ( 'NONE', #4635, #3505 ) ;
#1243 = EDGE_CURVE ( 'NONE', #2062, #3743, #4076, .T. ) ;
#1244 = CARTESIAN_POINT ( 'NONE',  ( 2.024999999999999467, 3.600000000000000089, -1.499999999999999556 ) ) ;
#1245 = CARTESIAN_POINT ( 'NONE',  ( -3.375000000000000444, 3.673940397442059868E-16, 1.500000000000000222 ) ) ;
#1246 = VERTEX_POINT ( 'NONE', #288 ) ;
#1247 = DIRECTION ( 'NONE',  ( 0.000000000000000000, 0.000000000000000000, 1.000000000000000000 ) ) ;
#1248 = DIRECTION ( 'NONE',  ( 0.9914039068058888571, 0.000000000000000000, -0.1308368968220369744 ) ) ;
#1249 = LINE ( 'NONE', #2461, #5387 ) ;
#1250 = EDGE_CURVE ( 'NONE', #3736, #3622, #3899, .T. ) ;
#1251 = DIRECTION ( 'NONE',  ( -0.000000000000000000, -1.000000000000000000, -0.000000000000000000 ) ) ;
#1252 = ORIENTED_EDGE ( 'NONE', *, *, #203, .F. ) ;
#1253 = CARTESIAN_POINT ( 'NONE',  ( -1.297897403435402275, 3.000000000000000000, -1.114027395475791771 ) ) ;
#1254 = CARTESIAN_POINT ( 'NONE',  ( -0.5014609352743963910, 1.500624570026933613, -1.795802496286066807 ) ) ;
#1255 = PLANE ( 'NONE',  #948 ) ;
#1256 = ADVANCED_FACE ( 'NONE', ( #1583 ), #2854, .F. ) ;
#1257 = DIRECTION ( 'NONE',  ( 0.000000000000000000, -1.000000000000000000, 0.000000000000000000 ) ) ;
#1258 = CARTESIAN_POINT ( 'NONE',  ( -0.5014609352743879533, 1.500624570026933613, 0.03252077422767544329 ) ) ;
#1259 = ORIENTED_EDGE ( 'NONE', *, *, #2948, .T. ) ;
#1260 = EDGE_LOOP ( 'NONE', ( #33, #3569, #3357, #719 ) ) ;
#1261 = DIRECTION ( 'NONE',  ( -1.000000000000000000, 0.000000000000000000, 0.000000000000000000 ) ) ;
#1262 = DIRECTION ( 'NONE',  ( 0.000000000000000000, 0.000000000000000000, 1.000000000000000000 ) ) ;
#1263 = ORIENTED_EDGE ( 'NONE', *, *, #5251, .F. ) ;
#1264 = CARTESIAN_POINT ( 'NONE',  ( -0.5014609352743845117, 1.500624570026933613, 1.738984972074796298 ) ) ;
#1265 = ORIENTED_EDGE ( 'NONE', *, *, #3519, .F. ) ;
#1266 = EDGE_LOOP ( 'NONE', ( #1971, #3412, #3067, #899 ) ) ;
#1267 = LINE ( 'NONE', #41, #2176 ) ;
#1268 = CARTESIAN_POINT ( 'NONE',  ( -0.5014609352743844006, 2.799999999999999822, -0.8905711100454063445 ) ) ;
#1269 = CARTESIAN_POINT ( 'NONE',  ( -0.7203756730073019865, 2.799999999999999822, -1.490650677083057429 ) ) ;
#1270 = EDGE_CURVE ( 'NONE', #3708, #1470, #4133, .T. ) ;
#1271 = DIRECTION ( 'NONE',  ( -0.000000000000000000, -1.000000000000000000, -0.000000000000000000 ) ) ;
#1272 = ORIENTED_EDGE ( 'NONE', *, *, #4711, .F. ) ;
#1273 = CARTESIAN_POINT ( 'NONE',  ( -0.7030802731876376610, 2.799999999999999822, -0.3325628371164328634 ) ) ;
#1274 = DIRECTION ( 'NONE',  ( 0.000000000000000000, 0.000000000000000000, 1.000000000000000000 ) ) ;
#1275 = DIRECTION ( 'NONE',  ( 0.000000000000000000, -3.771137991253928573E-16, -1.000000000000000000 ) ) ;
#1276 = ADVANCED_FACE ( 'NONE', ( #5483 ), #615, .T. ) ;
#1277 = CARTESIAN_POINT ( 'NONE',  ( 3.299999999999999822, 15.33380951166242845, 2.750000000000000000 ) ) ;
#1278 = B_SPLINE_CURVE_WITH_KNOTS ( 'NONE', 3,
 ( #4274, #2599, #2155, #2937, #485 ),
 .UNSPECIFIED., .F., .F.,
 ( 4, 1, 4 ),
 ( 0.000000000000000000, 0.4877098465503992841, 1.000000000000000000 ),
 .UNSPECIFIED. ) ;
#1279 = MECHANICAL_DESIGN_GEOMETRIC_PRESENTATION_REPRESENTATION (  '', ( #4816 ), #2236 ) ;
#1280 = EDGE_CURVE ( 'NONE', #3061, #4447, #2634, .T. ) ;
#1281 =( LENGTH_UNIT ( ) NAMED_UNIT ( * ) SI_UNIT ( .MILLI., .METRE. ) );
#1282 = LINE ( 'NONE', #2947, #4473 ) ;
#1283 = PLANE ( 'NONE',  #1922 ) ;
#1284 = FACE_OUTER_BOUND ( 'NONE', #1858, .T. ) ;
#1285 = EDGE_CURVE ( 'NONE', #246, #4443, #2017, .T. ) ;
#1286 = VECTOR ( 'NONE', #2428, 1000.000000000000000 ) ;
#1287 = DIRECTION ( 'NONE',  ( 0.000000000000000000, 1.376764663473656710E-16, 1.000000000000000000 ) ) ;
#1288 = ADVANCED_FACE ( 'NONE', ( #1697 ), #5151, .F. ) ;
#1289 = DIRECTION ( 'NONE',  ( 0.000000000000000000, 0.000000000000000000, -1.000000000000000000 ) ) ;
#1290 = ORIENTED_EDGE ( 'NONE', *, *, #3512, .T. ) ;
#1291 = ORIENTED_EDGE ( 'NONE', *, *, #3043, .T. ) ;
#1292 = DIRECTION ( 'NONE',  ( -0.000000000000000000, -1.376764663473656710E-16, -1.000000000000000000 ) ) ;
#1293 = LINE ( 'NONE', #3878, #2442 ) ;
#1294 = EDGE_LOOP ( 'NONE', ( #2837, #5307, #529, #1145, #1056, #2317, #3113, #3552 ) ) ;
#1295 = FACE_OUTER_BOUND ( 'NONE', #2946, .T. ) ;
#1296 = ORIENTED_EDGE ( 'NONE', *, *, #4384, .F. ) ;
#1297 = ORIENTED_EDGE ( 'NONE', *, *, #4426, .F. ) ;
#1298 = LINE ( 'NONE', #2096, #4386 ) ;
#1299 = AXIS2_PLACEMENT_3D ( 'NONE', #1330, #3387, #400 ) ;
#1300 = DIRECTION ( 'NONE',  ( -1.000000000000000000, 0.000000000000000000, 0.000000000000000000 ) ) ;
#1301 = DIRECTION ( 'NONE',  ( -3.145650417479524790E-15, 0.000000000000000000, -1.000000000000000000 ) ) ;
#1302 = ORIENTED_EDGE ( 'NONE', *, *, #4191, .F. ) ;
#1303 = VECTOR ( 'NONE', #3871, 1000.000000000000000 ) ;
#1304 = DIRECTION ( 'NONE',  ( 1.000000000000000000, -0.000000000000000000, 0.000000000000000000 ) ) ;
#1305 = CARTESIAN_POINT ( 'NONE',  ( -1.516812141168295991, 2.799999999999999822, 0.6402039898684432906 ) ) ;
#1306 = CARTESIAN_POINT ( 'NONE',  ( 3.625000000000000000, 0.2500000000000000000, -1.499999999999999778 ) ) ;
#1307 = EDGE_CURVE ( 'NONE', #1606, #3186, #3034, .T. ) ;
#1308 = CARTESIAN_POINT ( 'NONE',  ( -0.7203756730072913284, 2.799999999999999822, 1.715976105977029986 ) ) ;
#1309 = VECTOR ( 'NONE', #5103, 1000.000000000000000 ) ;
#1310 = VECTOR ( 'NONE', #4160, 1000.000000000000000 ) ;
#1311 = CARTESIAN_POINT ( 'NONE',  ( -0.5014609352743816251, 3.000000000000000000, 2.195704662467916179 ) ) ;
#1312 = CARTESIAN_POINT ( 'NONE',  ( -0.7203756730072896630, 2.800000000000000266, 2.189686299379240975 ) ) ;
#1313 = FACE_OUTER_BOUND ( 'NONE', #2219, .T. ) ;
#1314 = VECTOR ( 'NONE', #5439, 1000.000000000000000 ) ;
#1315 = EDGE_CURVE ( 'NONE', #4982, #1865, #4973, .T. ) ;
#1316 = DIRECTION ( 'NONE',  ( 0.000000000000000000, -1.000000000000000000, 1.376764663473656956E-16 ) ) ;
#1317 = EDGE_CURVE ( 'NONE', #262, #3064, #1340, .T. ) ;
#1318 = CARTESIAN_POINT ( 'NONE',  ( -1.516812141168295991, 1.500624570026933613, 0.6402039898684432906 ) ) ;
#1319 = EDGE_LOOP ( 'NONE', ( #679, #2755 ) ) ;
#1320 = VERTEX_POINT ( 'NONE', #2527 ) ;
#1321 = CARTESIAN_POINT ( 'NONE',  ( -2.024999999999999911, 0.000000000000000000, 1.499999999999999556 ) ) ;
#1322 = DIRECTION ( 'NONE',  ( 0.000000000000000000, 1.000000000000000000, 0.000000000000000000 ) ) ;
#1323 = CIRCLE ( 'NONE', #1483, 0.08032613187426035362 ) ;
#1324 = VERTEX_POINT ( 'NONE', #4756 ) ;
#1325 = EDGE_CURVE ( 'NONE', #3536, #2025, #3784, .T. ) ;
#1326 = VECTOR ( 'NONE', #2378, 1000.000000000000227 ) ;
#1327 = DIRECTION ( 'NONE',  ( -0.000000000000000000, -0.000000000000000000, 1.000000000000000000 ) ) ;
#1328 = ORIENTED_EDGE ( 'NONE', *, *, #4452, .T. ) ;
#1329 = ORIENTED_EDGE ( 'NONE', *, *, #4799, .T. ) ;
#1330 = CARTESIAN_POINT ( 'NONE',  ( -1.016216495080847881, 2.800000000000000266, 2.156888680854823104 ) ) ;
#1331 = LINE ( 'NONE', #851, #1837 ) ;
#1332 = PLANE ( 'NONE',  #142 ) ;
#1333 = ORIENTED_EDGE ( 'NONE', *, *, #596, .F. ) ;
#1334 = FACE_OUTER_BOUND ( 'NONE', #4661, .T. ) ;
#1335 = PLANE ( 'NONE',  #4820 ) ;
#1336 = CARTESIAN_POINT ( 'NONE',  ( -1.038298776779063237, 2.800000000000000266, -0.8482421487301301521 ) ) ;
#1337 = ORIENTED_EDGE ( 'NONE', *, *, #3264, .T. ) ;
#1338 = LINE ( 'NONE', #3078, #1947 ) ;
#1339 = CYLINDRICAL_SURFACE ( 'NONE', #850, 0.1499999999999999667 ) ;
#1340 = LINE ( 'NONE', #3401, #3170 ) ;
#1341 = DIRECTION ( 'NONE',  ( -0.000000000000000000, 3.614007241618349264E-16, 1.000000000000000000 ) ) ;
#1342 = CYLINDRICAL_SURFACE ( 'NONE', #2909, 0.2500000000000000555 ) ;
#1343 = CARTESIAN_POINT ( 'NONE',  ( -0.5014609352743887305, 2.800000000000000266, -0.2356347705948078353 ) ) ;
#1344 = ORIENTED_EDGE ( 'NONE', *, *, #1040, .T. ) ;
#1345 = CARTESIAN_POINT ( 'NONE',  ( -0.7030802731876385492, 2.799999999999999822, -0.5707348101209713809 ) ) ;
#1346 = ADVANCED_FACE ( 'NONE', ( #5065 ), #1283, .T. ) ;
#1347 = CARTESIAN_POINT ( 'NONE',  ( -0.9937122082903553366, 3.000000000000000000, 0.1571504165241333906 ) ) ;
#1348 = VERTEX_POINT ( 'NONE', #2977 ) ;
#1349 = EDGE_CURVE ( 'NONE', #640, #781, #3459, .T. ) ;
#1350 = FACE_OUTER_BOUND ( 'NONE', #3612, .T. ) ;
#1351 = EDGE_LOOP ( 'NONE', ( #618, #698, #591, #1541, #2127, #5366, #5077, #3754 ) ) ;
#1352 = ADVANCED_FACE ( 'NONE', ( #892 ), #4676, .T. ) ;
#1353 = ORIENTED_EDGE ( 'NONE', *, *, #4161, .F. ) ;
#1354 = CARTESIAN_POINT ( 'NONE',  ( -0.7203756730073019865, 2.799999999999999822, -1.490650677083057429 ) ) ;
#1355 = VERTEX_POINT ( 'NONE', #2139 ) ;
#1356 = FACE_OUTER_BOUND ( 'NONE', #71, .T. ) ;
#1357 = LINE ( 'NONE', #3453, #2446 ) ;
#1358 = VERTEX_POINT ( 'NONE', #3842 ) ;
#1359 = FACE_OUTER_BOUND ( 'NONE', #2676, .T. ) ;
#1360 = LINE ( 'NONE', #970, #5212 ) ;
#1361 = DIRECTION ( 'NONE',  ( 0.9933554313349571840, 0.000000000000000000, 0.1150868673539303111 ) ) ;
#1362 = CARTESIAN_POINT ( 'NONE',  ( 3.375000000000000444, 1.324999999999999512, -0.3499999999999999223 ) ) ;
#1363 = AXIS2_PLACEMENT_3D ( 'NONE', #4786, #1900, #2269 ) ;
#1364 = PLANE ( 'NONE',  #2367 ) ;
#1365 = MANIFOLD_SOLID_BREP ( 'Boss-Extrude5[4]', #363 ) ;
#1366 = LINE ( 'NONE', #1343, #1025 ) ;
#1367 = ORIENTED_EDGE ( 'NONE', *, *, #1307, .F. ) ;
#1368 = VECTOR ( 'NONE', #1631, 1000.000000000000000 ) ;
#1369 = DIRECTION ( 'NONE',  ( 1.000000000000000000, 0.000000000000000000, -3.366885710356518736E-15 ) ) ;
#1370 = CARTESIAN_POINT ( 'NONE',  ( -0.5014609352743933934, 2.799999999999999822, -1.467641810985258921 ) ) ;
#1371 = ORIENTED_EDGE ( 'NONE', *, *, #2905, .F. ) ;
#1372 = VECTOR ( 'NONE', #3912, 1000.000000000000000 ) ;
#1373 = EDGE_CURVE ( 'NONE', #4417, #4619, #1752, .T. ) ;
#1374 = PRODUCT_DEFINITION_SHAPE ( 'NONE', 'NONE',  #297 ) ;
#1375 = LINE ( 'NONE', #3065, #500 ) ;
#1376 = VERTEX_POINT ( 'NONE', #2757 ) ;
#1377 = CARTESIAN_POINT ( 'NONE',  ( -0.5908192790393135274, 2.999999999999999556, 0.7940774812577900965 ) ) ;
#1378 = EDGE_CURVE ( 'NONE', #5338, #4091, #154, .T. ) ;
#1379 = EDGE_CURVE ( 'NONE', #4311, #5135, #105, .T. ) ;
#1380 = ORIENTED_EDGE ( 'NONE', *, *, #2524, .F. ) ;
#1381 = DIRECTION ( 'NONE',  ( 1.000000000000000000, -0.000000000000000000, 0.000000000000000000 ) ) ;
#1382 = AXIS2_PLACEMENT_3D ( 'NONE', #4223, #5032, #3783 ) ;
#1383 = ORIENTED_EDGE ( 'NONE', *, *, #2729, .T. ) ;
#1384 = ADVANCED_FACE ( 'NONE', ( #4875 ), #2732, .T. ) ;
#1385 = CARTESIAN_POINT ( 'NONE',  ( -1.297897403435395836, 2.800000000000000266, 0.5285146380913131603 ) ) ;
#1386 = VECTOR ( 'NONE', #2481, 1000.000000000000000 ) ;
#1387 = DIRECTION ( 'NONE',  ( 0.000000000000000000, 0.000000000000000000, 1.000000000000000000 ) ) ;
#1388 = CARTESIAN_POINT ( 'NONE',  ( -1.178661320169340332, 3.000000000000000000, -2.013514334061930366 ) ) ;
#1389 = VECTOR ( 'NONE', #4998, 1000.000000000000000 ) ;
#1390 = VECTOR ( 'NONE', #4629, 1000.000000000000000 ) ;
#1391 = CARTESIAN_POINT ( 'NONE',  ( -0.5014609352743879533, 2.799999999999999822, 0.03252077422767544329 ) ) ;
#1392 = CARTESIAN_POINT ( 'NONE',  ( -1.299999999999999156, 0.1499999999999999944, 1.800000000000000266 ) ) ;
#1393 = VECTOR ( 'NONE', #2488, 1000.000000000000000 ) ;
#1394 = B_SPLINE_CURVE_WITH_KNOTS ( 'NONE', 3,
 ( #3378, #4650, #4592, #2530, #3 ),
 .UNSPECIFIED., .F., .F.,
 ( 4, 1, 4 ),
 ( 0.000000000000000000, 0.5143794237790315638, 1.000000000000000000 ),
 .UNSPECIFIED. ) ;
#1395 = ORIENTED_EDGE ( 'NONE', *, *, #5012, .T. ) ;
#1396 = AXIS2_PLACEMENT_3D ( 'NONE', #3478, #1773, #5170 ) ;
#1397 = CARTESIAN_POINT ( 'NONE',  ( -1.516812141168295991, 3.000000000000000000, 1.321377513534234049 ) ) ;
#1398 = CARTESIAN_POINT ( 'NONE',  ( -1.297897403435396724, 2.799999999999999822, 0.1801529508449854489 ) ) ;
#1399 = VERTEX_POINT ( 'NONE', #1867 ) ;
#1400 = VECTOR ( 'NONE', #5236, 1000.000000000000000 ) ;
#1401 = CARTESIAN_POINT ( 'NONE',  ( -1.297897403435395836, 1.500624570026933613, 0.5285146380913131603 ) ) ;
#1402 = EDGE_LOOP ( 'NONE', ( #2395, #604, #3625, #3336, #380 ) ) ;
#1403 = CARTESIAN_POINT ( 'NONE',  ( 0.000000000000000000, 0.1999999999999999833, 0.000000000000000000 ) ) ;
#1404 = CIRCLE ( 'NONE', #3091, 0.5500000000000001554 ) ;
#1405 = VERTEX_POINT ( 'NONE', #1073 ) ;
#1406 = EDGE_CURVE ( 'NONE', #2147, #2960, #1846, .T. ) ;
#1407 = CARTESIAN_POINT ( 'NONE',  ( -0.7203756730072949921, 3.000000000000000000, 0.5952898833847928284 ) ) ;
#1408 = ORIENTED_EDGE ( 'NONE', *, *, #2022, .T. ) ;
#1409 = LINE ( 'NONE', #3031, #986 ) ;
#1410 = VERTEX_POINT ( 'NONE', #2214 ) ;
#1411 = CARTESIAN_POINT ( 'NONE',  ( -0.7203756730072913284, 2.800000000000000266, 1.715976105977029986 ) ) ;
#1412 = EDGE_CURVE ( 'NONE', #3983, #5242, #5297, .T. ) ;
#1413 = CARTESIAN_POINT ( 'NONE',  ( -0.5014609352743887305, 2.799999999999999822, -0.2356347705948078353 ) ) ;
#1414 = B_SPLINE_SURFACE_WITH_KNOTS ( 'NONE', 3, 1, ( 
 ( #508, #4738 ),
 ( #5232, #3998 ),
 ( #184, #2616 ),
 ( #745, #3610 ),
 ( #1901, #1933 ) ),
 .UNSPECIFIED., .F., .F., .F.,
 ( 4, 1, 4 ),
 ( 2, 2 ),
 ( 0.000000000000000000, 0.5178533069596279459, 1.000000000000000000 ),
 ( 0.000000000000000000, 1.000000000000000000 ),
 .UNSPECIFIED. ) ;
#1415 = LINE ( 'NONE', #230, #514 ) ;
#1416 = ORIENTED_EDGE ( 'NONE', *, *, #3100, .F. ) ;
#1417 = LINE ( 'NONE', #3972, #3761 ) ;
#1418 = CARTESIAN_POINT ( 'NONE',  ( -1.212729927776586614, 2.800000000000000266, 0.6608675175293322601 ) ) ;
#1419 = VERTEX_POINT ( 'NONE', #177 ) ;
#1420 = DIRECTION ( 'NONE',  ( 0.000000000000000000, 3.771137991253928573E-16, 1.000000000000000000 ) ) ;
#1421 = MANIFOLD_SOLID_BREP ( 'Boss-Extrude5[6]', #5334 ) ;
#1422 = EDGE_LOOP ( 'NONE', ( #4658, #1975, #4539, #2832 ) ) ;
#1423 = DIRECTION ( 'NONE',  ( 0.000000000000000000, 1.000000000000000000, 0.000000000000000000 ) ) ;
#1424 = CARTESIAN_POINT ( 'NONE',  ( -0.5014609352743887305, 1.500624570026933613, -0.2356347705948078353 ) ) ;
#1425 = ORIENTED_EDGE ( 'NONE', *, *, #5189, .F. ) ;
#1426 = ORIENTED_EDGE ( 'NONE', *, *, #3275, .T. ) ;
#1427 = PLANE ( 'NONE',  #3132 ) ;
#1428 = MANIFOLD_SOLID_BREP ( 'Cut-Extrude3', #178 ) ;
#1429 = VECTOR ( 'NONE', #3370, 1000.000000000000000 ) ;
#1430 = ORIENTED_EDGE ( 'NONE', *, *, #5001, .T. ) ;
#1431 = CARTESIAN_POINT ( 'NONE',  ( -1.452481564268882419, 3.000000000000000000, -0.5848344251992796394 ) ) ;
#1432 = EDGE_CURVE ( 'NONE', #5411, #2851, #1797, .T. ) ;
#1433 = ORIENTED_EDGE ( 'NONE', *, *, #4396, .T. ) ;
#1434 = EDGE_CURVE ( 'NONE', #5499, #3809, #2875, .T. ) ;
#1435 = LINE ( 'NONE', #4900, #5035 ) ;
#1436 =( LENGTH_UNIT ( ) NAMED_UNIT ( * ) SI_UNIT ( .MILLI., .METRE. ) );
#1437 = CARTESIAN_POINT ( 'NONE',  ( -0.6946163660038592313, 3.000000000000000000, 1.278669713583197254 ) ) ;
#1438 = PLANE ( 'NONE',  #1762 ) ;
#1439 = EDGE_CURVE ( 'NONE', #2509, #2050, #4579, .T. ) ;
#1440 = FILL_AREA_STYLE_COLOUR ( '', #763 ) ;
#1441 = VERTEX_POINT ( 'NONE', #3300 ) ;
#1442 = EDGE_CURVE ( 'NONE', #3030, #1096, #2784, .T. ) ;
#1443 = CARTESIAN_POINT ( 'NONE',  ( -3.299999999999998934, 1.574999999999999956, 1.500000000000000000 ) ) ;
#1444 = FACE_OUTER_BOUND ( 'NONE', #4689, .T. ) ;
#1445 = EDGE_LOOP ( 'NONE', ( #4584, #3559, #3911, #4838 ) ) ;
#1446 = EDGE_CURVE ( 'NONE', #5309, #1324, #3584, .T. ) ;
#1447 = LINE ( 'NONE', #1809, #4316 ) ;
#1448 = VERTEX_POINT ( 'NONE', #4070 ) ;
#1449 = LINE ( 'NONE', #3139, #1400 ) ;
#1450 = CARTESIAN_POINT ( 'NONE',  ( 3.299999999999998934, 1.274999999999999689, -0.3499999999999999223 ) ) ;
#1451 = ORIENTED_EDGE ( 'NONE', *, *, #3802, .T. ) ;
#1452 = UNCERTAINTY_MEASURE_WITH_UNIT (LENGTH_MEASURE( 1.000000000000000082E-05 ), #4205, 'distance_accuracy_value', 'NONE');
#1453 = VERTEX_POINT ( 'NONE', #314 ) ;
#1454 = LINE ( 'NONE', #4351, #4461 ) ;
#1455 = CARTESIAN_POINT ( 'NONE',  ( -1.169744343679354204, 3.000000000000000000, -2.069316255566389096 ) ) ;
#1456 = FACE_OUTER_BOUND ( 'NONE', #4099, .T. ) ;
#1457 = EDGE_LOOP ( 'NONE', ( #4080, #3628, #3290, #3820 ) ) ;
#1458 = DIRECTION ( 'NONE',  ( 1.000000000000000000, 0.000000000000000000, -1.826113077463491364E-14 ) ) ;
#1459 =( NAMED_UNIT ( * ) PLANE_ANGLE_UNIT ( ) SI_UNIT ( $, .RADIAN. ) );
#1460 = LINE ( 'NONE', #4042, #2631 ) ;
#1461 = EDGE_CURVE ( 'NONE', #5473, #420, #4994, .T. ) ;
#1462 = VECTOR ( 'NONE', #3884, 1000.000000000000000 ) ;
#1463 = PLANE ( 'NONE',  #2114 ) ;
#1464 = CARTESIAN_POINT ( 'NONE',  ( -1.471289618912914543, 2.800000000000000266, -1.993890021871697060 ) ) ;
#1465 = ORIENTED_EDGE ( 'NONE', *, *, #1786, .T. ) ;
#1466 = DIRECTION ( 'NONE',  ( -0.9945218953682907204, 0.000000000000000000, -0.1045284632674874231 ) ) ;
#1467 = LINE ( 'NONE', #3159, #5286 ) ;
#1468 = VECTOR ( 'NONE', #2794, 1000.000000000000000 ) ;
#1469 = EDGE_CURVE ( 'NONE', #1324, #1047, #2460, .T. ) ;
#1470 = VERTEX_POINT ( 'NONE', #3658 ) ;
#1471 = EDGE_CURVE ( 'NONE', #598, #1948, #4159, .T. ) ;
#1472 = AXIS2_PLACEMENT_3D ( 'NONE', #1076, #2404, #687 ) ;
#1473 = AXIS2_PLACEMENT_3D ( 'NONE', #4872, #4898, #1540 ) ;
#1474 = CARTESIAN_POINT ( 'NONE',  ( 3.375000000000000444, 1.324999999999999289, -4.996757838411453203E-16 ) ) ;
#1475 = ORIENTED_EDGE ( 'NONE', *, *, #16, .T. ) ;
#1476 = SURFACE_SIDE_STYLE ('',( #5282 ) ) ;
#1477 = DIRECTION ( 'NONE',  ( 0.000000000000000000, 0.000000000000000000, -1.000000000000000000 ) ) ;
#1478 = EDGE_CURVE ( 'NONE', #563, #1606, #736, .T. ) ;
#1479 = ORIENTED_EDGE ( 'NONE', *, *, #1722, .T. ) ;
#1480 = AXIS2_PLACEMENT_3D ( 'NONE', #2534, #1369, #2984 ) ;
#1481 = ORIENTED_EDGE ( 'NONE', *, *, #896, .F. ) ;
#1482 = CARTESIAN_POINT ( 'NONE',  ( -0.5014609352743933934, 3.000000000000000000, -1.467641810985258921 ) ) ;
#1483 = AXIS2_PLACEMENT_3D ( 'NONE', #471, #3430, #3463 ) ;
#1484 = VERTEX_POINT ( 'NONE', #255 ) ;
#1485 = CARTESIAN_POINT ( 'NONE',  ( -0.7984134529684051573, 2.800000000000000266, 1.763261945908604522 ) ) ;
#1486 = VECTOR ( 'NONE', #1638, 999.9999999999998863 ) ;
#1487 = CARTESIAN_POINT ( 'NONE',  ( -1.516812141168289774, 3.000000000000000000, 1.321377513534234049 ) ) ;
#1488 = ORIENTED_EDGE ( 'NONE', *, *, #3830, .T. ) ;
#1489 = LINE ( 'NONE', #1050, #4399 ) ;
#1490 = CARTESIAN_POINT ( 'NONE',  ( -0.7030802731876463207, 2.800000000000000266, -2.130902535812262411 ) ) ;
#1491 = CARTESIAN_POINT ( 'NONE',  ( -1.297897403435402275, 2.799999999999999822, -1.114027395475791771 ) ) ;
#1492 = ORIENTED_EDGE ( 'NONE', *, *, #5384, .F. ) ;
#1493 = FACE_OUTER_BOUND ( 'NONE', #5349, .T. ) ;
#1494 = FACE_OUTER_BOUND ( 'NONE', #1195, .T. ) ;
#1495 = EDGE_LOOP ( 'NONE', ( #1088, #3098, #734, #1650 ) ) ;
#1496 = EDGE_CURVE ( 'NONE', #2149, #2762, #3523, .T. ) ;
#1497 = LINE ( 'NONE', #4140, #1112 ) ;
#1498 = ORIENTED_EDGE ( 'NONE', *, *, #3993, .F. ) ;
#1499 = DIRECTION ( 'NONE',  ( -0.000000000000000000, 1.000000000000000000, -0.000000000000000000 ) ) ;
#1500 = LINE ( 'NONE', #3375, #4935 ) ;
#1501 = ADVANCED_FACE ( 'NONE', ( #2040 ), #4489, .T. ) ;
#1502 = VERTEX_POINT ( 'NONE', #5351 ) ;
#1503 = EDGE_CURVE ( 'NONE', #2025, #5507, #192, .T. ) ;
#1504 = LINE ( 'NONE', #5014, #3522 ) ;
#1505 = VERTEX_POINT ( 'NONE', #3235 ) ;
#1506 = ORIENTED_EDGE ( 'NONE', *, *, #1062, .F. ) ;
#1507 = FACE_OUTER_BOUND ( 'NONE', #772, .T. ) ;
#1508 = EDGE_LOOP ( 'NONE', ( #5178, #3486, #612, #253 ) ) ;
#1509 = B_SPLINE_SURFACE_WITH_KNOTS ( 'NONE', 3, 1, ( 
 ( #3854, #908 ),
 ( #4292, #4321 ),
 ( #3804, #5501 ),
 ( #5106, #3496 ),
 ( #820, #4695 ) ),
 .UNSPECIFIED., .F., .F., .F.,
 ( 4, 1, 4 ),
 ( 2, 2 ),
 ( 0.000000000000000000, 0.4877098465503992841, 1.000000000000000000 ),
 ( 0.000000000000000000, 1.000000000000000000 ),
 .UNSPECIFIED. ) ;
#1510 = DIRECTION ( 'NONE',  ( 1.000000000000000000, -0.000000000000000000, -0.000000000000000000 ) ) ;
#1511 = EDGE_CURVE ( 'NONE', #3952, #669, #4096, .T. ) ;
#1512 = DIRECTION ( 'NONE',  ( 0.000000000000000000, 0.000000000000000000, -1.000000000000000000 ) ) ;
#1513 = ORIENTED_EDGE ( 'NONE', *, *, #2591, .T. ) ;
#1514 = CARTESIAN_POINT ( 'NONE',  ( -0.5014609352743887305, 1.500624570026933613, -0.2356347705948078353 ) ) ;
#1515 = CARTESIAN_POINT ( 'NONE',  ( -0.5014609352743845117, 3.000000000000000000, 1.044840171770848203 ) ) ;
#1516 = LINE ( 'NONE', #3236, #4771 ) ;
#1517 = CARTESIAN_POINT ( 'NONE',  ( -1.299999999999998712, 0.1999999999999999833, -1.799999999999999822 ) ) ;
#1518 = DIRECTION ( 'NONE',  ( -0.000000000000000000, 1.000000000000000000, -0.000000000000000000 ) ) ;
#1519 = VERTEX_POINT ( 'NONE', #4041 ) ;
#1520 = DIRECTION ( 'NONE',  ( -1.445602896647339656E-16, -0.000000000000000000, 1.000000000000000000 ) ) ;
#1521 = DIRECTION ( 'NONE',  ( 0.000000000000000000, 1.000000000000000000, -0.000000000000000000 ) ) ;
#1522 = ORIENTED_EDGE ( 'NONE', *, *, #1285, .F. ) ;
#1523 = FACE_OUTER_BOUND ( 'NONE', #2470, .T. ) ;
#1524 = ORIENTED_EDGE ( 'NONE', *, *, #2485, .T. ) ;
#1525 = CARTESIAN_POINT ( 'NONE',  ( -1.178661320169346549, 3.000000000000000000, -0.4533466083705756655 ) ) ;
#1526 = ORIENTED_EDGE ( 'NONE', *, *, #1896, .T. ) ;
#1527 = EDGE_CURVE ( 'NONE', #3596, #3406, #4901, .T. ) ;
#1528 = VECTOR ( 'NONE', #4855, 1000.000000000000000 ) ;
#1529 = LINE ( 'NONE', #4566, #3346 ) ;
#1530 = VERTEX_POINT ( 'NONE', #3630 ) ;
#1531 = ORIENTED_EDGE ( 'NONE', *, *, #1412, .T. ) ;
#1532 = CARTESIAN_POINT ( 'NONE',  ( -1.297897403435392061, 2.799999999999999822, 1.655276126151046245 ) ) ;
#1533 = AXIS2_PLACEMENT_3D ( 'NONE', #4641, #4726, #47 ) ;
#1534 = PLANE ( 'NONE',  #3771 ) ;
#1535 = ADVANCED_FACE ( 'NONE', ( #681 ), #1131, .T. ) ;
#1536 = LINE ( 'NONE', #1124, #13 ) ;
#1537 = DIRECTION ( 'NONE',  ( 0.000000000000000000, 1.000000000000000000, 0.000000000000000000 ) ) ;
#1538 = EDGE_CURVE ( 'NONE', #4203, #913, #3395, .T. ) ;
#1539 = AXIS2_PLACEMENT_3D ( 'NONE', #1424, #4769, #537 ) ;
#1540 = DIRECTION ( 'NONE',  ( 0.000000000000000000, 0.000000000000000000, -1.000000000000000000 ) ) ;
#1541 = ORIENTED_EDGE ( 'NONE', *, *, #4309, .F. ) ;
#1542 = B_SPLINE_CURVE_WITH_KNOTS ( 'NONE', 3,
 ( #863, #416, #4258, #4705, #2049 ),
 .UNSPECIFIED., .F., .F.,
 ( 4, 1, 4 ),
 ( 0.000000000000000000, 0.4877098465503992841, 1.000000000000000000 ),
 .UNSPECIFIED. ) ;
#1543 = CARTESIAN_POINT ( 'NONE',  ( -1.178661320169340332, 1.500624570026933613, -2.013514334061930366 ) ) ;
#1544 = DIRECTION ( 'NONE',  ( 0.000000000000000000, 0.000000000000000000, -1.000000000000000000 ) ) ;
#1545 = DIRECTION ( 'NONE',  ( 0.4332787949176226672, 0.000000000000000000, -0.9012599435649699675 ) ) ;
#1546 = EDGE_CURVE ( 'NONE', #5281, #1729, #5111, .T. ) ;
#1547 =( BOUNDED_SURFACE ( )  B_SPLINE_SURFACE ( 3, 1, ( 
 ( #3140, #611 ),
 ( #558, #1377 ),
 ( #2227, #960 ),
 ( #2743, #189 ) ),
 .UNSPECIFIED., .F., .F., .T. ) 
 B_SPLINE_SURFACE_WITH_KNOTS ( ( 4, 4 ),
 ( 2, 2 ),
 ( 0.000000000000000000, 1.000000000000000000 ),
 ( 0.000000000000000000, 1.000000000000000000 ),
 .UNSPECIFIED. ) 
 GEOMETRIC_REPRESENTATION_ITEM ( )  RATIONAL_B_SPLINE_SURFACE ( (
 ( 1.000000000000000000, 1.000000000000000000),
 ( 0.3333333333333333703, 0.3333333333333333703),
 ( 0.3333333333333333703, 0.3333333333333333703),
 ( 1.000000000000000000, 1.000000000000000000) ) ) 
 REPRESENTATION_ITEM ( '' )  SURFACE ( )  );
#1548 = CARTESIAN_POINT ( 'NONE',  ( -1.297897403435401387, 3.000000000000000000, -1.069624706599098918 ) ) ;
#1549 = CARTESIAN_POINT ( 'NONE',  ( -0.7203756730073016534, 3.000000000000000000, -1.016940483680808693 ) ) ;
#1550 = ORIENTED_EDGE ( 'NONE', *, *, #5489, .T. ) ;
#1551 = SURFACE_STYLE_FILL_AREA ( #1958 ) ;
#1552 = DIRECTION ( 'NONE',  ( 3.641745613669981759E-15, 0.000000000000000000, 1.000000000000000000 ) ) ;
#1553 = LINE ( 'NONE', #289, #1468 ) ;
#1554 = VECTOR ( 'NONE', #5058, 1000.000000000000000 ) ;
#1555 = ORIENTED_EDGE ( 'NONE', *, *, #5227, .T. ) ;
#1556 = DIRECTION ( 'NONE',  ( -0.000000000000000000, 0.000000000000000000, -1.000000000000000000 ) ) ;
#1557 =( GEOMETRIC_REPRESENTATION_CONTEXT ( 3 ) GLOBAL_UNCERTAINTY_ASSIGNED_CONTEXT ( ( #2673 ) ) GLOBAL_UNIT_ASSIGNED_CONTEXT ( ( #4261, #3758, #5456 ) ) REPRESENTATION_CONTEXT ( 'NONE', 'WORKASPACE' ) );
#1558 = ORIENTED_EDGE ( 'NONE', *, *, #1461, .T. ) ;
#1559 = MECHANICAL_DESIGN_GEOMETRIC_PRESENTATION_REPRESENTATION (  '', ( #3255 ), #4228 ) ;
#1560 = VERTEX_POINT ( 'NONE', #2158 ) ;
#1561 = VECTOR ( 'NONE', #4437, 1000.000000000000000 ) ;
#1562 = VECTOR ( 'NONE', #815, 1000.000000000000000 ) ;
#1563 = CARTESIAN_POINT ( 'NONE',  ( -1.516812141168289774, 2.799999999999999822, 0.1191178942344804093 ) ) ;
#1564 = ORIENTED_EDGE ( 'NONE', *, *, #552, .T. ) ;
#1565 = ORIENTED_EDGE ( 'NONE', *, *, #4649, .T. ) ;
#1566 = CARTESIAN_POINT ( 'NONE',  ( 3.375000000000000444, 1.574999999999999512, 0.3500000000000000333 ) ) ;
#1567 = VECTOR ( 'NONE', #4433, 1000.000000000000000 ) ;
#1568 = VECTOR ( 'NONE', #3659, 1000.000000000000000 ) ;
#1569 = CARTESIAN_POINT ( 'NONE',  ( -1.316527014741132540, 3.000000000000000000, 1.145459749854739417 ) ) ;
#1570 = EDGE_LOOP ( 'NONE', ( #4879, #1862, #4684, #1087 ) ) ;
#1571 = LINE ( 'NONE', #2871, #1046 ) ;
#1572 = PRESENTATION_LAYER_ASSIGNMENT (  '', '', ( #3968 ) ) ;
#1573 = ADVANCED_FACE ( 'NONE', ( #3028 ), #5509, .T. ) ;
#1574 = FACE_OUTER_BOUND ( 'NONE', #553, .T. ) ;
#1575 = ORIENTED_EDGE ( 'NONE', *, *, #4804, .T. ) ;
#1576 = VECTOR ( 'NONE', #3831, 1000.000000000000000 ) ;
#1577 = CARTESIAN_POINT ( 'NONE',  ( -1.516812141168295991, 3.000000000000000000, 1.321377513534234049 ) ) ;
#1578 = CARTESIAN_POINT ( 'NONE',  ( -0.5014609352743816251, 3.000000000000000000, 2.195704662467916179 ) ) ;
#1579 = LINE ( 'NONE', #5089, #3032 ) ;
#1580 = ADVANCED_FACE ( 'NONE', ( #4670 ), #5475, .T. ) ;
#1581 = VERTEX_POINT ( 'NONE', #1305 ) ;
#1582 = CARTESIAN_POINT ( 'NONE',  ( -2.749999999999999112, 2.999999999999999112, 3.299999999999999822 ) ) ;
#1583 = FACE_OUTER_BOUND ( 'NONE', #2533, .T. ) ;
#1584 = DIRECTION ( 'NONE',  ( 0.000000000000000000, -0.000000000000000000, 1.000000000000000000 ) ) ;
#1585 =( BOUNDED_CURVE ( )  B_SPLINE_CURVE ( 3, ( #502, #1799, #2194, #572 ),
 .UNSPECIFIED., .F., .F. ) 
 B_SPLINE_CURVE_WITH_KNOTS ( ( 4, 4 ),
 ( 0.000000000000000000, 3.141592653589793116 ),
 .UNSPECIFIED. ) 
 CURVE ( )  GEOMETRIC_REPRESENTATION_ITEM ( )  RATIONAL_B_SPLINE_CURVE ( ( 1.000000000000000000, 0.3333333333333333703, 0.3333333333333333703, 1.000000000000000000 ) ) 
 REPRESENTATION_ITEM ( '' )  );
#1586 = ORIENTED_EDGE ( 'NONE', *, *, #3425, .T. ) ;
#1587 = ADVANCED_FACE ( 'NONE', ( #3863 ), #3421, .F. ) ;
#1588 = CARTESIAN_POINT ( 'NONE',  ( -1.165886843973377607, 1.500624570026933613, -0.4799186996672197836 ) ) ;
#1589 = EDGE_LOOP ( 'NONE', ( #1506, #2698, #2322, #1942 ) ) ;
#1590 = ORIENTED_EDGE ( 'NONE', *, *, #3398, .T. ) ;
#1591 = CARTESIAN_POINT ( 'NONE',  ( -0.5014609352743903958, 3.000000000000000000, -0.7780839734827847964 ) ) ;
#1592 = VERTEX_POINT ( 'NONE', #5145 ) ;
#1593 = ORIENTED_EDGE ( 'NONE', *, *, #2860, .F. ) ;
#1594 = CARTESIAN_POINT ( 'NONE',  ( -0.7030802731876463207, 1.500624570026933613, -1.892730562807720895 ) ) ;
#1595 = CARTESIAN_POINT ( 'NONE',  ( 3.625000000000000000, 1.574999999999999956, 1.500000000000000000 ) ) ;
#1596 = CARTESIAN_POINT ( 'NONE',  ( -0.5014609352743963910, 3.000000000000000000, -1.795802496286066807 ) ) ;
#1597 = DIRECTION ( 'NONE',  ( 0.000000000000000000, 0.000000000000000000, -1.000000000000000000 ) ) ;
#1598 = CYLINDRICAL_SURFACE ( 'NONE', #4936, 0.5500000000000001554 ) ;
#1599 = ORIENTED_EDGE ( 'NONE', *, *, #1325, .T. ) ;
#1600 = CARTESIAN_POINT ( 'NONE',  ( 1.299999999999999156, 0.1999999999999999833, 1.800000000000000488 ) ) ;
#1601 = DIRECTION ( 'NONE',  ( 0.000000000000000000, 0.000000000000000000, -1.000000000000000000 ) ) ;
#1602 = CARTESIAN_POINT ( 'NONE',  ( -2.749999999999999112, 2.999999999999999112, 2.750000000000000000 ) ) ;
#1603 = EDGE_CURVE ( 'NONE', #3945, #4078, #5086, .T. ) ;
#1604 = DIRECTION ( 'NONE',  ( 0.000000000000000000, 0.000000000000000000, -1.000000000000000000 ) ) ;
#1605 = LINE ( 'NONE', #2431, #665 ) ;
#1606 = VERTEX_POINT ( 'NONE', #4218 ) ;
#1607 = CARTESIAN_POINT ( 'NONE',  ( -0.5014609352743879533, 1.500624570026933613, 0.03252077422767544329 ) ) ;
#1608 = CARTESIAN_POINT ( 'NONE',  ( -1.516812141168295991, 1.500624570026933613, 0.6402039898684432906 ) ) ;
#1609 = DIRECTION ( 'NONE',  ( -1.000000000000000000, 0.000000000000000000, 0.000000000000000000 ) ) ;
#1610 = DIRECTION ( 'NONE',  ( 0.000000000000000000, 0.000000000000000000, -1.000000000000000000 ) ) ;
#1611 = ORIENTED_EDGE ( 'NONE', *, *, #3391, .T. ) ;
#1612 = EDGE_CURVE ( 'NONE', #3286, #661, #3000, .T. ) ;
#1613 = DIRECTION ( 'NONE',  ( -1.000000000000000000, 0.000000000000000000, 2.489831028333174263E-15 ) ) ;
#1614 = ADVANCED_FACE ( 'NONE', ( #1664 ), #1335, .T. ) ;
#1615 = DIRECTION ( 'NONE',  ( 0.000000000000000000, -3.614007241618349264E-16, -1.000000000000000000 ) ) ;
#1616 = VERTEX_POINT ( 'NONE', #2602 ) ;
#1617 = ORIENTED_EDGE ( 'NONE', *, *, #460, .F. ) ;
#1618 = ADVANCED_FACE ( 'NONE', ( #5169 ), #2134, .F. ) ;
#1619 = CARTESIAN_POINT ( 'NONE',  ( 3.299999999999998934, 1.274999999999999689, -0.3499999999999999223 ) ) ;
#1620 = VERTEX_POINT ( 'NONE', #2182 ) ;
#1621 = ORIENTED_EDGE ( 'NONE', *, *, #1208, .F. ) ;
#1622 = CARTESIAN_POINT ( 'NONE',  ( 3.299999999999999822, 0.1499999999999999944, -2.750000000000000000 ) ) ;
#1623 = CARTESIAN_POINT ( 'NONE',  ( -1.452481564268882419, 3.000000000000000000, -0.5848344251992796394 ) ) ;
#1624 = COLOUR_RGB ( '',0.7921568627450980005, 0.8196078431372548767, 0.9333333333333333481 ) ;
#1625 = CARTESIAN_POINT ( 'NONE',  ( -3.299999999999998934, 0.1999999999999999833, -1.799999999999999822 ) ) ;
#1626 = PLANE ( 'NONE',  #5306 ) ;
#1627 = VECTOR ( 'NONE', #5290, 1000.000000000000227 ) ;
#1628 = LINE ( 'NONE', #794, #317 ) ;
#1629 = ORIENTED_EDGE ( 'NONE', *, *, #5196, .F. ) ;
#1630 = DIRECTION ( 'NONE',  ( 0.000000000000000000, 0.000000000000000000, -1.000000000000000000 ) ) ;
#1631 = DIRECTION ( 'NONE',  ( -3.366885710356518736E-15, 0.000000000000000000, -1.000000000000000000 ) ) ;
#1632 = CARTESIAN_POINT ( 'NONE',  ( -1.516812141168289552, 3.000000000000000000, 2.189085684373399676 ) ) ;
#1633 = VECTOR ( 'NONE', #2809, 1000.000000000000000 ) ;
#1634 = CARTESIAN_POINT ( 'NONE',  ( -1.297897403435390506, 3.000000000000000000, 2.092599387584261894 ) ) ;
#1635 = CARTESIAN_POINT ( 'NONE',  ( -0.7960181702406859960, 2.800000000000000266, 1.605980824523348005 ) ) ;
#1636 = ORIENTED_EDGE ( 'NONE', *, *, #1024, .T. ) ;
#1637 = DIRECTION ( 'NONE',  ( -3.366885710356518736E-15, 0.000000000000000000, -1.000000000000000000 ) ) ;
#1638 = DIRECTION ( 'NONE',  ( 0.9012599435649699675, -0.000000000000000000, 0.4332787949176226672 ) ) ;
#1639 = CARTESIAN_POINT ( 'NONE',  ( -0.5014609352743933934, 2.800000000000000266, -1.527646951463584868 ) ) ;
#1640 = ORIENTED_EDGE ( 'NONE', *, *, #2286, .T. ) ;
#1641 = FACE_OUTER_BOUND ( 'NONE', #1294, .T. ) ;
#1642 = ORIENTED_EDGE ( 'NONE', *, *, #1442, .T. ) ;
#1643 = ORIENTED_EDGE ( 'NONE', *, *, #172, .T. ) ;
#1644 = EDGE_CURVE ( 'NONE', #1358, #4912, #3837, .T. ) ;
#1645 = LINE ( 'NONE', #4657, #1390 ) ;
#1646 = ORIENTED_EDGE ( 'NONE', *, *, #1203, .T. ) ;
#1647 = ADVANCED_FACE ( 'NONE', ( #3812 ), #1692, .T. ) ;
#1648 = VECTOR ( 'NONE', #1144, 1000.000000000000000 ) ;
#1649 = CARTESIAN_POINT ( 'NONE',  ( -0.5014609352743887305, 2.799999999999999822, -0.2356347705948078353 ) ) ;
#1650 = ORIENTED_EDGE ( 'NONE', *, *, #3869, .T. ) ;
#1651 = EDGE_CURVE ( 'NONE', #3138, #5, #2969, .T. ) ;
#1652 = ORIENTED_EDGE ( 'NONE', *, *, #1603, .T. ) ;
#1653 = DIRECTION ( 'NONE',  ( 0.000000000000000000, -0.000000000000000000, -1.000000000000000000 ) ) ;
#1654 = FACE_OUTER_BOUND ( 'NONE', #2727, .T. ) ;
#1655 = AXIS2_PLACEMENT_3D ( 'NONE', #4918, #4145, #2805 ) ;
#1656 = VECTOR ( 'NONE', #776, 1000.000000000000000 ) ;
#1657 = DIRECTION ( 'NONE',  ( 0.000000000000000000, -1.000000000000000000, 3.771137991253928573E-16 ) ) ;
#1658 = AXIS2_PLACEMENT_3D ( 'NONE', #1072, #1458, #153 ) ;
#1659 = B_SPLINE_CURVE_WITH_KNOTS ( 'NONE', 3,
 ( #4017, #1955, #5355, #156 ),
 .UNSPECIFIED., .F., .F.,
 ( 4, 4 ),
 ( 0.000000000000000000, 1.000000000000000000 ),
 .UNSPECIFIED. ) ;
#1660 = CIRCLE ( 'NONE', #2268, 0.08032613187426035362 ) ;
#1661 = CARTESIAN_POINT ( 'NONE',  ( 7.013307099422956270, 1.574999999999999512, 0.3500000000000000333 ) ) ;
#1662 = VERTEX_POINT ( 'NONE', #857 ) ;
#1663 = PLANE ( 'NONE',  #2548 ) ;
#1664 = FACE_OUTER_BOUND ( 'NONE', #3022, .T. ) ;
#1665 = LINE ( 'NONE', #3746, #5127 ) ;
#1666 = VECTOR ( 'NONE', #4312, 1000.000000000000000 ) ;
#1667 = DIRECTION ( 'NONE',  ( 0.9012599435649698565, -0.000000000000000000, 0.4332787949176226672 ) ) ;
#1668 = CARTESIAN_POINT ( 'NONE',  ( -0.7203756730072896630, 2.800000000000000266, 2.189686299379240975 ) ) ;
#1669 = ORIENTED_EDGE ( 'NONE', *, *, #386, .F. ) ;
#1670 = LINE ( 'NONE', #5002, #3780 ) ;
#1671 = CARTESIAN_POINT ( 'NONE',  ( -1.297897403435390506, 2.800000000000000266, 2.092599387584261894 ) ) ;
#1672 = CARTESIAN_POINT ( 'NONE',  ( -1.178661320169340332, 2.799999999999999822, -2.013514334061930366 ) ) ;
#1673 = CARTESIAN_POINT ( 'NONE',  ( 3.299999999999998934, 1.574999999999999512, -1.500000000000000000 ) ) ;
#1674 = SURFACE_STYLE_FILL_AREA ( #2472 ) ;
#1675 = ORIENTED_EDGE ( 'NONE', *, *, #1546, .F. ) ;
#1676 = EDGE_LOOP ( 'NONE', ( #5434, #1475, #2697, #2347 ) ) ;
#1677 = SURFACE_STYLE_USAGE ( .BOTH. , #3285 ) ;
#1678 = CARTESIAN_POINT ( 'NONE',  ( -0.7203756730073018755, 3.000000000000000000, -1.072873669122563545 ) ) ;
#1679 = ORIENTED_EDGE ( 'NONE', *, *, #693, .F. ) ;
#1680 = ADVANCED_FACE ( 'NONE', ( #1356 ), #4614, .F. ) ;
#1681 = DIRECTION ( 'NONE',  ( -0.000000000000000000, -1.000000000000000000, -0.000000000000000000 ) ) ;
#1682 = ORIENTED_EDGE ( 'NONE', *, *, #4018, .F. ) ;
#1683 = ORIENTED_EDGE ( 'NONE', *, *, #546, .T. ) ;
#1684 = DIRECTION ( 'NONE',  ( 0.9012599435649200075, -0.000000000000000000, 0.4332787949177262510 ) ) ;
#1685 = CARTESIAN_POINT ( 'NONE',  ( -1.516812141168301320, 2.799999999999999822, -1.017541098686655099 ) ) ;
#1686 = ADVANCED_FACE ( 'NONE', ( #375 ), #2072, .T. ) ;
#1687 = CARTESIAN_POINT ( 'NONE',  ( -1.165886843973362508, 3.000000000000000000, -2.040086425358579536 ) ) ;
#1688 = EDGE_CURVE ( 'NONE', #185, #3413, #3570, .T. ) ;
#1689 = CARTESIAN_POINT ( 'NONE',  ( -1.516812141168295991, 2.799999999999999822, 0.6402039898684432906 ) ) ;
#1690 = EDGE_LOOP ( 'NONE', ( #3118, #5104, #3092, #3643 ) ) ;
#1691 = DIRECTION ( 'NONE',  ( 0.000000000000000000, 1.000000000000000000, 0.000000000000000000 ) ) ;
#1692 = PLANE ( 'NONE',  #475 ) ;
#1693 = DIRECTION ( 'NONE',  ( 0.000000000000000000, 0.000000000000000000, -1.000000000000000000 ) ) ;
#1694 = EDGE_CURVE ( 'NONE', #5030, #262, #1454, .T. ) ;
#1695 = CARTESIAN_POINT ( 'NONE',  ( -2.024999999999999467, 0.2000000000000000944, -1.499999999999999556 ) ) ;
#1696 = CARTESIAN_POINT ( 'NONE',  ( -1.297897403435402275, 2.800000000000000266, -1.551350656909007419 ) ) ;
#1697 = FACE_OUTER_BOUND ( 'NONE', #2197, .T. ) ;
#1698 = CARTESIAN_POINT ( 'NONE',  ( -1.169744343679370191, 3.000000000000000000, -0.5091485298750201283 ) ) ;
#1699 = DIRECTION ( 'NONE',  ( 0.000000000000000000, 0.000000000000000000, -1.000000000000000000 ) ) ;
#1700 = DIRECTION ( 'NONE',  ( 0.000000000000000000, -0.000000000000000000, -1.000000000000000000 ) ) ;
#1701 = ORIENTED_EDGE ( 'NONE', *, *, #1439, .F. ) ;
#1702 = VERTEX_POINT ( 'NONE', #5263 ) ;
#1703 = DIRECTION ( 'NONE',  ( 0.000000000000000000, -1.000000000000000000, -0.000000000000000000 ) ) ;
#1704 = DIRECTION ( 'NONE',  ( 0.000000000000000000, 1.376764663473656710E-16, 1.000000000000000000 ) ) ;
#1705 = ORIENTED_EDGE ( 'NONE', *, *, #1976, .F. ) ;
#1706 = CARTESIAN_POINT ( 'NONE',  ( 3.625000000000000000, 0.2500000000000004441, 1.500000000000000222 ) ) ;
#1707 = ORIENTED_EDGE ( 'NONE', *, *, #1710, .T. ) ;
#1708 = ORIENTED_EDGE ( 'NONE', *, *, #3833, .F. ) ;
#1709 = CARTESIAN_POINT ( 'NONE',  ( -3.625000000000000000, 1.324999999999999512, 0.3500000000000000333 ) ) ;
#1710 = EDGE_CURVE ( 'NONE', #587, #1206, #2210, .T. ) ;
#1711 = LINE ( 'NONE', #42, #778 ) ;
#1712 = DIRECTION ( 'NONE',  ( -0.000000000000000000, -1.376764663473656710E-16, -1.000000000000000000 ) ) ;
#1713 = ORIENTED_EDGE ( 'NONE', *, *, #722, .T. ) ;
#1714 = CARTESIAN_POINT ( 'NONE',  ( -1.385209111706662277, 3.000000000000000000, 1.491006993288285454 ) ) ;
#1715 = ADVANCED_FACE ( 'NONE', ( #539 ), #1427, .F. ) ;
#1716 = CARTESIAN_POINT ( 'NONE',  ( -0.7030802731876385492, 3.000000000000000000, -0.5707348101209713809 ) ) ;
#1717 = DIRECTION ( 'NONE',  ( 0.000000000000000000, 0.000000000000000000, 1.000000000000000000 ) ) ;
#1718 = EDGE_CURVE ( 'NONE', #4291, #2954, #2651, .T. ) ;
#1719 = LINE ( 'NONE', #968, #1066 ) ;
#1720 = VECTOR ( 'NONE', #4022, 1000.000000000000000 ) ;
#1721 = LINE ( 'NONE', #943, #4043 ) ;
#1722 = EDGE_CURVE ( 'NONE', #4630, #4633, #3932, .T. ) ;
#1723 = FILL_AREA_STYLE_COLOUR ( '', #2645 ) ;
#1724 = LINE ( 'NONE', #4677, #3524 ) ;
#1725 = AXIS2_PLACEMENT_3D ( 'NONE', #2817, #4521, #1248 ) ;
#1726 = FACE_OUTER_BOUND ( 'NONE', #5256, .T. ) ;
#1727 = DIRECTION ( 'NONE',  ( 0.9914039068059095072, 0.000000000000000000, -0.1308368968218802664 ) ) ;
#1728 = EDGE_LOOP ( 'NONE', ( #2600, #5013, #2325, #1263 ) ) ;
#1729 = VERTEX_POINT ( 'NONE', #1407 ) ;
#1730 = DIRECTION ( 'NONE',  ( -0.000000000000000000, -0.000000000000000000, 1.000000000000000000 ) ) ;
#1731 = LINE ( 'NONE', #2987, #3073 ) ;
#1732 = ORIENTED_EDGE ( 'NONE', *, *, #3573, .T. ) ;
#1733 = CARTESIAN_POINT ( 'NONE',  ( -3.299999999999998934, 2.999999999999999112, -2.750000000000000000 ) ) ;
#1734 = ORIENTED_EDGE ( 'NONE', *, *, #520, .F. ) ;
#1735 = ORIENTED_EDGE ( 'NONE', *, *, #2218, .F. ) ;
#1736 = DIRECTION ( 'NONE',  ( 0.000000000000000000, 1.000000000000000000, 0.000000000000000000 ) ) ;
#1737 = VECTOR ( 'NONE', #4442, 1000.000000000000000 ) ;
#1738 = DIRECTION ( 'NONE',  ( 0.000000000000000000, 0.000000000000000000, 1.000000000000000000 ) ) ;
#1739 = DIRECTION ( 'NONE',  ( 0.000000000000000000, 1.000000000000000000, 0.000000000000000000 ) ) ;
#1740 =( GEOMETRIC_REPRESENTATION_CONTEXT ( 3 ) GLOBAL_UNCERTAINTY_ASSIGNED_CONTEXT ( ( #2724 ) ) GLOBAL_UNIT_ASSIGNED_CONTEXT ( ( #89, #4310, #2711 ) ) REPRESENTATION_CONTEXT ( 'NONE', 'WORKASPACE' ) );
#1741 = ORIENTED_EDGE ( 'NONE', *, *, #4637, .F. ) ;
#1742 = AXIS2_PLACEMENT_3D ( 'NONE', #3696, #5395, #1584 ) ;
#1743 = CARTESIAN_POINT ( 'NONE',  ( -0.5014609352743845117, 3.000000000000000000, 1.475952984027617987 ) ) ;
#1744 = CARTESIAN_POINT ( 'NONE',  ( 1.299999999999999600, 0.1999999999999999833, -1.799999999999999600 ) ) ;
#1745 = CARTESIAN_POINT ( 'NONE',  ( -0.7984134529684051573, 2.799999999999999822, 1.763261945908604522 ) ) ;
#1746 = ORIENTED_EDGE ( 'NONE', *, *, #1285, .T. ) ;
#1747 = CARTESIAN_POINT ( 'NONE',  ( -0.7203756730072901071, 3.000000000000000000, 2.133753113937486567 ) ) ;
#1748 = VECTOR ( 'NONE', #5209, 1000.000000000000000 ) ;
#1749 = AXIS2_PLACEMENT_3D ( 'NONE', #4548, #4124, #5414 ) ;
#1750 = ADVANCED_FACE ( 'NONE', ( #3144 ), #169, .T. ) ;
#1751 = EDGE_CURVE ( 'NONE', #5, #4953, #1886, .T. ) ;
#1752 = LINE ( 'NONE', #4434, #331 ) ;
#1753 = DIRECTION ( 'NONE',  ( 0.000000000000000000, 1.000000000000000000, -4.336808689942017736E-16 ) ) ;
#1754 = VECTOR ( 'NONE', #2131, 1000.000000000000000 ) ;
#1755 = DIRECTION ( 'NONE',  ( -1.000000000000000000, 0.000000000000000000, -0.000000000000000000 ) ) ;
#1756 = ADVANCED_FACE ( 'NONE', ( #1840 ), #4750, .F. ) ;
#1757 = CARTESIAN_POINT ( 'NONE',  ( -0.5014609352743883974, 2.799999999999999822, -0.1277839682243637753 ) ) ;
#1758 = EDGE_LOOP ( 'NONE', ( #1792, #1240, #692, #102 ) ) ;
#1759 = ORIENTED_EDGE ( 'NONE', *, *, #2195, .T. ) ;
#1760 = CARTESIAN_POINT ( 'NONE',  ( -3.299999999999998934, 0.1499999999999999944, 2.750000000000000000 ) ) ;
#1761 = LINE ( 'NONE', #2892, #2260 ) ;
#1762 = AXIS2_PLACEMENT_3D ( 'NONE', #3207, #1870, #4905 ) ;
#1763 = ORIENTED_EDGE ( 'NONE', *, *, #2729, .F. ) ;
#1764 = VECTOR ( 'NONE', #1182, 1000.000000000000000 ) ;
#1765 = VECTOR ( 'NONE', #4910, 1000.000000000000000 ) ;
#1766 = CARTESIAN_POINT ( 'NONE',  ( -1.299999999999998712, 0.1999999999999999833, -1.799999999999999822 ) ) ;
#1767 = VERTEX_POINT ( 'NONE', #4844 ) ;
#1768 = EDGE_LOOP ( 'NONE', ( #3526, #1191, #1120, #1367 ) ) ;
#1769 = CARTESIAN_POINT ( 'NONE',  ( -0.7203756730072949921, 3.000000000000000000, 0.5952898833847928284 ) ) ;
#1770 = DIRECTION ( 'NONE',  ( -0.9945218953682744001, 0.000000000000000000, -0.1045284632676430070 ) ) ;
#1771 = VERTEX_POINT ( 'NONE', #939 ) ;
#1772 = CARTESIAN_POINT ( 'NONE',  ( -1.178661320169346549, 2.799999999999999822, -0.4533466083705757210 ) ) ;
#1773 = DIRECTION ( 'NONE',  ( 0.4332787949177322462, 0.000000000000000000, -0.9012599435649172319 ) ) ;
#1774 = EDGE_LOOP ( 'NONE', ( #2992, #637, #4304, #2879, #4950, #4370, #2296, #2639 ) ) ;
#1775 = CARTESIAN_POINT ( 'NONE',  ( -0.7203756730072896630, 3.000000000000000000, 2.189686299379240975 ) ) ;
#1776 = LINE ( 'NONE', #3006, #2781 ) ;
#1777 = PRESENTATION_STYLE_ASSIGNMENT (( #921 ) ) ;
#1778 = CARTESIAN_POINT ( 'NONE',  ( -0.7203756730073019865, 3.000000000000000000, -1.490650677083057429 ) ) ;
#1779 = EDGE_CURVE ( 'NONE', #5217, #2371, #4177, .T. ) ;
#1780 = CARTESIAN_POINT ( 'NONE',  ( -1.516812141168289774, 2.799999999999999822, 0.9697686155562685872 ) ) ;
#1781 = ORIENTED_EDGE ( 'NONE', *, *, #2571, .T. ) ;
#1782 = DIRECTION ( 'NONE',  ( 0.000000000000000000, 1.000000000000000000, 0.000000000000000000 ) ) ;
#1783 = CARTESIAN_POINT ( 'NONE',  ( -0.5014609352743933934, 3.000000000000000000, -1.527646951463584868 ) ) ;
#1784 = EDGE_CURVE ( 'NONE', #4512, #4340, #517, .T. ) ;
#1785 = ORIENTED_EDGE ( 'NONE', *, *, #2249, .F. ) ;
#1786 = EDGE_CURVE ( 'NONE', #1519, #2371, #4817, .T. ) ;
#1787 = PLANE ( 'NONE',  #3597 ) ;
#1788 = EDGE_LOOP ( 'NONE', ( #4920, #1835, #3216, #2118 ) ) ;
#1789 = ORIENTED_EDGE ( 'NONE', *, *, #2654, .F. ) ;
#1790 = CARTESIAN_POINT ( 'NONE',  ( -1.169744343679370191, 3.000000000000000000, -0.5091485298750201283 ) ) ;
#1791 = EDGE_CURVE ( 'NONE', #5096, #191, #2699, .T. ) ;
#1792 = ORIENTED_EDGE ( 'NONE', *, *, #4928, .F. ) ;
#1793 = CARTESIAN_POINT ( 'NONE',  ( -0.5014609352743933934, 1.500624570026933613, -1.467641810985258921 ) ) ;
#1794 = ORIENTED_EDGE ( 'NONE', *, *, #3228, .F. ) ;
#1795 = DIRECTION ( 'NONE',  ( 1.000000000000000000, 0.000000000000000000, 0.000000000000000000 ) ) ;
#1796 = CARTESIAN_POINT ( 'NONE',  ( -1.165886843973377607, 2.800000000000000266, -0.4799186996672197836 ) ) ;
#1797 = LINE ( 'NONE', #2657, #5266 ) ;
#1798 = CARTESIAN_POINT ( 'NONE',  ( -1.471289618912914543, 3.000000000000000000, -1.993890021871697060 ) ) ;
#1799 = CARTESIAN_POINT ( 'NONE',  ( -0.5908192790393135274, 2.799999999999999822, 0.7940774812577900965 ) ) ;
#1800 = CARTESIAN_POINT ( 'NONE',  ( -0.9937122082903553366, 2.800000000000000266, 0.1571504165241333906 ) ) ;
#1801 = EDGE_LOOP ( 'NONE', ( #511, #4728, #1735, #4999 ) ) ;
#1802 = VECTOR ( 'NONE', #3777, 1000.000000000000227 ) ;
#1803 = DIRECTION ( 'NONE',  ( 0.000000000000000000, -1.224646799147352961E-16, -1.000000000000000000 ) ) ;
#1804 = CARTESIAN_POINT ( 'NONE',  ( -1.298062317535383370, 3.000000000000000000, 0.1254717406449373518 ) ) ;
#1805 = ORIENTED_EDGE ( 'NONE', *, *, #4531, .F. ) ;
#1806 = AXIS2_PLACEMENT_3D ( 'NONE', #1123, #1946, #4150 ) ;
#1807 = ADVANCED_FACE ( 'NONE', ( #5218 ), #101, .T. ) ;
#1808 = B_SPLINE_SURFACE_WITH_KNOTS ( 'NONE', 3, 1, ( 
 ( #1190, #2878 ),
 ( #1668, #4192 ),
 ( #1223, #2916 ),
 ( #4129, #4618 ),
 ( #3673, #1997 ) ),
 .UNSPECIFIED., .F., .F., .F.,
 ( 4, 1, 4 ),
 ( 2, 2 ),
 ( 0.000000000000000000, 0.4877098465503992841, 1.000000000000000000 ),
 ( 0.000000000000000000, 1.000000000000000000 ),
 .UNSPECIFIED. ) ;
#1809 = CARTESIAN_POINT ( 'NONE',  ( -1.516812141168301542, 3.000000000000000000, -1.574359523006807482 ) ) ;
#1810 = LINE ( 'NONE', #4836, #5358 ) ;
#1811 = EDGE_CURVE ( 'NONE', #420, #3545, #5365, .T. ) ;
#1812 = ORIENTED_EDGE ( 'NONE', *, *, #5239, .T. ) ;
#1813 = DIRECTION ( 'NONE',  ( 0.000000000000000000, 1.000000000000000000, -1.376764663473656710E-16 ) ) ;
#1814 = AXIS2_PLACEMENT_3D ( 'NONE', #1157, #2106, #4122 ) ;
#1815 = VERTEX_POINT ( 'NONE', #1569 ) ;
#1816 = CARTESIAN_POINT ( 'NONE',  ( -1.516812141168289774, 3.000000000000000000, 0.9697686155562685872 ) ) ;
#1817 = VECTOR ( 'NONE', #5179, 1000.000000000000000 ) ;
#1818 = CARTESIAN_POINT ( 'NONE',  ( 2.750000000000000000, 15.33380951166242845, 3.299999999999999822 ) ) ;
#1819 = DIRECTION ( 'NONE',  ( -0.000000000000000000, -3.771137991253928573E-16, -1.000000000000000000 ) ) ;
#1820 = CARTESIAN_POINT ( 'NONE',  ( -0.5014609352743816251, 2.799999999999999822, 2.195704662467916179 ) ) ;
#1821 = PRESENTATION_LAYER_ASSIGNMENT (  '', '', ( #5124 ) ) ;
#1822 = AXIS2_PLACEMENT_3D ( 'NONE', #3083, #3484, #126 ) ;
#1823 = CARTESIAN_POINT ( 'NONE',  ( -0.5014609352743933934, 1.500624570026933613, -1.010922120592137485 ) ) ;
#1824 =( NAMED_UNIT ( * ) PLANE_ANGLE_UNIT ( ) SI_UNIT ( $, .RADIAN. ) );
#1825 = CIRCLE ( 'NONE', #1382, 0.08032613187428268298 ) ;
#1826 = ORIENTED_EDGE ( 'NONE', *, *, #5270, .T. ) ;
#1827 = VECTOR ( 'NONE', #524, 1000.000000000000000 ) ;
#1828 = CARTESIAN_POINT ( 'NONE',  ( -3.299999999999998934, 0.2000000000000005107, -1.499999999999999778 ) ) ;
#1829 = CARTESIAN_POINT ( 'NONE',  ( -0.7203756730072962133, 2.799999999999999822, 0.2410686557186573764 ) ) ;
#1830 = ORIENTED_EDGE ( 'NONE', *, *, #1864, .F. ) ;
#1831 = STYLED_ITEM ( 'NONE', ( #4915 ), #5116 ) ;
#1832 = PLANE ( 'NONE',  #4840 ) ;
#1833 = ORIENTED_EDGE ( 'NONE', *, *, #2223, .F. ) ;
#1834 = FACE_OUTER_BOUND ( 'NONE', #4475, .T. ) ;
#1835 = ORIENTED_EDGE ( 'NONE', *, *, #683, .T. ) ;
#1836 = EDGE_CURVE ( 'NONE', #3764, #2807, #249, .T. ) ;
#1837 = VECTOR ( 'NONE', #433, 1000.000000000000000 ) ;
#1838 = EDGE_CURVE ( 'NONE', #2077, #1484, #1091, .T. ) ;
#1839 = VERTEX_POINT ( 'NONE', #1918 ) ;
#1840 = FACE_OUTER_BOUND ( 'NONE', #1260, .T. ) ;
#1841 = EDGE_CURVE ( 'NONE', #4103, #980, #196, .T. ) ;
#1842 = EDGE_LOOP ( 'NONE', ( #2363, #72, #594, #5126 ) ) ;
#1843 = DIRECTION ( 'NONE',  ( -0.000000000000000000, -1.000000000000000000, -0.000000000000000000 ) ) ;
#1844 = EDGE_CURVE ( 'NONE', #4210, #5499, #4892, .T. ) ;
#1845 = ORIENTED_EDGE ( 'NONE', *, *, #2821, .F. ) ;
#1846 = LINE ( 'NONE', #200, #3668 ) ;
#1847 = LINE ( 'NONE', #2635, #3698 ) ;
#1848 = EDGE_CURVE ( 'NONE', #2991, #3952, #3316, .T. ) ;
#1849 = CARTESIAN_POINT ( 'NONE',  ( -2.499999999999999112, 3.000000000000000000, 2.349999999999999645 ) ) ;
#1850 = ORIENTED_EDGE ( 'NONE', *, *, #1373, .F. ) ;
#1851 = LINE ( 'NONE', #5254, #3084 ) ;
#1852 = DIRECTION ( 'NONE',  ( -0.000000000000000000, 1.000000000000000000, -0.000000000000000000 ) ) ;
#1853 = EDGE_LOOP ( 'NONE', ( #4179, #3828, #4476, #2405 ) ) ;
#1854 = CARTESIAN_POINT ( 'NONE',  ( -1.516812141168289552, 3.000000000000000000, 2.189085684373399676 ) ) ;
#1855 = ORIENTED_EDGE ( 'NONE', *, *, #29, .F. ) ;
#1856 = CARTESIAN_POINT ( 'NONE',  ( -1.297897403435402275, 3.000000000000000000, -1.551350656909007419 ) ) ;
#1857 = CARTESIAN_POINT ( 'NONE',  ( -1.297897403435402275, 3.000000000000000000, -1.114027395475791771 ) ) ;
#1858 = EDGE_LOOP ( 'NONE', ( #4243, #2441, #3254, #39 ) ) ;
#1859 = EDGE_CURVE ( 'NONE', #2371, #2149, #3174, .T. ) ;
#1860 = VERTEX_POINT ( 'NONE', #4571 ) ;
#1861 = CARTESIAN_POINT ( 'NONE',  ( -0.5014609352743875093, 1.500624570026933613, 0.2063718723066461092 ) ) ;
#1862 = ORIENTED_EDGE ( 'NONE', *, *, #4425, .T. ) ;
#1863 = CYLINDRICAL_SURFACE ( 'NONE', #2746, 0.08032613187428268298 ) ;
#1864 = EDGE_CURVE ( 'NONE', #4944, #4668, #3651, .T. ) ;
#1865 = VERTEX_POINT ( 'NONE', #4988 ) ;
#1866 = CARTESIAN_POINT ( 'NONE',  ( -0.5025166106310917646, 2.800000000000000266, 0.8645148824455187730 ) ) ;
#1867 = CARTESIAN_POINT ( 'NONE',  ( 3.375000000000000444, 1.574999999999999512, 0.3500000000000000333 ) ) ;
#1868 = CARTESIAN_POINT ( 'NONE',  ( -0.5014609352743933934, 2.799999999999999822, -1.467641810985258921 ) ) ;
#1869 = EDGE_CURVE ( 'NONE', #1441, #2077, #704, .T. ) ;
#1870 = DIRECTION ( 'NONE',  ( -0.4332787949177263065, 0.000000000000000000, 0.9012599435649201185 ) ) ;
#1871 = EDGE_CURVE ( 'NONE', #4805, #1530, #4032, .T. ) ;
#1872 = CARTESIAN_POINT ( 'NONE',  ( -2.749999999999999112, 2.999999999999999112, 3.299999999999999822 ) ) ;
#1873 = VERTEX_POINT ( 'NONE', #4868 ) ;
#1874 = CYLINDRICAL_SURFACE ( 'NONE', #3212, 0.2500000000000002220 ) ;
#1875 = FACE_OUTER_BOUND ( 'NONE', #696, .T. ) ;
#1876 = ORIENTED_EDGE ( 'NONE', *, *, #1317, .F. ) ;
#1877 = PRESENTATION_LAYER_ASSIGNMENT (  '', '', ( #4816 ) ) ;
#1878 =( GEOMETRIC_REPRESENTATION_CONTEXT ( 3 ) GLOBAL_UNCERTAINTY_ASSIGNED_CONTEXT ( ( #333 ) ) GLOBAL_UNIT_ASSIGNED_CONTEXT ( ( #1436, #282, #2013 ) ) REPRESENTATION_CONTEXT ( 'NONE', 'WORKASPACE' ) );
#1879 = CARTESIAN_POINT ( 'NONE',  ( -1.178661320169346549, 1.500624570026933613, -0.4533466083705756655 ) ) ;
#1880 = ORIENTED_EDGE ( 'NONE', *, *, #2012, .T. ) ;
#1881 = DIRECTION ( 'NONE',  ( 0.9012599435649173429, 0.000000000000000000, 0.4332787949177320797 ) ) ;
#1882 = DIRECTION ( 'NONE',  ( 0.000000000000000000, 1.000000000000000000, -0.000000000000000000 ) ) ;
#1883 = VERTEX_POINT ( 'NONE', #1181 ) ;
#1884 = VECTOR ( 'NONE', #2034, 1000.000000000000000 ) ;
#1885 = ORIENTED_EDGE ( 'NONE', *, *, #3455, .F. ) ;
#1886 = LINE ( 'NONE', #3984, #1627 ) ;
#1887 = ORIENTED_EDGE ( 'NONE', *, *, #3833, .T. ) ;
#1888 = LINE ( 'NONE', #4453, #3481 ) ;
#1889 = ORIENTED_EDGE ( 'NONE', *, *, #752, .F. ) ;
#1890 = DIRECTION ( 'NONE',  ( 0.000000000000000000, 1.000000000000000000, 0.000000000000000000 ) ) ;
#1891 = DIRECTION ( 'NONE',  ( -0.000000000000000000, 1.000000000000000000, -0.000000000000000000 ) ) ;
#1892 = CARTESIAN_POINT ( 'NONE',  ( -0.7030802731876463207, 3.000000000000000000, -1.892730562807720895 ) ) ;
#1893 = EDGE_CURVE ( 'NONE', #2959, #5165, #2393, .T. ) ;
#1894 = AXIS2_PLACEMENT_3D ( 'NONE', #5040, #3432, #811 ) ;
#1895 = CARTESIAN_POINT ( 'NONE',  ( -3.625000000000000000, 1.574999999999999956, 1.500000000000000000 ) ) ;
#1896 = EDGE_CURVE ( 'NONE', #3365, #3622, #338, .T. ) ;
#1897 = B_SPLINE_SURFACE_WITH_KNOTS ( 'NONE', 3, 1, ( 
 ( #4673, #4996 ),
 ( #890, #5173 ),
 ( #4729, #124 ),
 ( #2580, #1816 ) ),
 .UNSPECIFIED., .F., .F., .F.,
 ( 4, 4 ),
 ( 2, 2 ),
 ( 0.000000000000000000, 1.000000000000000000 ),
 ( 0.000000000000000000, 1.000000000000000000 ),
 .UNSPECIFIED. ) ;
#1898 = FACE_OUTER_BOUND ( 'NONE', #4639, .T. ) ;
#1899 = ORIENTED_EDGE ( 'NONE', *, *, #3423, .T. ) ;
#1900 = DIRECTION ( 'NONE',  ( 0.000000000000000000, -1.000000000000000000, 0.000000000000000000 ) ) ;
#1901 = CARTESIAN_POINT ( 'NONE',  ( -0.5014609352743933934, 2.799999999999999822, -1.010922120592137485 ) ) ;
#1902 = CIRCLE ( 'NONE', #1903, 0.2500000000000000555 ) ;
#1903 = AXIS2_PLACEMENT_3D ( 'NONE', #2718, #2247, #2692 ) ;
#1904 = ORIENTED_EDGE ( 'NONE', *, *, #4047, .F. ) ;
#1905 = EDGE_CURVE ( 'NONE', #2807, #3652, #2366, .T. ) ;
#1906 = AXIS2_PLACEMENT_3D ( 'NONE', #4800, #2233, #3936 ) ;
#1907 = CIRCLE ( 'NONE', #580, 0.2500000000000002220 ) ;
#1908 = FACE_OUTER_BOUND ( 'NONE', #3648, .T. ) ;
#1909 = ORIENTED_EDGE ( 'NONE', *, *, #5467, .F. ) ;
#1910 = CARTESIAN_POINT ( 'NONE',  ( -3.299999999999998934, 0.1499999999999999944, -2.750000000000000000 ) ) ;
#1911 = LINE ( 'NONE', #2671, #5455 ) ;
#1912 = EDGE_LOOP ( 'NONE', ( #4012, #391, #3227, #2833 ) ) ;
#1913 = VECTOR ( 'NONE', #2475, 1000.000000000000000 ) ;
#1914 = DIRECTION ( 'NONE',  ( -1.000000000000000000, -0.000000000000000000, -3.252606517456513302E-16 ) ) ;
#1915 = ORIENTED_EDGE ( 'NONE', *, *, #2591, .F. ) ;
#1916 = ORIENTED_EDGE ( 'NONE', *, *, #3613, .T. ) ;
#1917 = B_SPLINE_CURVE_WITH_KNOTS ( 'NONE', 3,
 ( #804, #2497, #2918, #1986, #4194 ),
 .UNSPECIFIED., .F., .F.,
 ( 4, 1, 4 ),
 ( 0.000000000000000000, 0.5079839729424890926, 1.000000000000000000 ),
 .UNSPECIFIED. ) ;
#1918 = CARTESIAN_POINT ( 'NONE',  ( -0.7203756730072901071, 2.799999999999999822, 2.133753113937486567 ) ) ;
#1919 = VECTOR ( 'NONE', #4072, 1000.000000000000000 ) ;
#1920 = ORIENTED_EDGE ( 'NONE', *, *, #5317, .F. ) ;
#1921 = CARTESIAN_POINT ( 'NONE',  ( -0.5014609352743875093, 2.799999999999999822, 0.2063718723066461092 ) ) ;
#1922 = AXIS2_PLACEMENT_3D ( 'NONE', #1254, #2949, #3816 ) ;
#1923 = DIRECTION ( 'NONE',  ( -0.000000000000000000, -1.000000000000000000, -0.000000000000000000 ) ) ;
#1924 = EDGE_LOOP ( 'NONE', ( #4916, #4798, #621, #1679, #2019, #1171, #3980, #3956 ) ) ;
#1925 = LINE ( 'NONE', #3965, #2338 ) ;
#1926 = CARTESIAN_POINT ( 'NONE',  ( -1.516812141168301542, 2.799999999999999822, -1.574359523006807482 ) ) ;
#1927 = FACE_OUTER_BOUND ( 'NONE', #2414, .T. ) ;
#1928 = FACE_OUTER_BOUND ( 'NONE', #3567, .T. ) ;
#1929 = LINE ( 'NONE', #1984, #4927 ) ;
#1930 = VERTEX_POINT ( 'NONE', #222 ) ;
#1931 = CARTESIAN_POINT ( 'NONE',  ( -7.013307099422956270, 1.574999999999999512, -1.500000000000000000 ) ) ;
#1932 = ADVANCED_FACE ( 'NONE', ( #1507 ), #1534, .F. ) ;
#1933 = CARTESIAN_POINT ( 'NONE',  ( -0.5014609352743933934, 3.000000000000000000, -1.010922120592137485 ) ) ;
#1934 = VERTEX_POINT ( 'NONE', #5373 ) ;
#1935 = DIRECTION ( 'NONE',  ( 1.000000000000000000, 0.000000000000000000, -0.000000000000000000 ) ) ;
#1936 = ORIENTED_EDGE ( 'NONE', *, *, #4296, .T. ) ;
#1937 = CARTESIAN_POINT ( 'NONE',  ( -0.5014609352743933934, 2.799999999999999822, -1.527646951463584868 ) ) ;
#1938 = EDGE_CURVE ( 'NONE', #3593, #4347, #4478, .T. ) ;
#1939 = ORIENTED_EDGE ( 'NONE', *, *, #3923, .T. ) ;
#1940 = EDGE_CURVE ( 'NONE', #5453, #4536, #730, .T. ) ;
#1941 = FACE_OUTER_BOUND ( 'NONE', #2132, .T. ) ;
#1942 = ORIENTED_EDGE ( 'NONE', *, *, #3158, .F. ) ;
#1943 = EDGE_CURVE ( 'NONE', #5309, #5240, #2421, .T. ) ;
#1944 = ORIENTED_EDGE ( 'NONE', *, *, #1651, .F. ) ;
#1945 = PLANE ( 'NONE',  #3683 ) ;
#1946 = DIRECTION ( 'NONE',  ( 0.000000000000000000, 1.000000000000000000, 0.000000000000000000 ) ) ;
#1947 = VECTOR ( 'NONE', #542, 1000.000000000000000 ) ;
#1948 = VERTEX_POINT ( 'NONE', #4114 ) ;
#1949 = DIRECTION ( 'NONE',  ( -1.000000000000000000, 0.000000000000000000, 0.000000000000000000 ) ) ;
#1950 = LINE ( 'NONE', #3655, #2798 ) ;
#1951 = EDGE_LOOP ( 'NONE', ( #3156, #3198, #5336, #4034 ) ) ;
#1952 = DIRECTION ( 'NONE',  ( 1.000000000000000000, 0.000000000000000000, -3.366885710356519130E-15 ) ) ;
#1953 = CARTESIAN_POINT ( 'NONE',  ( -1.468516312424467563, 3.000000000000000000, 0.7499873769576669291 ) ) ;
#1954 = CARTESIAN_POINT ( 'NONE',  ( -1.178661320169346549, 1.500624570026933613, -0.4533466083705757210 ) ) ;
#1955 = CARTESIAN_POINT ( 'NONE',  ( -0.5025166106310917646, 2.800000000000000266, 0.8645148824455187730 ) ) ;
#1956 = PRESENTATION_STYLE_ASSIGNMENT (( #4906 ) ) ;
#1957 = ORIENTED_EDGE ( 'NONE', *, *, #1432, .T. ) ;
#1958 = FILL_AREA_STYLE ('',( #1225 ) ) ;
#1959 = DIRECTION ( 'NONE',  ( 0.000000000000000000, -0.000000000000000000, -1.000000000000000000 ) ) ;
#1960 = DIRECTION ( 'NONE',  ( -1.000000000000000000, 0.000000000000000000, 0.000000000000000000 ) ) ;
#1961 = ORIENTED_EDGE ( 'NONE', *, *, #554, .F. ) ;
#1962 = PLANE ( 'NONE',  #296 ) ;
#1963 = EDGE_LOOP ( 'NONE', ( #5316, #4595, #4085, #4451 ) ) ;
#1964 =( NAMED_UNIT ( * ) SI_UNIT ( $, .STERADIAN. ) SOLID_ANGLE_UNIT ( ) );
#1965 = ORIENTED_EDGE ( 'NONE', *, *, #1869, .F. ) ;
#1966 = AXIS2_PLACEMENT_3D ( 'NONE', #183, #3089, #2318 ) ;
#1967 = EDGE_CURVE ( 'NONE', #3640, #1985, #4922, .T. ) ;
#1968 = DIRECTION ( 'NONE',  ( -0.000000000000000000, 1.000000000000000000, -0.000000000000000000 ) ) ;
#1969 = ORIENTED_EDGE ( 'NONE', *, *, #761, .F. ) ;
#1970 = EDGE_CURVE ( 'NONE', #3879, #359, #5468, .T. ) ;
#1971 = ORIENTED_EDGE ( 'NONE', *, *, #53, .T. ) ;
#1972 = CARTESIAN_POINT ( 'NONE',  ( -1.178661320169340110, 1.500624570026933613, -2.013514334061930811 ) ) ;
#1973 = VECTOR ( 'NONE', #647, 1000.000000000000000 ) ;
#1974 = DIRECTION ( 'NONE',  ( -0.9799725457018959585, -0.000000000000000000, 0.1991326434077181629 ) ) ;
#1975 = ORIENTED_EDGE ( 'NONE', *, *, #3431, .F. ) ;
#1976 = EDGE_CURVE ( 'NONE', #3809, #312, #2043, .T. ) ;
#1977 = DIRECTION ( 'NONE',  ( 0.000000000000000000, 0.000000000000000000, 1.000000000000000000 ) ) ;
#1978 = CARTESIAN_POINT ( 'NONE',  ( -1.178661320169346549, 3.000000000000000000, -0.4533466083705757210 ) ) ;
#1979 = ORIENTED_EDGE ( 'NONE', *, *, #1538, .T. ) ;
#1980 = LINE ( 'NONE', #3299, #4674 ) ;
#1981 = CARTESIAN_POINT ( 'NONE',  ( -0.5014609352743857329, 2.799999999999999822, 0.7578392147479485752 ) ) ;
#1982 = CARTESIAN_POINT ( 'NONE',  ( 3.375000000000000444, 1.324999999999999512, 0.3500000000000000333 ) ) ;
#1983 = DIRECTION ( 'NONE',  ( 1.000000000000000000, 0.000000000000000000, 0.000000000000000000 ) ) ;
#1984 = CARTESIAN_POINT ( 'NONE',  ( 7.013307099422956270, 1.574999999999999512, -0.3500000000000000333 ) ) ;
#1985 = VERTEX_POINT ( 'NONE', #5080 ) ;
#1986 = CARTESIAN_POINT ( 'NONE',  ( -1.298062317535383370, 2.800000000000000266, 0.1254717406449373518 ) ) ;
#1987 = CARTESIAN_POINT ( 'NONE',  ( 3.375000000000000444, 0.2500000000000003331, 1.500000000000000222 ) ) ;
#1988 = FACE_OUTER_BOUND ( 'NONE', #5302, .T. ) ;
#1989 = VECTOR ( 'NONE', #2207, 999.9999999999998863 ) ;
#1990 = ORIENTED_EDGE ( 'NONE', *, *, #4418, .T. ) ;
#1991 = LINE ( 'NONE', #3701, #211 ) ;
#1992 = ORIENTED_EDGE ( 'NONE', *, *, #5489, .F. ) ;
#1993 = AXIS2_PLACEMENT_3D ( 'NONE', #3898, #4782, #5226 ) ;
#1994 =( NAMED_UNIT ( * ) PLANE_ANGLE_UNIT ( ) SI_UNIT ( $, .RADIAN. ) );
#1995 = ORIENTED_EDGE ( 'NONE', *, *, #3573, .F. ) ;
#1996 = VECTOR ( 'NONE', #2362, 1000.000000000000000 ) ;
#1997 = CARTESIAN_POINT ( 'NONE',  ( -1.297897403435390506, 3.000000000000000000, 2.092599387584261894 ) ) ;
#1998 = EDGE_LOOP ( 'NONE', ( #1990, #3195, #4513, #5050 ) ) ;
#1999 = ORIENTED_EDGE ( 'NONE', *, *, #2668, .T. ) ;
#2000 = CARTESIAN_POINT ( 'NONE',  ( -1.016216495080847881, 2.800000000000000266, 2.156888680854823104 ) ) ;
#2001 = AXIS2_PLACEMENT_3D ( 'NONE', #3808, #2966, #2550 ) ;
#2002 = ADVANCED_FACE ( 'NONE', ( #1654 ), #401, .F. ) ;
#2003 = CARTESIAN_POINT ( 'NONE',  ( -0.9937122082903553366, 2.799999999999999822, 0.1571504165241333906 ) ) ;
#2004 = PLANE ( 'NONE',  #3490 ) ;
#2005 = EDGE_CURVE ( 'NONE', #367, #2953, #2303, .T. ) ;
#2006 = DIRECTION ( 'NONE',  ( 0.000000000000000000, -1.000000000000000000, -0.000000000000000000 ) ) ;
#2007 = VECTOR ( 'NONE', #1730, 1000.000000000000000 ) ;
#2008 = LINE ( 'NONE', #3265, #310 ) ;
#2009 = ORIENTED_EDGE ( 'NONE', *, *, #1836, .T. ) ;
#2010 = AXIS2_PLACEMENT_3D ( 'NONE', #836, #3818, #2115 ) ;
#2011 = LINE ( 'NONE', #4187, #4917 ) ;
#2012 = EDGE_CURVE ( 'NONE', #134, #4805, #988, .T. ) ;
#2013 =( NAMED_UNIT ( * ) SI_UNIT ( $, .STERADIAN. ) SOLID_ANGLE_UNIT ( ) );
#2014 = DIRECTION ( 'NONE',  ( -0.000000000000000000, 1.000000000000000000, -0.000000000000000000 ) ) ;
#2015 = EDGE_CURVE ( 'NONE', #3999, #4496, #1242, .T. ) ;
#2016 = CARTESIAN_POINT ( 'NONE',  ( -1.169744343679370191, 1.500624570026933613, -0.5091485298750201283 ) ) ;
#2017 = CIRCLE ( 'NONE', #5400, 0.02948327115431846959 ) ;
#2018 = CARTESIAN_POINT ( 'NONE',  ( -1.516812141168301542, 1.500624570026933613, -1.574359523006807482 ) ) ;
#2019 = ORIENTED_EDGE ( 'NONE', *, *, #2834, .F. ) ;
#2020 = CARTESIAN_POINT ( 'NONE',  ( -1.471289618912902997, 3.000000000000000000, -0.4337222961802888466 ) ) ;
#2021 = CARTESIAN_POINT ( 'NONE',  ( -1.016206775675822627, 2.799999999999999822, -1.055552320380675591 ) ) ;
#2022 = EDGE_CURVE ( 'NONE', #3381, #3123, #791, .T. ) ;
#2023 = LINE ( 'NONE', #5448, #4858 ) ;
#2024 = LINE ( 'NONE', #207, #3691 ) ;
#2025 = VERTEX_POINT ( 'NONE', #1623 ) ;
#2026 = DIRECTION ( 'NONE',  ( 1.000000000000000000, -0.000000000000000000, -0.000000000000000000 ) ) ;
#2027 = PLANE ( 'NONE',  #4227 ) ;
#2028 = ORIENTED_EDGE ( 'NONE', *, *, #1811, .F. ) ;
#2029 = EDGE_LOOP ( 'NONE', ( #1272, #5500, #4694, #1167 ) ) ;
#2030 = LINE ( 'NONE', #1086, #1996 ) ;
#2031 = ORIENTED_EDGE ( 'NONE', *, *, #4045, .T. ) ;
#2032 = ORIENTED_EDGE ( 'NONE', *, *, #940, .F. ) ;
#2033 = CARTESIAN_POINT ( 'NONE',  ( -0.5025166106310917646, 3.000000000000000000, 0.8645148824455187730 ) ) ;
#2034 = DIRECTION ( 'NONE',  ( 0.000000000000000000, 1.000000000000000000, 0.000000000000000000 ) ) ;
#2035 = DIRECTION ( 'NONE',  ( -0.000000000000000000, -0.000000000000000000, -1.000000000000000000 ) ) ;
#2036 = CARTESIAN_POINT ( 'NONE',  ( -7.013307099422956270, 1.574999999999999512, 0.3500000000000000333 ) ) ;
#2037 = CARTESIAN_POINT ( 'NONE',  ( -1.516812141168289774, 3.000000000000000000, 1.632267260053192892 ) ) ;
#2038 = ORIENTED_EDGE ( 'NONE', *, *, #5045, .F. ) ;
#2039 = DIRECTION ( 'NONE',  ( -0.000000000000000000, 1.000000000000000000, -0.000000000000000000 ) ) ;
#2040 = FACE_OUTER_BOUND ( 'NONE', #1002, .T. ) ;
#2041 = FACE_OUTER_BOUND ( 'NONE', #1224, .T. ) ;
#2042 = CARTESIAN_POINT ( 'NONE',  ( -0.5014609352743726323, 2.799999999999999822, 2.316055673014647542 ) ) ;
#2043 = B_SPLINE_CURVE_WITH_KNOTS ( 'NONE', 3,
 ( #2935, #2482, #3772, #2514, #5019 ),
 .UNSPECIFIED., .F., .F.,
 ( 4, 1, 4 ),
 ( 0.000000000000000000, 0.5079839729424890926, 1.000000000000000000 ),
 .UNSPECIFIED. ) ;
#2044 = EDGE_CURVE ( 'NONE', #4448, #36, #2903, .T. ) ;
#2045 = CARTESIAN_POINT ( 'NONE',  ( -1.516812141168289774, 3.000000000000000000, 1.321377513534234049 ) ) ;
#2046 = ORIENTED_EDGE ( 'NONE', *, *, #5092, .F. ) ;
#2047 = CARTESIAN_POINT ( 'NONE',  ( -1.297897403435402275, 2.799999999999999822, -1.114027395475791771 ) ) ;
#2048 = CARTESIAN_POINT ( 'NONE',  ( -0.5014609352743887305, 3.000000000000000000, -0.2356347705948078353 ) ) ;
#2049 = CARTESIAN_POINT ( 'NONE',  ( -1.297897403435390506, 2.799999999999999822, 2.092599387584261894 ) ) ;
#2050 = VERTEX_POINT ( 'NONE', #4003 ) ;
#2051 = AXIS2_PLACEMENT_3D ( 'NONE', #1189, #5027, #4190 ) ;
#2052 = LINE ( 'NONE', #327, #3705 ) ;
#2053 = EDGE_CURVE ( 'NONE', #2604, #134, #1911, .T. ) ;
#2054 = PLANE ( 'NONE',  #2884 ) ;
#2055 = ORIENTED_EDGE ( 'NONE', *, *, #349, .F. ) ;
#2056 = VERTEX_POINT ( 'NONE', #3592 ) ;
#2057 =( NAMED_UNIT ( * ) SI_UNIT ( $, .STERADIAN. ) SOLID_ANGLE_UNIT ( ) );
#2058 = CARTESIAN_POINT ( 'NONE',  ( -0.6946163660038592313, 1.500624570026933613, 1.278669713583197254 ) ) ;
#2059 = ORIENTED_EDGE ( 'NONE', *, *, #2015, .T. ) ;
#2060 = CYLINDRICAL_SURFACE ( 'NONE', #2545, 0.2500000000000000000 ) ;
#2061 = VERTEX_POINT ( 'NONE', #3166 ) ;
#2062 = VERTEX_POINT ( 'NONE', #1857 ) ;
#2063 = DIRECTION ( 'NONE',  ( -0.9945218953682744001, -0.000000000000000000, -0.1045284632676430070 ) ) ;
#2064 = CARTESIAN_POINT ( 'NONE',  ( -0.5014609352743933934, 2.799999999999999822, -1.010922120592137485 ) ) ;
#2065 = VECTOR ( 'NONE', #2792, 999.9999999999998863 ) ;
#2066 = DIRECTION ( 'NONE',  ( -0.000000000000000000, 1.000000000000000000, -0.000000000000000000 ) ) ;
#2067 = DIRECTION ( 'NONE',  ( -0.000000000000000000, -1.000000000000000000, -0.000000000000000000 ) ) ;
#2068 = PRESENTATION_LAYER_ASSIGNMENT (  '', '', ( #4558 ) ) ;
#2069 = CARTESIAN_POINT ( 'NONE',  ( -0.5014609352743963910, 3.000000000000000000, -1.687951693915624496 ) ) ;
#2070 = ORIENTED_EDGE ( 'NONE', *, *, #172, .F. ) ;
#2071 = CARTESIAN_POINT ( 'NONE',  ( -1.516812141168301542, 2.800000000000000266, -1.114027395475791771 ) ) ;
#2072 = CYLINDRICAL_SURFACE ( 'NONE', #37, 0.2500000000000002220 ) ;
#2073 = CARTESIAN_POINT ( 'NONE',  ( -3.299999999999998934, 0.1499999999999999944, -1.799999999999999600 ) ) ;
#2074 = CIRCLE ( 'NONE', #5190, 0.08032613187428268298 ) ;
#2075 = FACE_OUTER_BOUND ( 'NONE', #614, .T. ) ;
#2076 = CARTESIAN_POINT ( 'NONE',  ( -1.516812141168301542, 3.000000000000000000, -1.574359523006807482 ) ) ;
#2077 = VERTEX_POINT ( 'NONE', #2721 ) ;
#2078 = DIRECTION ( 'NONE',  ( 0.000000000000000000, -0.000000000000000000, -1.000000000000000000 ) ) ;
#2079 = CARTESIAN_POINT ( 'NONE',  ( -0.7203756730072949921, 1.500624570026933613, 0.5952898833847928284 ) ) ;
#2080 = DIRECTION ( 'NONE',  ( -0.9945218953682494201, -0.000000000000000000, -0.1045284632678824543 ) ) ;
#2081 = CARTESIAN_POINT ( 'NONE',  ( -1.385209111706662277, 2.800000000000000266, 1.491006993288285454 ) ) ;
#2082 = EDGE_CURVE ( 'NONE', #3380, #755, #2074, .T. ) ;
#2083 = ORIENTED_EDGE ( 'NONE', *, *, #4837, .F. ) ;
#2084 = DIRECTION ( 'NONE',  ( -0.000000000000000000, -1.000000000000000000, -0.000000000000000000 ) ) ;
#2085 = FACE_OUTER_BOUND ( 'NONE', #1676, .T. ) ;
#2086 = VERTEX_POINT ( 'NONE', #2300 ) ;
#2087 = ORIENTED_EDGE ( 'NONE', *, *, #3312, .T. ) ;
#2088 = VECTOR ( 'NONE', #1, 1000.000000000000000 ) ;
#2089 = CARTESIAN_POINT ( 'NONE',  ( -0.5014609352743879533, 2.799999999999999822, 0.03252077422767544329 ) ) ;
#2090 = ADVANCED_FACE ( 'NONE', ( #1834, #4390 ), #4348, .T. ) ;
#2091 = EDGE_LOOP ( 'NONE', ( #4596, #4577, #1113, #2741 ) ) ;
#2092 = VECTOR ( 'NONE', #98, 1000.000000000000000 ) ;
#2093 = DIRECTION ( 'NONE',  ( 0.000000000000000000, 0.000000000000000000, 1.000000000000000000 ) ) ;
#2094 = EDGE_LOOP ( 'NONE', ( #1781, #1683, #1550, #4427 ) ) ;
#2095 = EDGE_LOOP ( 'NONE', ( #4890, #3964, #4914, #3796 ) ) ;
#2096 = CARTESIAN_POINT ( 'NONE',  ( 3.299999999999998934, 1.574999999999999512, -0.3500000000000000333 ) ) ;
#2097 = EDGE_CURVE ( 'NONE', #4244, #3656, #5283, .T. ) ;
#2098 = DIRECTION ( 'NONE',  ( 1.000000000000000000, 0.000000000000000000, -0.000000000000000000 ) ) ;
#2099 = VECTOR ( 'NONE', #2930, 1000.000000000000114 ) ;
#2100 = VECTOR ( 'NONE', #3468, 1000.000000000000000 ) ;
#2101 = CYLINDRICAL_SURFACE ( 'NONE', #3617, 0.1499999999999999667 ) ;
#2102 = VECTOR ( 'NONE', #4405, 1000.000000000000000 ) ;
#2103 = VECTOR ( 'NONE', #4544, 1000.000000000000000 ) ;
#2104 = CARTESIAN_POINT ( 'NONE',  ( -0.5014609352743933934, 2.799999999999999822, -1.467641810985258921 ) ) ;
#2105 = ORIENTED_EDGE ( 'NONE', *, *, #460, .T. ) ;
#2106 = DIRECTION ( 'NONE',  ( -3.252606517456513302E-16, 0.000000000000000000, 1.000000000000000000 ) ) ;
#2107 = DIRECTION ( 'NONE',  ( 0.000000000000000000, -0.000000000000000000, -1.000000000000000000 ) ) ;
#2108 = CARTESIAN_POINT ( 'NONE',  ( -1.436486009294027477, 2.800000000000000266, -0.5061170212600999418 ) ) ;
#2109 = VECTOR ( 'NONE', #4534, 1000.000000000000000 ) ;
#2110 = CARTESIAN_POINT ( 'NONE',  ( -0.5014609352743816251, 2.799999999999999822, 2.195704662467916179 ) ) ;
#2111 = CARTESIAN_POINT ( 'NONE',  ( 7.013307099422956270, 0.000000000000000000, -1.499999999999999778 ) ) ;
#2112 = CARTESIAN_POINT ( 'NONE',  ( -1.165886843973362508, 2.800000000000000266, -2.040086425358579536 ) ) ;
#2113 = FACE_BOUND ( 'NONE', #1768, .T. ) ;
#2114 = AXIS2_PLACEMENT_3D ( 'NONE', #2734, #2344, #627 ) ;
#2115 = DIRECTION ( 'NONE',  ( -3.381690884191657554E-15, 0.000000000000000000, -1.000000000000000000 ) ) ;
#2116 = EDGE_CURVE ( 'NONE', #2890, #1930, #214, .T. ) ;
#2117 = AXIS2_PLACEMENT_3D ( 'NONE', #2423, #4926, #3741 ) ;
#2118 = ORIENTED_EDGE ( 'NONE', *, *, #3765, .F. ) ;
#2119 = ORIENTED_EDGE ( 'NONE', *, *, #2598, .F. ) ;
#2120 = CARTESIAN_POINT ( 'NONE',  ( 3.625000000000000000, 0.000000000000000000, 0.000000000000000000 ) ) ;
#2121 = CARTESIAN_POINT ( 'NONE',  ( -0.7030802731876376610, 2.800000000000000266, -0.3325628371164328634 ) ) ;
#2122 = ORIENTED_EDGE ( 'NONE', *, *, #3423, .F. ) ;
#2123 =( BOUNDED_CURVE ( )  B_SPLINE_CURVE ( 3, ( #5350, #3657, #2731, #4931 ),
 .UNSPECIFIED., .F., .F. ) 
 B_SPLINE_CURVE_WITH_KNOTS ( ( 4, 4 ),
 ( 3.141592653589793116, 6.283185307179586232 ),
 .UNSPECIFIED. ) 
 CURVE ( )  GEOMETRIC_REPRESENTATION_ITEM ( )  RATIONAL_B_SPLINE_CURVE ( ( 1.000000000000000000, 0.3333333333333333703, 0.3333333333333333703, 1.000000000000000000 ) ) 
 REPRESENTATION_ITEM ( '' )  );
#2124 = EDGE_CURVE ( 'NONE', #952, #4628, #3094, .T. ) ;
#2125 = CARTESIAN_POINT ( 'NONE',  ( -0.7203756730072901071, 3.000000000000000000, 2.133753113937486567 ) ) ;
#2126 = VERTEX_POINT ( 'NONE', #1450 ) ;
#2127 = ORIENTED_EDGE ( 'NONE', *, *, #1784, .F. ) ;
#2128 = CARTESIAN_POINT ( 'NONE',  ( -7.013307099422956270, 1.274999999999999689, 0.3500000000000000333 ) ) ;
#2129 = LINE ( 'NONE', #2597, #1576 ) ;
#2130 = ADVANCED_FACE ( 'NONE', ( #4446 ), #1547, .F. ) ;
#2131 = DIRECTION ( 'NONE',  ( -0.000000000000000000, -0.000000000000000000, 1.000000000000000000 ) ) ;
#2132 = EDGE_LOOP ( 'NONE', ( #3790, #4391, #2257, #329, #512 ) ) ;
#2133 = CARTESIAN_POINT ( 'NONE',  ( -0.7984134529684051573, 2.999999999999999556, 1.763261945908604522 ) ) ;
#2134 = PLANE ( 'NONE',  #5102 ) ;
#2135 = CARTESIAN_POINT ( 'NONE',  ( -0.5014609352743963910, 2.799999999999999822, -2.338251699174043186 ) ) ;
#2136 = DIRECTION ( 'NONE',  ( -0.9945218953682756213, 0.000000000000000000, -0.1045284632676308223 ) ) ;
#2137 = APPLICATION_PROTOCOL_DEFINITION ( 'draft international standard', 'automotive_design', 1998, #1109 ) ;
#2138 = DIRECTION ( 'NONE',  ( -0.9799725457018959585, -0.000000000000000000, 0.1991326434077181629 ) ) ;
#2139 = CARTESIAN_POINT ( 'NONE',  ( -2.024999999999999467, 0.000000000000000000, -1.499999999999999556 ) ) ;
#2140 = DIRECTION ( 'NONE',  ( 0.000000000000000000, 1.000000000000000000, 0.000000000000000000 ) ) ;
#2141 = CYLINDRICAL_SURFACE ( 'NONE', #2458, 0.1499999999999999667 ) ;
#2142 = DIRECTION ( 'NONE',  ( 0.1308368968218802941, 0.000000000000000000, 0.9914039068059096182 ) ) ;
#2143 = ORIENTED_EDGE ( 'NONE', *, *, #527, .F. ) ;
#2144 = ORIENTED_EDGE ( 'NONE', *, *, #1063, .F. ) ;
#2145 = CARTESIAN_POINT ( 'NONE',  ( -1.516812141168295991, 2.799999999999999822, 0.6402039898684432906 ) ) ;
#2146 = CARTESIAN_POINT ( 'NONE',  ( -1.297897403435395836, 2.799999999999999822, 0.5285146380913131603 ) ) ;
#2147 = VERTEX_POINT ( 'NONE', #636 ) ;
#2148 = DIRECTION ( 'NONE',  ( 0.000000000000000000, 0.000000000000000000, 1.000000000000000000 ) ) ;
#2149 = VERTEX_POINT ( 'NONE', #139 ) ;
#2150 = VERTEX_POINT ( 'NONE', #3544 ) ;
#2151 = CARTESIAN_POINT ( 'NONE',  ( -0.7030802731876376610, 2.799999999999999822, -0.3325628371164328634 ) ) ;
#2152 = ADVANCED_FACE ( 'NONE', ( #5237 ), #1008, .F. ) ;
#2153 = LINE ( 'NONE', #4720, #3539 ) ;
#2154 = ADVANCED_FACE ( 'NONE', ( #4028 ), #165, .T. ) ;
#2155 = CARTESIAN_POINT ( 'NONE',  ( -1.016206775675810414, 3.000000000000000000, 2.151074462679381849 ) ) ;
#2156 = EDGE_LOOP ( 'NONE', ( #2893, #3599, #847, #2856 ) ) ;
#2157 = CARTESIAN_POINT ( 'NONE',  ( -0.6946163660038592313, 3.000000000000000000, 1.278669713583197254 ) ) ;
#2158 = CARTESIAN_POINT ( 'NONE',  ( 3.625000000000000000, 1.274999999999999689, 0.3500000000000000333 ) ) ;
#2159 = EDGE_CURVE ( 'NONE', #1348, #1453, #3928, .T. ) ;
#2160 = CARTESIAN_POINT ( 'NONE',  ( -1.471289618912902997, 1.500624570026933613, -0.4337222961802887911 ) ) ;
#2161 = CARTESIAN_POINT ( 'NONE',  ( -1.516812141168289774, 3.000000000000000000, 2.092599387584262782 ) ) ;
#2162 = DIRECTION ( 'NONE',  ( 0.000000000000000000, 0.000000000000000000, -1.000000000000000000 ) ) ;
#2163 = DIRECTION ( 'NONE',  ( 0.000000000000000000, 0.000000000000000000, 1.000000000000000000 ) ) ;
#2164 = AXIS2_PLACEMENT_3D ( 'NONE', #1744, #2941, #3452 ) ;
#2165 = CARTESIAN_POINT ( 'NONE',  ( -0.7030802731876385492, 3.000000000000000000, -0.5707348101209713809 ) ) ;
#2166 = CARTESIAN_POINT ( 'NONE',  ( -0.7960181702406859960, 2.799999999999999822, 1.605980824523348005 ) ) ;
#2167 = ORIENTED_EDGE ( 'NONE', *, *, #2531, .F. ) ;
#2168 = ORIENTED_EDGE ( 'NONE', *, *, #3158, .T. ) ;
#2169 = DIRECTION ( 'NONE',  ( 0.000000000000000000, 0.000000000000000000, -1.000000000000000000 ) ) ;
#2170 = CARTESIAN_POINT ( 'NONE',  ( -1.297897403435402275, 3.000000000000000000, -1.114027395475791771 ) ) ;
#2171 = ORIENTED_EDGE ( 'NONE', *, *, #4396, .F. ) ;
#2172 = LINE ( 'NONE', #2569, #2708 ) ;
#2173 = EDGE_LOOP ( 'NONE', ( #2334, #987, #3716, #5440 ) ) ;
#2174 = ORIENTED_EDGE ( 'NONE', *, *, #1976, .T. ) ;
#2175 = FACE_OUTER_BOUND ( 'NONE', #2900, .T. ) ;
#2176 = VECTOR ( 'NONE', #73, 1000.000000000000000 ) ;
#2177 = EDGE_CURVE ( 'NONE', #4506, #812, #1810, .T. ) ;
#2178 = ORIENTED_EDGE ( 'NONE', *, *, #1035, .T. ) ;
#2179 = VECTOR ( 'NONE', #4242, 1000.000000000000000 ) ;
#2180 = CIRCLE ( 'NONE', #3349, 0.2500000000000000000 ) ;
#2181 = LINE ( 'NONE', #3888, #5204 ) ;
#2182 = CARTESIAN_POINT ( 'NONE',  ( -1.516812141168295991, 3.000000000000000000, 1.321377513534234049 ) ) ;
#2183 = CARTESIAN_POINT ( 'NONE',  ( -2.024999999999999467, 3.600000000000000089, -1.499999999999999556 ) ) ;
#2184 = ORIENTED_EDGE ( 'NONE', *, *, #144, .F. ) ;
#2185 = PLANE ( 'NONE',  #2666 ) ;
#2186 = VECTOR ( 'NONE', #3646, 1000.000000000000000 ) ;
#2187 = VECTOR ( 'NONE', #1717, 1000.000000000000000 ) ;
#2188 = EDGE_CURVE ( 'NONE', #2931, #2261, #585, .T. ) ;
#2189 =( NAMED_UNIT ( * ) PLANE_ANGLE_UNIT ( ) SI_UNIT ( $, .RADIAN. ) );
#2190 = CARTESIAN_POINT ( 'NONE',  ( -2.024999999999999911, 0.2000000000000000944, 1.499999999999999556 ) ) ;
#2191 = CARTESIAN_POINT ( 'NONE',  ( -0.7203756730072901071, 2.800000000000000266, 2.133753113937486567 ) ) ;
#2192 = CARTESIAN_POINT ( 'NONE',  ( -3.299999999999998934, 1.274999999999999689, -0.3499999999999999223 ) ) ;
#2193 = ADVANCED_FACE ( 'NONE', ( #2695 ), #2278, .F. ) ;
#2194 = CARTESIAN_POINT ( 'NONE',  ( -1.212729927776586614, 2.799999999999999822, 0.6608675175293322601 ) ) ;
#2195 = EDGE_CURVE ( 'NONE', #4957, #3607, #5482, .T. ) ;
#2196 = SURFACE_STYLE_USAGE ( .BOTH. , #2638 ) ;
#2197 = EDGE_LOOP ( 'NONE', ( #3052, #1789, #2496, #385 ) ) ;
#2198 = LINE ( 'NONE', #928, #2361 ) ;
#2199 = CARTESIAN_POINT ( 'NONE',  ( -2.499999999999999112, 2.949999999999999734, 2.499999999999999556 ) ) ;
#2200 = AXIS2_PLACEMENT_3D ( 'NONE', #4825, #5250, #5271 ) ;
#2201 = ORIENTED_EDGE ( 'NONE', *, *, #589, .T. ) ;
#2202 = CIRCLE ( 'NONE', #2117, 0.1499999999999999667 ) ;
#2203 = AXIS2_PLACEMENT_3D ( 'NONE', #1227, #2920, #1164 ) ;
#2204 = CARTESIAN_POINT ( 'NONE',  ( -0.7030802731876463207, 1.500624570026933613, -2.130902535812262411 ) ) ;
#2205 = ORIENTED_EDGE ( 'NONE', *, *, #4866, .F. ) ;
#2206 = VERTEX_POINT ( 'NONE', #3815 ) ;
#2207 = DIRECTION ( 'NONE',  ( -0.9012599435649699675, 0.000000000000000000, -0.4332787949176226672 ) ) ;
#2208 = ORIENTED_EDGE ( 'NONE', *, *, #972, .F. ) ;
#2209 = B_SPLINE_SURFACE_WITH_KNOTS ( 'NONE', 3, 1, ( 
 ( #4702, #3001 ),
 ( #48, #889 ),
 ( #1336, #5146 ),
 ( #465, #490 ),
 ( #4302, #3029 ) ),
 .UNSPECIFIED., .F., .F., .F.,
 ( 4, 1, 4 ),
 ( 2, 2 ),
 ( 0.000000000000000000, 0.5178533069596279459, 1.000000000000000000 ),
 ( 0.000000000000000000, 1.000000000000000000 ),
 .UNSPECIFIED. ) ;
#2210 = LINE ( 'NONE', #3525, #3935 ) ;
#2211 = ORIENTED_EDGE ( 'NONE', *, *, #49, .T. ) ;
#2212 = CARTESIAN_POINT ( 'NONE',  ( 3.299999999999999822, 2.999999999999999112, -2.750000000000000000 ) ) ;
#2213 = CARTESIAN_POINT ( 'NONE',  ( -1.516812141168289552, 2.799999999999999822, 2.189085684373399676 ) ) ;
#2214 = CARTESIAN_POINT ( 'NONE',  ( -1.516812141168301542, 3.000000000000000000, -1.574359523006807482 ) ) ;
#2215 = CARTESIAN_POINT ( 'NONE',  ( -1.299999999999998712, 0.1499999999999999944, -1.799999999999999822 ) ) ;
#2216 = ADVANCED_FACE ( 'NONE', ( #4553 ), #832, .T. ) ;
#2217 = LINE ( 'NONE', #1391, #4600 ) ;
#2218 = EDGE_CURVE ( 'NONE', #4619, #3380, #1670, .T. ) ;
#2219 = EDGE_LOOP ( 'NONE', ( #5492, #4992, #5276, #2551, #2293, #3438, #3933, #4029 ) ) ;
#2220 = DIRECTION ( 'NONE',  ( -0.000000000000000000, 1.000000000000000000, -0.000000000000000000 ) ) ;
#2221 = FACE_OUTER_BOUND ( 'NONE', #1998, .T. ) ;
#2222 = ORIENTED_EDGE ( 'NONE', *, *, #1379, .F. ) ;
#2223 = EDGE_CURVE ( 'NONE', #812, #167, #1500, .T. ) ;
#2224 = CARTESIAN_POINT ( 'NONE',  ( -0.5014609352743726323, 3.000000000000000000, 2.316055673014647542 ) ) ;
#2225 = ORIENTED_EDGE ( 'NONE', *, *, #4574, .T. ) ;
#2226 = ORIENTED_EDGE ( 'NONE', *, *, #1063, .T. ) ;
#2227 = CARTESIAN_POINT ( 'NONE',  ( -1.212729927776586392, 2.800000000000000266, 0.6608675175293323711 ) ) ;
#2228 = EDGE_CURVE ( 'NONE', #5333, #3381, #1825, .T. ) ;
#2229 = ORIENTED_EDGE ( 'NONE', *, *, #4367, .F. ) ;
#2230 = CARTESIAN_POINT ( 'NONE',  ( -0.5014609352743879533, 1.500624570026933613, 0.03252077422767544329 ) ) ;
#2231 = EDGE_LOOP ( 'NONE', ( #343, #4176, #1383, #1915 ) ) ;
#2232 = DIRECTION ( 'NONE',  ( 0.000000000000000000, -0.000000000000000000, 1.000000000000000000 ) ) ;
#2233 = DIRECTION ( 'NONE',  ( -0.1991326434077181629, 0.000000000000000000, -0.9799725457018959585 ) ) ;
#2234 = SURFACE_SIDE_STYLE ('',( #1018 ) ) ;
#2235 = PLANE ( 'NONE',  #1822 ) ;
#2236 =( GEOMETRIC_REPRESENTATION_CONTEXT ( 3 ) GLOBAL_UNCERTAINTY_ASSIGNED_CONTEXT ( ( #3171 ) ) GLOBAL_UNIT_ASSIGNED_CONTEXT ( ( #1281, #2189, #413 ) ) REPRESENTATION_CONTEXT ( 'NONE', 'WORKASPACE' ) );
#2237 = CARTESIAN_POINT ( 'NONE',  ( -3.625000000000000000, 1.574999999999999512, -0.3500000000000000333 ) ) ;
#2238 = CARTESIAN_POINT ( 'NONE',  ( -1.297897403435401387, 3.000000000000000000, -1.069624706599098918 ) ) ;
#2239 = EDGE_LOOP ( 'NONE', ( #4887, #166, #4004, #1201, #1564, #886, #5011, #2031, #4039, #2275 ) ) ;
#2240 = AXIS2_PLACEMENT_3D ( 'NONE', #2489, #915, #2578 ) ;
#2241 = LINE ( 'NONE', #2349, #923 ) ;
#2242 = EDGE_CURVE ( 'NONE', #3119, #4792, #4256, .T. ) ;
#2243 = CARTESIAN_POINT ( 'NONE',  ( -1.298062317535383370, 2.999999999999999556, 0.1254717406449373518 ) ) ;
#2244 = VERTEX_POINT ( 'NONE', #1253 ) ;
#2245 = EDGE_CURVE ( 'NONE', #2390, #913, #4886, .T. ) ;
#2246 = VECTOR ( 'NONE', #3566, 999.9999999999998863 ) ;
#2247 = DIRECTION ( 'NONE',  ( 0.000000000000000000, 1.376764663473656710E-16, 1.000000000000000000 ) ) ;
#2248 = VERTEX_POINT ( 'NONE', #2467 ) ;
#2249 = EDGE_CURVE ( 'NONE', #3891, #3304, #805, .T. ) ;
#2250 = CARTESIAN_POINT ( 'NONE',  ( -1.316527014741132540, 2.799999999999999822, 1.145459749854739417 ) ) ;
#2251 = ORIENTED_EDGE ( 'NONE', *, *, #626, .T. ) ;
#2252 = EDGE_CURVE ( 'NONE', #4591, #1873, #1282, .T. ) ;
#2253 = EDGE_CURVE ( 'NONE', #4443, #3615, #1084, .T. ) ;
#2254 = EDGE_LOOP ( 'NONE', ( #280, #1708, #3847, #549 ) ) ;
#2255 = CARTESIAN_POINT ( 'NONE',  ( -1.516812141168289774, 2.799999999999999822, 0.1191178942344804093 ) ) ;
#2256 = VECTOR ( 'NONE', #1247, 1000.000000000000000 ) ;
#2257 = ORIENTED_EDGE ( 'NONE', *, *, #972, .T. ) ;
#2258 = CARTESIAN_POINT ( 'NONE',  ( -1.471289618912914543, 3.000000000000000000, -1.993890021871697060 ) ) ;
#2259 = AXIS2_PLACEMENT_3D ( 'NONE', #1972, #4477, #3259 ) ;
#2260 = VECTOR ( 'NONE', #1852, 1000.000000000000000 ) ;
#2261 = VERTEX_POINT ( 'NONE', #3400 ) ;
#2262 = CARTESIAN_POINT ( 'NONE',  ( -0.5014609352743903958, 2.800000000000000266, -0.7780839734827847964 ) ) ;
#2263 = DIRECTION ( 'NONE',  ( -0.000000000000000000, -0.000000000000000000, -1.000000000000000000 ) ) ;
#2264 = AXIS2_PLACEMENT_3D ( 'NONE', #2199, #929, #979 ) ;
#2265 = FACE_OUTER_BOUND ( 'NONE', #299, .T. ) ;
#2266 = DIRECTION ( 'NONE',  ( -0.000000000000000000, 1.000000000000000000, -0.000000000000000000 ) ) ;
#2267 = ORIENTED_EDGE ( 'NONE', *, *, #2044, .F. ) ;
#2268 = AXIS2_PLACEMENT_3D ( 'NONE', #2108, #1187, #1693 ) ;
#2269 = DIRECTION ( 'NONE',  ( 0.000000000000000000, -0.000000000000000000, -1.000000000000000000 ) ) ;
#2270 = PLANE ( 'NONE',  #501 ) ;
#2271 = ORIENTED_EDGE ( 'NONE', *, *, #4267, .T. ) ;
#2272 = MECHANICAL_DESIGN_GEOMETRIC_PRESENTATION_REPRESENTATION (  '', ( #3968 ), #5293 ) ;
#2273 = EDGE_CURVE ( 'NONE', #4884, #1358, #2434, .T. ) ;
#2274 = CARTESIAN_POINT ( 'NONE',  ( -0.5014609352743816251, 3.000000000000000000, 2.195704662467916179 ) ) ;
#2275 = ORIENTED_EDGE ( 'NONE', *, *, #2223, .T. ) ;
#2276 = CARTESIAN_POINT ( 'NONE',  ( -0.5014609352743845117, 3.000000000000000000, 1.738984972074796298 ) ) ;
#2277 = VECTOR ( 'NONE', #5067, 1000.000000000000227 ) ;
#2278 = PLANE ( 'NONE',  #1188 ) ;
#2279 = ORIENTED_EDGE ( 'NONE', *, *, #3129, .F. ) ;
#2280 = VECTOR ( 'NONE', #4101, 1000.000000000000000 ) ;
#2281 = EDGE_CURVE ( 'NONE', #756, #818, #4502, .T. ) ;
#2282 = ADVANCED_FACE ( 'NONE', ( #1226 ), #5420, .T. ) ;
#2283 = ORIENTED_EDGE ( 'NONE', *, *, #4717, .T. ) ;
#2284 = DIRECTION ( 'NONE',  ( 0.1045284632676430209, 0.000000000000000000, -0.9945218953682745111 ) ) ;
#2285 = VERTEX_POINT ( 'NONE', #1192 ) ;
#2286 = EDGE_CURVE ( 'NONE', #1108, #3266, #2881, .T. ) ;
#2287 = FACE_OUTER_BOUND ( 'NONE', #1445, .T. ) ;
#2288 = VERTEX_POINT ( 'NONE', #2976 ) ;
#2289 = LINE ( 'NONE', #3233, #1107 ) ;
#2290 = SURFACE_STYLE_USAGE ( .BOTH. , #569 ) ;
#2291 = DIRECTION ( 'NONE',  ( 0.000000000000000000, 1.000000000000000000, 0.000000000000000000 ) ) ;
#2292 = FACE_OUTER_BOUND ( 'NONE', #148, .T. ) ;
#2293 = ORIENTED_EDGE ( 'NONE', *, *, #1938, .T. ) ;
#2294 = DIRECTION ( 'NONE',  ( -0.9012599435649698565, -0.000000000000000000, -0.4332787949176226117 ) ) ;
#2295 = CARTESIAN_POINT ( 'NONE',  ( -0.7182766836144757194, 2.799999999999999822, 0.1915760727600490099 ) ) ;
#2296 = ORIENTED_EDGE ( 'NONE', *, *, #2281, .T. ) ;
#2297 = CARTESIAN_POINT ( 'NONE',  ( -2.749999999999999112, 0.1499999999999999944, 3.299999999999999822 ) ) ;
#2298 = ORIENTED_EDGE ( 'NONE', *, *, #4774, .F. ) ;
#2299 = CARTESIAN_POINT ( 'NONE',  ( -0.5014609352743933934, 2.799999999999999822, -1.527646951463584868 ) ) ;
#2300 = CARTESIAN_POINT ( 'NONE',  ( -3.625000000000000000, 1.324999999999999512, -0.3499999999999999223 ) ) ;
#2301 = B_SPLINE_CURVE_WITH_KNOTS ( 'NONE', 3,
 ( #1747, #1775, #3480, #103, #3053 ),
 .UNSPECIFIED., .F., .F.,
 ( 4, 1, 4 ),
 ( 0.000000000000000000, 0.4877098465503992841, 1.000000000000000000 ),
 .UNSPECIFIED. ) ;
#2302 = ORIENTED_EDGE ( 'NONE', *, *, #115, .F. ) ;
#2303 = B_SPLINE_CURVE_WITH_KNOTS ( 'NONE', 3,
 ( #3361, #1685, #4182, #1268, #2064 ),
 .UNSPECIFIED., .F., .F.,
 ( 4, 1, 4 ),
 ( 0.000000000000000000, 0.5178533069596279459, 1.000000000000000000 ),
 .UNSPECIFIED. ) ;
#2304 = ORIENTED_EDGE ( 'NONE', *, *, #1791, .F. ) ;
#2305 = ADVANCED_FACE ( 'NONE', ( #4586 ), #5447, .F. ) ;
#2306 = DIRECTION ( 'NONE',  ( -0.000000000000000000, 0.000000000000000000, 1.000000000000000000 ) ) ;
#2307 = ORIENTED_EDGE ( 'NONE', *, *, #4086, .F. ) ;
#2308 = EDGE_CURVE ( 'NONE', #5281, #2991, #2919, .T. ) ;
#2309 = CARTESIAN_POINT ( 'NONE',  ( -7.013307099422956270, 1.574999999999999956, 1.500000000000000000 ) ) ;
#2310 = ORIENTED_EDGE ( 'NONE', *, *, #1527, .F. ) ;
#2311 = PLANE ( 'NONE',  #1658 ) ;
#2312 = ADVANCED_FACE ( 'NONE', ( #4195 ), #1339, .T. ) ;
#2313 = DIRECTION ( 'NONE',  ( 0.000000000000000000, 0.000000000000000000, -1.000000000000000000 ) ) ;
#2314 = DIRECTION ( 'NONE',  ( -1.000000000000000000, 0.000000000000000000, -1.204669080539449344E-16 ) ) ;
#2315 = CARTESIAN_POINT ( 'NONE',  ( -3.625000000000000000, 0.2000000000000000944, 1.499999999999999556 ) ) ;
#2316 = DIRECTION ( 'NONE',  ( 0.000000000000000000, 1.000000000000000000, 0.000000000000000000 ) ) ;
#2317 = ORIENTED_EDGE ( 'NONE', *, *, #4896, .T. ) ;
#2318 = DIRECTION ( 'NONE',  ( 0.000000000000000000, 0.000000000000000000, -1.000000000000000000 ) ) ;
#2319 = EDGE_CURVE ( 'NONE', #5491, #563, #2985, .T. ) ;
#2320 = PLANE ( 'NONE',  #3148 ) ;
#2321 = AXIS2_PLACEMENT_3D ( 'NONE', #1607, #2852, #4620 ) ;
#2322 = ORIENTED_EDGE ( 'NONE', *, *, #4296, .F. ) ;
#2323 = VECTOR ( 'NONE', #122, 1000.000000000000000 ) ;
#2324 = DIRECTION ( 'NONE',  ( 0.000000000000000000, 0.000000000000000000, 1.000000000000000000 ) ) ;
#2325 = ORIENTED_EDGE ( 'NONE', *, *, #1434, .T. ) ;
#2326 = DIRECTION ( 'NONE',  ( 0.000000000000000000, 1.000000000000000000, 0.000000000000000000 ) ) ;
#2327 = CARTESIAN_POINT ( 'NONE',  ( 7.013307099422956270, 1.574999999999999956, 1.500000000000000000 ) ) ;
#2328 = ORIENTED_EDGE ( 'NONE', *, *, #1068, .F. ) ;
#2329 = VECTOR ( 'NONE', #5319, 1000.000000000000000 ) ;
#2330 = AXIS2_PLACEMENT_3D ( 'NONE', #732, #4118, #5470 ) ;
#2331 = DIRECTION ( 'NONE',  ( 1.445602896647339656E-16, 0.000000000000000000, 1.000000000000000000 ) ) ;
#2332 = ORIENTED_EDGE ( 'NONE', *, *, #2420, .T. ) ;
#2333 = CARTESIAN_POINT ( 'NONE',  ( -0.7203756730072949921, 1.500624570026933613, 0.5952898833847928284 ) ) ;
#2334 = ORIENTED_EDGE ( 'NONE', *, *, #3127, .F. ) ;
#2335 = CARTESIAN_POINT ( 'NONE',  ( -0.7984134529684051573, 3.000000000000000444, 1.763261945908604522 ) ) ;
#2336 = EDGE_CURVE ( 'NONE', #4173, #2339, #3066, .T. ) ;
#2337 = CARTESIAN_POINT ( 'NONE',  ( -1.385209111706662277, 2.799999999999999822, 1.491006993288285454 ) ) ;
#2338 = VECTOR ( 'NONE', #1890, 1000.000000000000000 ) ;
#2339 = VERTEX_POINT ( 'NONE', #4306 ) ;
#2340 = LINE ( 'NONE', #4520, #656 ) ;
#2341 = CARTESIAN_POINT ( 'NONE',  ( -1.516812141168289774, 3.000000000000000000, 0.9697686155562685872 ) ) ;
#2342 = CARTESIAN_POINT ( 'NONE',  ( -3.299999999999998934, 15.33380951166242845, 2.750000000000000000 ) ) ;
#2343 = VECTOR ( 'NONE', #1232, 1000.000000000000000 ) ;
#2344 = DIRECTION ( 'NONE',  ( 0.000000000000000000, -1.000000000000000000, 0.000000000000000000 ) ) ;
#2345 = EDGE_CURVE ( 'NONE', #4556, #926, #3503, .T. ) ;
#2346 = CARTESIAN_POINT ( 'NONE',  ( -1.297897403435401387, 3.000000000000000000, -1.069624706599098918 ) ) ;
#2347 = ORIENTED_EDGE ( 'NONE', *, *, #4787, .F. ) ;
#2348 = EDGE_CURVE ( 'NONE', #3874, #2126, #1776, .T. ) ;
#2349 = CARTESIAN_POINT ( 'NONE',  ( -1.516812141168301542, 2.799999999999999822, -1.114027395475791771 ) ) ;
#2350 = DIRECTION ( 'NONE',  ( 1.204669080539449344E-16, -0.000000000000000000, -1.000000000000000000 ) ) ;
#2351 = VECTOR ( 'NONE', #1052, 1000.000000000000114 ) ;
#2352 = CIRCLE ( 'NONE', #2704, 0.1499999999999999667 ) ;
#2353 = ORIENTED_EDGE ( 'NONE', *, *, #5304, .T. ) ;
#2354 = EDGE_CURVE ( 'NONE', #3764, #4612, #1721, .T. ) ;
#2355 = VECTOR ( 'NONE', #2039, 1000.000000000000000 ) ;
#2356 = CIRCLE ( 'NONE', #4492, 0.08032613187428268298 ) ;
#2357 = CARTESIAN_POINT ( 'NONE',  ( -0.7203756730072949921, 2.799999999999999822, 0.5952898833847928284 ) ) ;
#2358 = ORIENTED_EDGE ( 'NONE', *, *, #1315, .T. ) ;
#2359 = DIRECTION ( 'NONE',  ( -1.000000000000000000, 0.000000000000000000, 0.000000000000000000 ) ) ;
#2360 = ORIENTED_EDGE ( 'NONE', *, *, #2524, .T. ) ;
#2361 = VECTOR ( 'NONE', #1782, 1000.000000000000000 ) ;
#2362 = DIRECTION ( 'NONE',  ( 0.000000000000000000, 1.000000000000000000, 0.000000000000000000 ) ) ;
#2363 = ORIENTED_EDGE ( 'NONE', *, *, #911, .T. ) ;
#2364 = ORIENTED_EDGE ( 'NONE', *, *, #458, .F. ) ;
#2365 = DIRECTION ( 'NONE',  ( -3.470849084279738984E-15, 0.000000000000000000, -1.000000000000000000 ) ) ;
#2366 = LINE ( 'NONE', #2749, #2329 ) ;
#2367 = AXIS2_PLACEMENT_3D ( 'NONE', #547, #949, #107 ) ;
#2368 = ORIENTED_EDGE ( 'NONE', *, *, #2218, .T. ) ;
#2369 = CARTESIAN_POINT ( 'NONE',  ( -0.6946163660038592313, 2.799999999999999822, 1.278669713583197254 ) ) ;
#2370 = CARTESIAN_POINT ( 'NONE',  ( 2.024999999999999467, 0.000000000000000000, -1.499999999999999556 ) ) ;
#2371 = VERTEX_POINT ( 'NONE', #496 ) ;
#2372 = FACE_OUTER_BOUND ( 'NONE', #2593, .T. ) ;
#2373 = DIRECTION ( 'NONE',  ( -0.9012599435649699675, 0.000000000000000000, -0.4332787949176226672 ) ) ;
#2374 = DIRECTION ( 'NONE',  ( -0.000000000000000000, -1.376764663473656710E-16, -1.000000000000000000 ) ) ;
#2375 = CARTESIAN_POINT ( 'NONE',  ( -1.452481564268863767, 2.799999999999999822, -2.145002150890730874 ) ) ;
#2376 = VERTEX_POINT ( 'NONE', #2190 ) ;
#2377 =( NAMED_UNIT ( * ) SI_UNIT ( $, .STERADIAN. ) SOLID_ANGLE_UNIT ( ) );
#2378 = DIRECTION ( 'NONE',  ( -0.9945218953682907204, 0.000000000000000000, -0.1045284632674874092 ) ) ;
#2379 = DIRECTION ( 'NONE',  ( 0.000000000000000000, 0.000000000000000000, 1.000000000000000000 ) ) ;
#2380 = EDGE_CURVE ( 'NONE', #3406, #1053, #4704, .T. ) ;
#2381 = ORIENTED_EDGE ( 'NONE', *, *, #4392, .F. ) ;
#2382 = EDGE_CURVE ( 'NONE', #1505, #5135, #1360, .T. ) ;
#2383 = CARTESIAN_POINT ( 'NONE',  ( -0.5014609352743933934, 2.800000000000000266, -1.527646951463584868 ) ) ;
#2384 = ORIENTED_EDGE ( 'NONE', *, *, #2044, .T. ) ;
#2385 = FACE_OUTER_BOUND ( 'NONE', #2908, .T. ) ;
#2386 = EDGE_CURVE ( 'NONE', #1839, #3564, #4755, .T. ) ;
#2387 = ORIENTED_EDGE ( 'NONE', *, *, #1213, .T. ) ;
#2388 = CARTESIAN_POINT ( 'NONE',  ( 2.024999999999999911, 0.000000000000000000, 1.499999999999999556 ) ) ;
#2389 = ORIENTED_EDGE ( 'NONE', *, *, #3720, .F. ) ;
#2390 = VERTEX_POINT ( 'NONE', #2632 ) ;
#2391 = FACE_OUTER_BOUND ( 'NONE', #907, .T. ) ;
#2392 = EDGE_CURVE ( 'NONE', #4352, #1815, #4419, .T. ) ;
#2393 = LINE ( 'NONE', #2869, #3324 ) ;
#2394 = VECTOR ( 'NONE', #348, 1000.000000000000000 ) ;
#2395 = ORIENTED_EDGE ( 'NONE', *, *, #1317, .T. ) ;
#2396 = CLOSED_SHELL ( 'NONE', ( #119, #1932, #797, #5215, #3547, #1680, #5162, #492, #3797, #4690, #995, #1573, #3619, #1384, #5393 ) ) ;
#2397 = LINE ( 'NONE', #1244, #2559 ) ;
#2398 = DIRECTION ( 'NONE',  ( 0.000000000000000000, 1.000000000000000000, -0.000000000000000000 ) ) ;
#2399 = VERTEX_POINT ( 'NONE', #1411 ) ;
#2400 = LINE ( 'NONE', #408, #2986 ) ;
#2401 = CARTESIAN_POINT ( 'NONE',  ( -0.5025166106310917646, 3.000000000000000000, 0.8645148824455187730 ) ) ;
#2402 = PLANE ( 'NONE',  #5289 ) ;
#2403 = CARTESIAN_POINT ( 'NONE',  ( -0.7203756730073016534, 3.000000000000000000, -1.016940483680808693 ) ) ;
#2404 = DIRECTION ( 'NONE',  ( -0.000000000000000000, 1.000000000000000000, -0.000000000000000000 ) ) ;
#2405 = ORIENTED_EDGE ( 'NONE', *, *, #2745, .F. ) ;
#2406 = PLANE ( 'NONE',  #5182 ) ;
#2407 = CARTESIAN_POINT ( 'NONE',  ( -0.5014609352743963910, 2.799999999999999822, -1.687951693915624496 ) ) ;
#2408 = CARTESIAN_POINT ( 'NONE',  ( -0.5014609352743879533, 2.799999999999999822, 0.03252077422767544329 ) ) ;
#2409 = ORIENTED_EDGE ( 'NONE', *, *, #1138, .T. ) ;
#2410 = ADVANCED_FACE ( 'NONE', ( #522 ), #4035, .F. ) ;
#2411 = DIRECTION ( 'NONE',  ( 0.000000000000000000, 1.000000000000000000, 0.000000000000000000 ) ) ;
#2412 = ORIENTED_EDGE ( 'NONE', *, *, #2663, .T. ) ;
#2413 = ADVANCED_FACE ( 'NONE', ( #2656 ), #4355, .F. ) ;
#2414 = EDGE_LOOP ( 'NONE', ( #3977, #2643, #2307, #2418 ) ) ;
#2415 = EDGE_CURVE ( 'NONE', #1162, #1470, #125, .T. ) ;
#2416 = CARTESIAN_POINT ( 'NONE',  ( -0.7203756730073016534, 2.800000000000000266, -1.016940483680808693 ) ) ;
#2417 = ORIENTED_EDGE ( 'NONE', *, *, #4149, .T. ) ;
#2418 = ORIENTED_EDGE ( 'NONE', *, *, #909, .T. ) ;
#2419 = DIRECTION ( 'NONE',  ( 0.000000000000000000, -1.000000000000000000, 0.000000000000000000 ) ) ;
#2420 = EDGE_CURVE ( 'NONE', #756, #198, #3531, .T. ) ;
#2421 = LINE ( 'NONE', #4064, #3939 ) ;
#2422 = CARTESIAN_POINT ( 'NONE',  ( -0.6946163660038592313, 3.000000000000000000, 1.278669713583197254 ) ) ;
#2423 = CARTESIAN_POINT ( 'NONE',  ( -2.499999999999999112, 3.000000000000000000, 2.499999999999999556 ) ) ;
#2424 = EDGE_CURVE ( 'NONE', #2929, #5096, #4374, .T. ) ;
#2425 = LINE ( 'NONE', #5410, #2996 ) ;
#2426 = ORIENTED_EDGE ( 'NONE', *, *, #2354, .F. ) ;
#2427 = CARTESIAN_POINT ( 'NONE',  ( -1.516812141168295991, 3.000000000000000000, 0.6402039898684432906 ) ) ;
#2428 = DIRECTION ( 'NONE',  ( -0.000000000000000000, 1.000000000000000000, -0.000000000000000000 ) ) ;
#2429 = LINE ( 'NONE', #4642, #673 ) ;
#2430 = CARTESIAN_POINT ( 'NONE',  ( -0.5014609352743879533, 3.000000000000000000, 0.03252077422767544329 ) ) ;
#2431 = CARTESIAN_POINT ( 'NONE',  ( -1.516812141168295991, 3.000000000000000000, 1.321377513534234049 ) ) ;
#2432 = ORIENTED_EDGE ( 'NONE', *, *, #3228, .T. ) ;
#2433 = CARTESIAN_POINT ( 'NONE',  ( -1.516812141168289774, 3.000000000000000000, 1.632267260053192892 ) ) ;
#2434 = LINE ( 'NONE', #352, #1122 ) ;
#2435 = DIRECTION ( 'NONE',  ( -6.409502211720185473E-15, 0.000000000000000000, -1.000000000000000000 ) ) ;
#2436 = CARTESIAN_POINT ( 'NONE',  ( -0.5014609352743963910, 3.000000000000000000, -1.795802496286066807 ) ) ;
#2437 = AXIS2_PLACEMENT_3D ( 'NONE', #3405, #870, #1289 ) ;
#2438 = VERTEX_POINT ( 'NONE', #4874 ) ;
#2439 = CARTESIAN_POINT ( 'NONE',  ( -1.471289618912914543, 2.799999999999999822, -1.993890021871697060 ) ) ;
#2440 = CARTESIAN_POINT ( 'NONE',  ( -1.169744343679354204, 2.799999999999999822, -2.069316255566389096 ) ) ;
#2441 = ORIENTED_EDGE ( 'NONE', *, *, #4158, .F. ) ;
#2442 = VECTOR ( 'NONE', #68, 1000.000000000000114 ) ;
#2443 = EDGE_LOOP ( 'NONE', ( #1302, #3846, #14, #2866 ) ) ;
#2444 = EDGE_CURVE ( 'NONE', #2762, #5217, #5296, .T. ) ;
#2445 = AXIS2_PLACEMENT_3D ( 'NONE', #1264, #3851, #3471 ) ;
#2446 = VECTOR ( 'NONE', #1923, 1000.000000000000000 ) ;
#2447 = CARTESIAN_POINT ( 'NONE',  ( -7.013307099422956270, 1.574999999999999512, -0.3500000000000000333 ) ) ;
#2448 = EDGE_LOOP ( 'NONE', ( #1058, #1855, #876, #2982 ) ) ;
#2449 = ORIENTED_EDGE ( 'NONE', *, *, #4392, .T. ) ;
#2450 = CARTESIAN_POINT ( 'NONE',  ( -1.516812141168289774, 3.000000000000000000, 0.9697686155562685872 ) ) ;
#2451 = DIRECTION ( 'NONE',  ( -1.000000000000000000, 0.000000000000000000, 0.000000000000000000 ) ) ;
#2452 = EDGE_CURVE ( 'NONE', #3380, #5165, #175, .T. ) ;
#2453 = DIRECTION ( 'NONE',  ( 0.9933818551354655080, 0.000000000000000000, 0.1148585647116543151 ) ) ;
#2454 = LINE ( 'NONE', #4573, #894 ) ;
#2455 = EDGE_CURVE ( 'NONE', #1815, #4352, #2123, .T. ) ;
#2456 = LINE ( 'NONE', #1661, #4240 ) ;
#2457 = ORIENTED_EDGE ( 'NONE', *, *, #2228, .F. ) ;
#2458 = AXIS2_PLACEMENT_3D ( 'NONE', #2857, #3844, #5038 ) ;
#2459 = DIRECTION ( 'NONE',  ( 1.000000000000000000, -0.000000000000000000, -0.000000000000000000 ) ) ;
#2460 = LINE ( 'NONE', #3686, #1286 ) ;
#2461 = CARTESIAN_POINT ( 'NONE',  ( -3.625000000000000000, 1.324999999999999289, -4.996757838411453203E-16 ) ) ;
#2462 = ADVANCED_FACE ( 'NONE', ( #3990 ), #3191, .T. ) ;
#2463 = LINE ( 'NONE', #2430, #4730 ) ;
#2464 = VECTOR ( 'NONE', #4587, 1000.000000000000000 ) ;
#2465 = CARTESIAN_POINT ( 'NONE',  ( -0.5152686526748860851, 2.800000000000000266, 1.544919730039651773 ) ) ;
#2466 = ORIENTED_EDGE ( 'NONE', *, *, #2654, .T. ) ;
#2467 = CARTESIAN_POINT ( 'NONE',  ( 3.625000000000000000, 1.324999999999999512, 0.3500000000000000333 ) ) ;
#2468 = CARTESIAN_POINT ( 'NONE',  ( 2.750000000000000000, 2.999999999999999112, 3.299999999999999822 ) ) ;
#2469 = PLANE ( 'NONE',  #5375 ) ;
#2470 = EDGE_LOOP ( 'NONE', ( #982, #1636, #4602, #2670 ) ) ;
#2471 = PLANE ( 'NONE',  #5300 ) ;
#2472 = FILL_AREA_STYLE ('',( #390 ) ) ;
#2473 = EDGE_LOOP ( 'NONE', ( #3913, #2672, #3321, #609 ) ) ;
#2474 = ORIENTED_EDGE ( 'NONE', *, *, #3893, .T. ) ;
#2475 = DIRECTION ( 'NONE',  ( 1.445602896647339656E-16, 0.000000000000000000, -1.000000000000000000 ) ) ;
#2476 = CARTESIAN_POINT ( 'NONE',  ( -0.7203756730073018755, 2.800000000000000266, -1.072873669122563545 ) ) ;
#2477 = ORIENTED_EDGE ( 'NONE', *, *, #3839, .T. ) ;
#2478 = LINE ( 'NONE', #3411, #216 ) ;
#2479 = ORIENTED_EDGE ( 'NONE', *, *, #1848, .T. ) ;
#2480 = ORIENTED_EDGE ( 'NONE', *, *, #3095, .T. ) ;
#2481 = DIRECTION ( 'NONE',  ( 0.000000000000000000, 0.000000000000000000, -1.000000000000000000 ) ) ;
#2482 = CARTESIAN_POINT ( 'NONE',  ( -0.7182766836144757194, 3.000000000000000000, 0.1915760727600490099 ) ) ;
#2483 = PLANE ( 'NONE',  #3562 ) ;
#2484 = FACE_OUTER_BOUND ( 'NONE', #4366, .T. ) ;
#2485 = EDGE_CURVE ( 'NONE', #1246, #1320, #1925, .T. ) ;
#2486 = LINE ( 'NONE', #372, #3700 ) ;
#2487 = ORIENTED_EDGE ( 'NONE', *, *, #2779, .F. ) ;
#2488 = DIRECTION ( 'NONE',  ( -0.000000000000000000, 1.000000000000000000, -0.000000000000000000 ) ) ;
#2489 = CARTESIAN_POINT ( 'NONE',  ( -1.516812141168295991, 1.500624570026933613, 0.6402039898684432906 ) ) ;
#2490 = DIRECTION ( 'NONE',  ( -1.445602896647339656E-16, 0.000000000000000000, -1.000000000000000000 ) ) ;
#2491 = ADVANCED_FACE ( 'NONE', ( #3203 ), #2311, .F. ) ;
#2492 = CARTESIAN_POINT ( 'NONE',  ( -1.299999999999999156, 0.1999999999999999833, 1.800000000000000266 ) ) ;
#2493 = EDGE_CURVE ( 'NONE', #4108, #1453, #3150, .T. ) ;
#2494 = CLOSED_SHELL ( 'NONE', ( #3009, #4075, #1614, #3678, #3955, #3638, #5409, #3429, #937, #4810 ) ) ;
#2495 = PLANE ( 'NONE',  #5478 ) ;
#2496 = ORIENTED_EDGE ( 'NONE', *, *, #1469, .T. ) ;
#2497 = CARTESIAN_POINT ( 'NONE',  ( -0.7182766836144757194, 2.800000000000000266, 0.1915760727600490099 ) ) ;
#2498 = DIRECTION ( 'NONE',  ( -1.000000000000000000, 0.000000000000000000, 0.000000000000000000 ) ) ;
#2499 = CARTESIAN_POINT ( 'NONE',  ( -1.516812141168295991, 2.799999999999999822, 0.6402039898684432906 ) ) ;
#2500 = CARTESIAN_POINT ( 'NONE',  ( -2.749999999999999112, 15.33380951166242845, 3.299999999999999822 ) ) ;
#2501 = ORIENTED_EDGE ( 'NONE', *, *, #2245, .F. ) ;
#2502 = DIRECTION ( 'NONE',  ( -0.9945218953682744001, -0.000000000000000000, -0.1045284632676430070 ) ) ;
#2503 = EDGE_CURVE ( 'NONE', #3119, #3736, #1435, .T. ) ;
#2504 = CARTESIAN_POINT ( 'NONE',  ( -0.7030802731876463207, 3.000000000000000000, -2.130902535812262411 ) ) ;
#2505 = ORIENTED_EDGE ( 'NONE', *, *, #3654, .F. ) ;
#2506 = EDGE_LOOP ( 'NONE', ( #3975, #4899, #3674, #1705 ) ) ;
#2507 = FACE_OUTER_BOUND ( 'NONE', #1402, .T. ) ;
#2508 = LINE ( 'NONE', #3409, #137 ) ;
#2509 = VERTEX_POINT ( 'NONE', #2262 ) ;
#2510 = FACE_OUTER_BOUND ( 'NONE', #5063, .T. ) ;
#2511 = ORIENTED_EDGE ( 'NONE', *, *, #2253, .T. ) ;
#2512 = ORIENTED_EDGE ( 'NONE', *, *, #238, .T. ) ;
#2513 = LINE ( 'NONE', #1769, #2786 ) ;
#2514 = CARTESIAN_POINT ( 'NONE',  ( -1.298062317535383370, 3.000000000000000000, 0.1254717406449373518 ) ) ;
#2515 = AXIS2_PLACEMENT_3D ( 'NONE', #575, #4413, #1078 ) ;
#2516 = FACE_OUTER_BOUND ( 'NONE', #1951, .T. ) ;
#2517 = VECTOR ( 'NONE', #4459, 1000.000000000000114 ) ;
#2518 = FACE_OUTER_BOUND ( 'NONE', #4193, .T. ) ;
#2519 = ORIENTED_EDGE ( 'NONE', *, *, #3855, .T. ) ;
#2520 = LINE ( 'NONE', #3268, #1393 ) ;
#2521 = CARTESIAN_POINT ( 'NONE',  ( -1.516812141168289774, 1.500624570026933613, 1.632267260053192892 ) ) ;
#2522 = CARTESIAN_POINT ( 'NONE',  ( -1.038298776779051025, 3.000000000000000000, 2.358384634329920626 ) ) ;
#2523 = VECTOR ( 'NONE', #3624, 1000.000000000000000 ) ;
#2524 = EDGE_CURVE ( 'NONE', #1930, #4447, #2678, .T. ) ;
#2525 = FACE_OUTER_BOUND ( 'NONE', #664, .T. ) ;
#2526 = DIRECTION ( 'NONE',  ( 0.000000000000000000, 0.000000000000000000, -1.000000000000000000 ) ) ;
#2527 = CARTESIAN_POINT ( 'NONE',  ( -1.516812141168289774, 3.000000000000000000, 0.9697686155562685872 ) ) ;
#2528 = CARTESIAN_POINT ( 'NONE',  ( -0.7203756730073019865, 2.800000000000000266, -1.072873669122563545 ) ) ;
#2529 = EDGE_CURVE ( 'NONE', #246, #4326, #2756, .T. ) ;
#2530 = CARTESIAN_POINT ( 'NONE',  ( -1.491781087391496730, 3.000000000000000000, -0.01283240866452028603 ) ) ;
#2531 = EDGE_CURVE ( 'NONE', #4368, #2206, #2783, .T. ) ;
#2532 = ORIENTED_EDGE ( 'NONE', *, *, #316, .T. ) ;
#2533 = EDGE_LOOP ( 'NONE', ( #160, #1265, #50, #20 ) ) ;
#2534 = CARTESIAN_POINT ( 'NONE',  ( -0.7203756730072949921, 1.500624570026933613, 0.5952898833847928284 ) ) ;
#2535 = AXIS2_PLACEMENT_3D ( 'NONE', #5412, #1218, #3811 ) ;
#2536 = PLANE ( 'NONE',  #578 ) ;
#2537 = ORIENTED_EDGE ( 'NONE', *, *, #3895, .F. ) ;
#2538 = EDGE_CURVE ( 'NONE', #1560, #2248, #2816, .T. ) ;
#2539 = VECTOR ( 'NONE', #2952, 1000.000000000000227 ) ;
#2540 = AXIS2_PLACEMENT_3D ( 'NONE', #2145, #2615, #900 ) ;
#2541 = CARTESIAN_POINT ( 'NONE',  ( -0.5014609352743933934, 2.799999999999999822, -1.010922120592137485 ) ) ;
#2542 = ORIENTED_EDGE ( 'NONE', *, *, #1446, .T. ) ;
#2543 = EDGE_LOOP ( 'NONE', ( #406, #532, #3443, #1845 ) ) ;
#2544 = DIRECTION ( 'NONE',  ( 0.000000000000000000, 0.000000000000000000, -1.000000000000000000 ) ) ;
#2545 = AXIS2_PLACEMENT_3D ( 'NONE', #845, #3881, #3441 ) ;
#2546 = VECTOR ( 'NONE', #2163, 1000.000000000000000 ) ;
#2547 = PLANE ( 'NONE',  #4696 ) ;
#2548 = AXIS2_PLACEMENT_3D ( 'NONE', #3744, #313, #825 ) ;
#2549 = AXIS2_PLACEMENT_3D ( 'NONE', #1602, #3301, #4580 ) ;
#2550 = DIRECTION ( 'NONE',  ( 2.489831028333173869E-15, 0.000000000000000000, 1.000000000000000000 ) ) ;
#2551 = ORIENTED_EDGE ( 'NONE', *, *, #5085, .T. ) ;
#2552 = FACE_OUTER_BOUND ( 'NONE', #1570, .T. ) ;
#2553 = DIRECTION ( 'NONE',  ( -0.9012599435649698565, -0.000000000000000000, -0.4332787949176226117 ) ) ;
#2554 = FACE_OUTER_BOUND ( 'NONE', #3419, .T. ) ;
#2555 = DIRECTION ( 'NONE',  ( 0.000000000000000000, 1.000000000000000000, 0.000000000000000000 ) ) ;
#2556 = CARTESIAN_POINT ( 'NONE',  ( -0.7203756730072949921, 2.799999999999999822, 0.5952898833847928284 ) ) ;
#2557 = DIRECTION ( 'NONE',  ( 0.000000000000000000, 0.000000000000000000, -1.000000000000000000 ) ) ;
#2558 = DIRECTION ( 'NONE',  ( -1.000000000000000000, 0.000000000000000000, -0.000000000000000000 ) ) ;
#2559 = VECTOR ( 'NONE', #4154, 1000.000000000000000 ) ;
#2560 = DIRECTION ( 'NONE',  ( -0.1991326434077181351, 0.000000000000000000, -0.9799725457018959585 ) ) ;
#2561 = CARTESIAN_POINT ( 'NONE',  ( -1.385209111706662277, 2.799999999999999822, 1.491006993288285454 ) ) ;
#2562 = ORIENTED_EDGE ( 'NONE', *, *, #357, .T. ) ;
#2563 = ORIENTED_EDGE ( 'NONE', *, *, #1538, .F. ) ;
#2564 = LINE ( 'NONE', #1760, #2007 ) ;
#2565 = EDGE_CURVE ( 'NONE', #2056, #4464, #2340, .T. ) ;
#2566 = CARTESIAN_POINT ( 'NONE',  ( -2.499999999999999112, 2.949999999999999734, 2.499999999999999556 ) ) ;
#2567 = ORIENTED_EDGE ( 'NONE', *, *, #2717, .T. ) ;
#2568 = ADVANCED_FACE ( 'NONE', ( #2372 ), #254, .T. ) ;
#2569 = CARTESIAN_POINT ( 'NONE',  ( -1.516812141168295991, 2.800000000000000266, 1.321377513534234049 ) ) ;
#2570 = ORIENTED_EDGE ( 'NONE', *, *, #243, .T. ) ;
#2571 = EDGE_CURVE ( 'NONE', #239, #4210, #2289, .T. ) ;
#2572 = EDGE_LOOP ( 'NONE', ( #1119, #4121, #1794, #670 ) ) ;
#2573 = CARTESIAN_POINT ( 'NONE',  ( -0.7203756730072962133, 2.799999999999999822, 0.2410686557186573764 ) ) ;
#2574 = LINE ( 'NONE', #4272, #685 ) ;
#2575 = CARTESIAN_POINT ( 'NONE',  ( -1.297897403435402275, 2.800000000000000266, -1.114027395475791771 ) ) ;
#2576 = EDGE_LOOP ( 'NONE', ( #3222, #3183, #4891, #445 ) ) ;
#2577 = CARTESIAN_POINT ( 'NONE',  ( -1.514674049439726389, 3.000000000000000000, 1.417784605377300444 ) ) ;
#2578 = DIRECTION ( 'NONE',  ( 0.9933554313349571840, 0.000000000000000000, 0.1150868673539303111 ) ) ;
#2579 = CARTESIAN_POINT ( 'NONE',  ( -0.6946163660038592313, 2.799999999999999822, 1.278669713583197254 ) ) ;
#2580 = CARTESIAN_POINT ( 'NONE',  ( -1.516812141168289774, 2.799999999999999822, 0.9697686155562685872 ) ) ;
#2581 = VECTOR ( 'NONE', #25, 1000.000000000000000 ) ;
#2582 = CARTESIAN_POINT ( 'NONE',  ( -0.7203756730072901071, 2.799999999999999822, 2.133753113937486567 ) ) ;
#2583 = CARTESIAN_POINT ( 'NONE',  ( -0.5014609352743816251, 3.000000000000000000, 2.195704662467916179 ) ) ;
#2584 = DIRECTION ( 'NONE',  ( 0.000000000000000000, 1.000000000000000000, 0.000000000000000000 ) ) ;
#2585 = LINE ( 'NONE', #1318, #2343 ) ;
#2586 = VERTEX_POINT ( 'NONE', #5246 ) ;
#2587 = ORIENTED_EDGE ( 'NONE', *, *, #2252, .T. ) ;
#2588 = LINE ( 'NONE', #3821, #957 ) ;
#2589 = CARTESIAN_POINT ( 'NONE',  ( -1.016206775675822627, 3.000000000000000000, -1.055552320380675591 ) ) ;
#2590 = ORIENTED_EDGE ( 'NONE', *, *, #3275, .F. ) ;
#2591 = EDGE_CURVE ( 'NONE', #1484, #212, #4822, .T. ) ;
#2592 = CARTESIAN_POINT ( 'NONE',  ( -1.420324101705678466, 2.800000000000000266, 1.630051982180146908 ) ) ;
#2593 = EDGE_LOOP ( 'NONE', ( #1481, #1675, #241, #5262 ) ) ;
#2594 = VERTEX_POINT ( 'NONE', #4962 ) ;
#2595 = DIRECTION ( 'NONE',  ( 1.000000000000000000, -0.000000000000000000, -0.000000000000000000 ) ) ;
#2596 = ADVANCED_FACE ( 'NONE', ( #5441 ), #4157, .F. ) ;
#2597 = CARTESIAN_POINT ( 'NONE',  ( 3.625000000000000000, 1.274999999999999689, -0.3499999999999999223 ) ) ;
#2598 = EDGE_CURVE ( 'NONE', #4346, #2150, #2011, .T. ) ;
#2599 = CARTESIAN_POINT ( 'NONE',  ( -0.7203756730072896630, 3.000000000000000000, 2.189686299379240975 ) ) ;
#2600 = ORIENTED_EDGE ( 'NONE', *, *, #546, .F. ) ;
#2601 = CARTESIAN_POINT ( 'NONE',  ( -1.420324101705678466, 2.999999999999999556, 1.630051982180146464 ) ) ;
#2602 = CARTESIAN_POINT ( 'NONE',  ( 1.299999999999999156, 0.1999999999999999833, 1.800000000000000488 ) ) ;
#2603 = CARTESIAN_POINT ( 'NONE',  ( -1.420324101705678466, 2.799999999999999822, 1.630051982180146908 ) ) ;
#2604 = VERTEX_POINT ( 'NONE', #2071 ) ;
#2605 = EDGE_CURVE ( 'NONE', #4360, #185, #344, .T. ) ;
#2606 = DIRECTION ( 'NONE',  ( 0.000000000000000000, 1.000000000000000000, 0.000000000000000000 ) ) ;
#2607 = AXIS2_PLACEMENT_3D ( 'NONE', #5059, #798, #4188 ) ;
#2608 = DIRECTION ( 'NONE',  ( 0.000000000000000000, 1.000000000000000000, 0.000000000000000000 ) ) ;
#2609 = CARTESIAN_POINT ( 'NONE',  ( -3.299999999999998934, 0.1499999999999999944, 2.750000000000000000 ) ) ;
#2610 = FACE_OUTER_BOUND ( 'NONE', #653, .T. ) ;
#2611 = VECTOR ( 'NONE', #1065, 1000.000000000000000 ) ;
#2612 = DIRECTION ( 'NONE',  ( -0.000000000000000000, -1.000000000000000000, -0.000000000000000000 ) ) ;
#2613 = FILL_AREA_STYLE ('',( #1440 ) ) ;
#2614 = ORIENTED_EDGE ( 'NONE', *, *, #520, .T. ) ;
#2615 = DIRECTION ( 'NONE',  ( -0.1150868673539303111, 0.000000000000000000, 0.9933554313349571840 ) ) ;
#2616 = CARTESIAN_POINT ( 'NONE',  ( -1.038298776779063237, 3.000000000000000000, -0.8482421487301301521 ) ) ;
#2617 = ORIENTED_EDGE ( 'NONE', *, *, #1871, .T. ) ;
#2618 = CARTESIAN_POINT ( 'NONE',  ( -0.5014609352743857329, 2.799999999999999822, 0.7578392147479485752 ) ) ;
#2619 = ORIENTED_EDGE ( 'NONE', *, *, #2759, .F. ) ;
#2620 = ORIENTED_EDGE ( 'NONE', *, *, #1844, .F. ) ;
#2621 = LINE ( 'NONE', #2128, #5472 ) ;
#2622 = AXIS2_PLACEMENT_3D ( 'NONE', #210, #720, #5398 ) ;
#2623 = ORIENTED_EDGE ( 'NONE', *, *, #2005, .F. ) ;
#2624 = AXIS2_PLACEMENT_3D ( 'NONE', #4268, #397, #452 ) ;
#2625 = VECTOR ( 'NONE', #631, 1000.000000000000000 ) ;
#2626 = ADVANCED_FACE ( 'NONE', ( #281 ), #3717, .F. ) ;
#2627 = CARTESIAN_POINT ( 'NONE',  ( -0.5014609352743845117, 3.000000000000000000, 1.475952984027617987 ) ) ;
#2628 = EDGE_LOOP ( 'NONE', ( #4412, #3223, #5261, #163 ) ) ;
#2629 = LINE ( 'NONE', #2160, #4354 ) ;
#2630 = VECTOR ( 'NONE', #3190, 1000.000000000000000 ) ;
#2631 = VECTOR ( 'NONE', #229, 1000.000000000000000 ) ;
#2632 = CARTESIAN_POINT ( 'NONE',  ( -0.7030802731876385492, 2.800000000000000266, -0.5707348101209713809 ) ) ;
#2633 = ADVANCED_FACE ( 'NONE', ( #767 ), #1663, .F. ) ;
#2634 = LINE ( 'NONE', #4257, #237 ) ;
#2635 = CARTESIAN_POINT ( 'NONE',  ( -1.297897403435390506, 1.500624570026933613, 2.092599387584261894 ) ) ;
#2636 = VECTOR ( 'NONE', #2220, 1000.000000000000000 ) ;
#2637 = FACE_OUTER_BOUND ( 'NONE', #208, .T. ) ;
#2638 = SURFACE_SIDE_STYLE ('',( #3109 ) ) ;
#2639 = ORIENTED_EDGE ( 'NONE', *, *, #5249, .T. ) ;
#2640 = CARTESIAN_POINT ( 'NONE',  ( -0.5014609352743875093, 2.800000000000000266, 0.2063718723066461924 ) ) ;
#2641 = LINE ( 'NONE', #2665, #4317 ) ;
#2642 = VECTOR ( 'NONE', #924, 1000.000000000000000 ) ;
#2643 = ORIENTED_EDGE ( 'NONE', *, *, #1710, .F. ) ;
#2644 = VECTOR ( 'NONE', #195, 1000.000000000000000 ) ;
#2645 = COLOUR_RGB ( '',1.000000000000000000, 1.000000000000000000, 1.000000000000000000 ) ;
#2646 = CARTESIAN_POINT ( 'NONE',  ( -0.5014609352743816251, 2.800000000000000266, 2.195704662467916179 ) ) ;
#2647 = ORIENTED_EDGE ( 'NONE', *, *, #3497, .T. ) ;
#2648 = CARTESIAN_POINT ( 'NONE',  ( -1.436486009294025479, 2.799999999999999822, -2.066284746951504214 ) ) ;
#2649 = ORIENTED_EDGE ( 'NONE', *, *, #5372, .F. ) ;
#2650 = B_SPLINE_SURFACE_WITH_KNOTS ( 'NONE', 3, 1, ( 
 ( #1829, #3090 ),
 ( #2295, #3905 ),
 ( #3040, #531 ),
 ( #3922, #2243 ),
 ( #1001, #551 ) ),
 .UNSPECIFIED., .F., .F., .F.,
 ( 4, 1, 4 ),
 ( 2, 2 ),
 ( 0.000000000000000000, 0.5079839729424890926, 1.000000000000000000 ),
 ( 0.000000000000000000, 1.000000000000000000 ),
 .UNSPECIFIED. ) ;
#2651 = LINE ( 'NONE', #2230, #3319 ) ;
#2652 = ORIENTED_EDGE ( 'NONE', *, *, #1838, .F. ) ;
#2653 = LINE ( 'NONE', #3501, #2835 ) ;
#2654 = EDGE_CURVE ( 'NONE', #1324, #5309, #127, .T. ) ;
#2655 = EDGE_CURVE ( 'NONE', #661, #1616, #4095, .T. ) ;
#2656 = FACE_OUTER_BOUND ( 'NONE', #1801, .T. ) ;
#2657 = CARTESIAN_POINT ( 'NONE',  ( -0.5014609352743845117, 3.000000000000000000, 1.475952984027617987 ) ) ;
#2658 = CARTESIAN_POINT ( 'NONE',  ( -3.299999999999998934, 2.999999999999999112, 2.750000000000000000 ) ) ;
#2659 = FACE_OUTER_BOUND ( 'NONE', #4424, .T. ) ;
#2660 = EDGE_CURVE ( 'NONE', #3064, #2594, #4322, .T. ) ;
#2661 = FILL_AREA_STYLE_COLOUR ( '', #3070 ) ;
#2662 = VERTEX_POINT ( 'NONE', #1185 ) ;
#2663 = EDGE_CURVE ( 'NONE', #3286, #1934, #3685, .T. ) ;
#2664 = FACE_OUTER_BOUND ( 'NONE', #3498, .T. ) ;
#2665 = CARTESIAN_POINT ( 'NONE',  ( -1.178661320169340110, 2.800000000000000266, -2.013514334061930811 ) ) ;
#2666 = AXIS2_PLACEMENT_3D ( 'NONE', #918, #5221, #2232 ) ;
#2667 = ORIENTED_EDGE ( 'NONE', *, *, #2860, .T. ) ;
#2668 = EDGE_CURVE ( 'NONE', #2594, #4048, #1980, .T. ) ;
#2669 = DIRECTION ( 'NONE',  ( 0.1308368968218802941, -0.000000000000000000, 0.9914039068059096182 ) ) ;
#2670 = ORIENTED_EDGE ( 'NONE', *, *, #2159, .F. ) ;
#2671 = CARTESIAN_POINT ( 'NONE',  ( -1.516812141168301542, 1.500624570026933613, -1.114027395475791771 ) ) ;
#2672 = ORIENTED_EDGE ( 'NONE', *, *, #3681, .F. ) ;
#2673 = UNCERTAINTY_MEASURE_WITH_UNIT (LENGTH_MEASURE( 1.000000000000000082E-05 ), #4261, 'distance_accuracy_value', 'NONE');
#2674 = ORIENTED_EDGE ( 'NONE', *, *, #2249, .T. ) ;
#2675 = CARTESIAN_POINT ( 'NONE',  ( -0.5014609352743845117, 2.799999999999999822, 1.475952984027617987 ) ) ;
#2676 = EDGE_LOOP ( 'NONE', ( #1085, #2360 ) ) ;
#2677 = CARTESIAN_POINT ( 'NONE',  ( 3.299999999999998934, 0.1999999999999999833, 0.000000000000000000 ) ) ;
#2678 =( BOUNDED_CURVE ( )  B_SPLINE_CURVE ( 3, ( #1097, #680, #4069, #3179 ),
 .UNSPECIFIED., .F., .T. ) 
 B_SPLINE_CURVE_WITH_KNOTS ( ( 4, 4 ),
 ( 3.141592653589793116, 6.283185307179586232 ),
 .UNSPECIFIED. ) 
 CURVE ( )  GEOMETRIC_REPRESENTATION_ITEM ( )  RATIONAL_B_SPLINE_CURVE ( ( 1.000000000000000000, 0.3333333333333333703, 0.3333333333333333703, 1.000000000000000000 ) ) 
 REPRESENTATION_ITEM ( '' )  );
#2679 = EDGE_LOOP ( 'NONE', ( #482, #2283, #5320, #1380 ) ) ;
#2680 = CARTESIAN_POINT ( 'NONE',  ( -0.7203756730073019865, 2.799999999999999822, -1.072873669122563545 ) ) ;
#2681 = DIRECTION ( 'NONE',  ( 0.000000000000000000, -1.000000000000000000, 4.336808689942017736E-16 ) ) ;
#2682 = DIRECTION ( 'NONE',  ( -1.000000000000000000, 0.000000000000000000, 3.641745613669981759E-15 ) ) ;
#2683 = EDGE_CURVE ( 'NONE', #431, #4567, #2874, .T. ) ;
#2684 = LINE ( 'NONE', #1823, #3164 ) ;
#2685 = FACE_OUTER_BOUND ( 'NONE', #4209, .T. ) ;
#2686 = ORIENTED_EDGE ( 'NONE', *, *, #5153, .F. ) ;
#2687 = CARTESIAN_POINT ( 'NONE',  ( -1.165886843973362508, 3.000000000000000000, -2.040086425358579536 ) ) ;
#2688 = CARTESIAN_POINT ( 'NONE',  ( -1.297897403435390506, 2.799999999999999822, 2.092599387584261894 ) ) ;
#2689 = EDGE_CURVE ( 'NONE', #2991, #364, #2520, .T. ) ;
#2690 = ORIENTED_EDGE ( 'NONE', *, *, #5049, .T. ) ;
#2691 = EDGE_CURVE ( 'NONE', #2953, #3999, #5474, .T. ) ;
#2692 = DIRECTION ( 'NONE',  ( 0.000000000000000000, 1.000000000000000000, 0.000000000000000000 ) ) ;
#2693 = ORIENTED_EDGE ( 'NONE', *, *, #2663, .F. ) ;
#2694 = CARTESIAN_POINT ( 'NONE',  ( -0.5014609352743875093, 2.799999999999999822, 0.2063718723066461092 ) ) ;
#2695 = FACE_OUTER_BOUND ( 'NONE', #5364, .T. ) ;
#2696 = EDGE_CURVE ( 'NONE', #373, #4739, #4993, .T. ) ;
#2697 = ORIENTED_EDGE ( 'NONE', *, *, #1718, .T. ) ;
#2698 = ORIENTED_EDGE ( 'NONE', *, *, #4934, .F. ) ;
#2699 = LINE ( 'NONE', #1861, #1372 ) ;
#2700 = VECTOR ( 'NONE', #5435, 1000.000000000000000 ) ;
#2701 = CARTESIAN_POINT ( 'NONE',  ( -0.5014609352743933934, 1.500624570026933613, -1.527646951463584868 ) ) ;
#2702 = CARTESIAN_POINT ( 'NONE',  ( -0.7203756730072962133, 3.000000000000000000, 0.2410686557186573764 ) ) ;
#2703 = COLOUR_RGB ( '',0.7921568627450980005, 0.8196078431372548767, 0.9333333333333333481 ) ;
#2704 = AXIS2_PLACEMENT_3D ( 'NONE', #2566, #4206, #449 ) ;
#2705 = ORIENTED_EDGE ( 'NONE', *, *, #3747, .F. ) ;
#2706 = CARTESIAN_POINT ( 'NONE',  ( -0.5014609352743887305, 2.799999999999999822, -0.2356347705948078353 ) ) ;
#2707 = FACE_OUTER_BOUND ( 'NONE', #2239, .T. ) ;
#2708 = VECTOR ( 'NONE', #2148, 1000.000000000000000 ) ;
#2709 = VECTOR ( 'NONE', #2291, 1000.000000000000000 ) ;
#2710 = DIRECTION ( 'NONE',  ( 0.000000000000000000, -1.000000000000000000, 0.000000000000000000 ) ) ;
#2711 =( NAMED_UNIT ( * ) SI_UNIT ( $, .STERADIAN. ) SOLID_ANGLE_UNIT ( ) );
#2712 = EDGE_LOOP ( 'NONE', ( #1526, #5329, #1479, #2168, #2417, #450, #219, #2922 ) ) ;
#2713 = VECTOR ( 'NONE', #1301, 1000.000000000000000 ) ;
#2714 = DIRECTION ( 'NONE',  ( 0.000000000000000000, 0.000000000000000000, 1.000000000000000000 ) ) ;
#2715 = CARTESIAN_POINT ( 'NONE',  ( -0.7203756730072962133, 3.000000000000000000, 0.2410686557186573764 ) ) ;
#2716 = EDGE_LOOP ( 'NONE', ( #5382, #3218, #3342, #3454 ) ) ;
#2717 = EDGE_CURVE ( 'NONE', #5423, #5238, #4578, .T. ) ;
#2718 = CARTESIAN_POINT ( 'NONE',  ( -3.375000000000000444, 0.2500000000000003886, 1.500000000000000222 ) ) ;
#2719 = LINE ( 'NONE', #3641, #133 ) ;
#2720 = VECTOR ( 'NONE', #2612, 1000.000000000000000 ) ;
#2721 = CARTESIAN_POINT ( 'NONE',  ( -1.516812141168289774, 3.000000000000000000, 0.1191178942344804093 ) ) ;
#2722 = VERTEX_POINT ( 'NONE', #1273 ) ;
#2723 = EDGE_CURVE ( 'NONE', #1016, #1873, #2939, .T. ) ;
#2724 = UNCERTAINTY_MEASURE_WITH_UNIT (LENGTH_MEASURE( 1.000000000000000082E-05 ), #89, 'distance_accuracy_value', 'NONE');
#2725 = ORIENTED_EDGE ( 'NONE', *, *, #2503, .F. ) ;
#2726 = CARTESIAN_POINT ( 'NONE',  ( -1.385209111706662277, 3.000000000000000000, 1.491006993288285454 ) ) ;
#2727 = EDGE_LOOP ( 'NONE', ( #258, #3274, #2614, #1115 ) ) ;
#2728 = CARTESIAN_POINT ( 'NONE',  ( -1.516812141168301542, 2.799999999999999822, -1.114027395475791771 ) ) ;
#2729 = EDGE_CURVE ( 'NONE', #2929, #212, #2400, .T. ) ;
#2730 = ORIENTED_EDGE ( 'NONE', *, *, #652, .F. ) ;
#2731 = CARTESIAN_POINT ( 'NONE',  ( -0.7984134529684051573, 3.000000000000000444, 1.763261945908604522 ) ) ;
#2732 = CYLINDRICAL_SURFACE ( 'NONE', #2766, 0.2500000000000000000 ) ;
#2733 = CARTESIAN_POINT ( 'NONE',  ( -1.165886843973377607, 3.000000000000000000, -0.4799186996672197836 ) ) ;
#2734 = CARTESIAN_POINT ( 'NONE',  ( -1.016216495080847881, 2.800000000000000266, 2.156888680854823104 ) ) ;
#2735 =( NAMED_UNIT ( * ) PLANE_ANGLE_UNIT ( ) SI_UNIT ( $, .RADIAN. ) );
#2736 = ORIENTED_EDGE ( 'NONE', *, *, #2943, .F. ) ;
#2737 = DIRECTION ( 'NONE',  ( 0.1045284632674874370, 0.000000000000000000, -0.9945218953682908314 ) ) ;
#2738 = CARTESIAN_POINT ( 'NONE',  ( -0.5014609352743933934, 1.500624570026933613, -1.527646951463584868 ) ) ;
#2739 = ORIENTED_EDGE ( 'NONE', *, *, #1349, .T. ) ;
#2740 = CARTESIAN_POINT ( 'NONE',  ( -0.5014609352743876203, 3.000000000000000000, 0.2063718723066464145 ) ) ;
#2741 = ORIENTED_EDGE ( 'NONE', *, *, #3264, .F. ) ;
#2742 = LINE ( 'NONE', #4002, #4408 ) ;
#2743 = CARTESIAN_POINT ( 'NONE',  ( -1.316527014741132540, 2.800000000000000266, 1.145459749854739417 ) ) ;
#2744 = ORIENTED_EDGE ( 'NONE', *, *, #4294, .T. ) ;
#2745 = EDGE_CURVE ( 'NONE', #1620, #5411, #1110, .T. ) ;
#2746 = AXIS2_PLACEMENT_3D ( 'NONE', #3572, #3122, #3961 ) ;
#2747 = CLOSED_SHELL ( 'NONE', ( #5354, #1029, #3199, #5452, #4483, #3071, #1535, #1166, #3165, #2154, #4237, #3824 ) ) ;
#2748 = EDGE_LOOP ( 'NONE', ( #1599, #332, #2619, #3410 ) ) ;
#2749 = CARTESIAN_POINT ( 'NONE',  ( 3.624999999999999556, 0.2000000000000000944, -1.499999999999999556 ) ) ;
#2750 = ADVANCED_FACE ( 'NONE', ( #1334 ), #3027, .F. ) ;
#2751 = EDGE_LOOP ( 'NONE', ( #4429, #287, #4130, #841 ) ) ;
#2752 = CARTESIAN_POINT ( 'NONE',  ( -0.5014609352743845117, 3.000000000000000000, 1.738984972074796298 ) ) ;
#2753 = ADVANCED_FACE ( 'NONE', ( #2552 ), #4380, .F. ) ;
#2754 = CARTESIAN_POINT ( 'NONE',  ( 7.013307099422956270, 1.274999999999999689, -0.3499999999999999223 ) ) ;
#2755 = ORIENTED_EDGE ( 'NONE', *, *, #488, .T. ) ;
#2756 = LINE ( 'NONE', #1543, #2102 ) ;
#2757 = CARTESIAN_POINT ( 'NONE',  ( -1.516812141168289774, 2.799999999999999822, 1.632267260053192892 ) ) ;
#2758 = DIRECTION ( 'NONE',  ( -1.204669080539449344E-16, 0.000000000000000000, 1.000000000000000000 ) ) ;
#2759 = EDGE_CURVE ( 'NONE', #2206, #645, #3451, .T. ) ;
#2760 = CARTESIAN_POINT ( 'NONE',  ( 3.375000000000000444, 1.324999999999999512, -1.500000000000000000 ) ) ;
#2761 = CARTESIAN_POINT ( 'NONE',  ( -1.297897403435402275, 3.000000000000000000, -1.114027395475791771 ) ) ;
#2762 = VERTEX_POINT ( 'NONE', #5110 ) ;
#2763 = DIRECTION ( 'NONE',  ( -0.000000000000000000, 1.000000000000000000, -0.000000000000000000 ) ) ;
#2764 = DIRECTION ( 'NONE',  ( 2.489831028333173869E-15, -0.000000000000000000, 1.000000000000000000 ) ) ;
#2765 = ORIENTED_EDGE ( 'NONE', *, *, #4645, .F. ) ;
#2766 = AXIS2_PLACEMENT_3D ( 'NONE', #1049, #4850, #2681 ) ;
#2767 = CARTESIAN_POINT ( 'NONE',  ( -0.5014609352743933934, 2.799999999999999822, -1.467641810985258921 ) ) ;
#2768 = ORIENTED_EDGE ( 'NONE', *, *, #143, .F. ) ;
#2769 = CARTESIAN_POINT ( 'NONE',  ( -0.5014609352743875093, 2.800000000000000266, 0.2063718723066461924 ) ) ;
#2770 = DIRECTION ( 'NONE',  ( -0.9945218953682494201, 0.000000000000000000, -0.1045284632678824543 ) ) ;
#2771 = ORIENTED_EDGE ( 'NONE', *, *, #2660, .F. ) ;
#2772 = VECTOR ( 'NONE', #3325, 999.9999999999998863 ) ;
#2773 = DIRECTION ( 'NONE',  ( -0.9012599435649172319, -0.000000000000000000, -0.4332787949177322462 ) ) ;
#2774 = ORIENTED_EDGE ( 'NONE', *, *, #4975, .T. ) ;
#2775 = ORIENTED_EDGE ( 'NONE', *, *, #3168, .T. ) ;
#2776 = DIRECTION ( 'NONE',  ( 0.000000000000000000, 1.224646799147352961E-16, 1.000000000000000000 ) ) ;
#2777 = EDGE_LOOP ( 'NONE', ( #3699, #1961, #5105, #1426 ) ) ;
#2778 = CARTESIAN_POINT ( 'NONE',  ( -0.7030802731876385492, 2.799999999999999822, -0.5707348101209713809 ) ) ;
#2779 = EDGE_CURVE ( 'NONE', #3891, #3945, #2181, .T. ) ;
#2780 = DIRECTION ( 'NONE',  ( 0.000000000000000000, 0.000000000000000000, -1.000000000000000000 ) ) ;
#2781 = VECTOR ( 'NONE', #26, 1000.000000000000000 ) ;
#2782 = ORIENTED_EDGE ( 'NONE', *, *, #5317, .T. ) ;
#2783 = LINE ( 'NONE', #2706, #571 ) ;
#2784 = LINE ( 'NONE', #768, #3416 ) ;
#2785 = LINE ( 'NONE', #4851, #4044 ) ;
#2786 = VECTOR ( 'NONE', #3474, 999.9999999999998863 ) ;
#2787 = DIRECTION ( 'NONE',  ( 0.000000000000000000, 1.000000000000000000, -0.000000000000000000 ) ) ;
#2788 = PRESENTATION_LAYER_ASSIGNMENT (  '', '', ( #1831 ) ) ;
#2789 = ADVANCED_FACE ( 'NONE', ( #4669 ), #856, .F. ) ;
#2790 = FACE_OUTER_BOUND ( 'NONE', #1033, .T. ) ;
#2791 = ORIENTED_EDGE ( 'NONE', *, *, #2380, .T. ) ;
#2792 = DIRECTION ( 'NONE',  ( -0.9945218953682494201, -0.000000000000000000, -0.1045284632678824543 ) ) ;
#2793 = LINE ( 'NONE', #2499, #1765 ) ;
#2794 = DIRECTION ( 'NONE',  ( -0.000000000000000000, 1.000000000000000000, -0.000000000000000000 ) ) ;
#2795 = VECTOR ( 'NONE', #3785, 1000.000000000000000 ) ;
#2796 = ORIENTED_EDGE ( 'NONE', *, *, #2382, .F. ) ;
#2797 = VECTOR ( 'NONE', #3776, 1000.000000000000000 ) ;
#2798 = VECTOR ( 'NONE', #4518, 1000.000000000000000 ) ;
#2799 = EDGE_CURVE ( 'NONE', #2061, #5507, #2999, .T. ) ;
#2800 = CARTESIAN_POINT ( 'NONE',  ( -0.5014609352743887305, 1.500624570026933613, -0.2356347705948078353 ) ) ;
#2801 = ORIENTED_EDGE ( 'NONE', *, *, #5314, .F. ) ;
#2802 = LINE ( 'NONE', #3565, #3805 ) ;
#2803 = ORIENTED_EDGE ( 'NONE', *, *, #2424, .F. ) ;
#2804 = VECTOR ( 'NONE', #1770, 1000.000000000000114 ) ;
#2805 = DIRECTION ( 'NONE',  ( 0.000000000000000000, 0.000000000000000000, 1.000000000000000000 ) ) ;
#2806 = ORIENTED_EDGE ( 'NONE', *, *, #911, .F. ) ;
#2807 = VERTEX_POINT ( 'NONE', #671 ) ;
#2808 = LINE ( 'NONE', #1594, #4576 ) ;
#2809 = DIRECTION ( 'NONE',  ( 0.000000000000000000, 1.000000000000000000, 0.000000000000000000 ) ) ;
#2810 = VECTOR ( 'NONE', #822, 1000.000000000000000 ) ;
#2811 = DIRECTION ( 'NONE',  ( 0.000000000000000000, 1.000000000000000000, 0.000000000000000000 ) ) ;
#2812 = DIRECTION ( 'NONE',  ( 0.000000000000000000, 1.000000000000000000, -1.224646799147352961E-16 ) ) ;
#2813 = VECTOR ( 'NONE', #340, 1000.000000000000000 ) ;
#2814 = CARTESIAN_POINT ( 'NONE',  ( -1.516812141168289774, 1.500624570026933613, 1.632267260053192892 ) ) ;
#2815 = EDGE_LOOP ( 'NONE', ( #726, #10, #3986, #4919 ) ) ;
#2816 = LINE ( 'NONE', #4457, #402 ) ;
#2817 = CARTESIAN_POINT ( 'NONE',  ( -0.7030802731876385492, 1.500624570026933613, -0.5707348101209713809 ) ) ;
#2818 = CARTESIAN_POINT ( 'NONE',  ( -1.316527014741132540, 1.500624570026933613, 1.145459749854739417 ) ) ;
#2819 = ADVANCED_FACE ( 'NONE', ( #5371 ), #5466, .F. ) ;
#2820 = CARTESIAN_POINT ( 'NONE',  ( -0.5014609352743879533, 3.000000000000000000, 0.03252077422767544329 ) ) ;
#2821 = EDGE_CURVE ( 'NONE', #5101, #1410, #1121, .T. ) ;
#2822 = LINE ( 'NONE', #181, #136 ) ;
#2823 = ORIENTED_EDGE ( 'NONE', *, *, #1869, .T. ) ;
#2824 = CARTESIAN_POINT ( 'NONE',  ( -0.5014609352743933934, 3.000000000000000000, -1.010922120592137485 ) ) ;
#2825 = FACE_OUTER_BOUND ( 'NONE', #3046, .T. ) ;
#2826 = DIRECTION ( 'NONE',  ( 0.000000000000000000, 0.000000000000000000, 1.000000000000000000 ) ) ;
#2827 = ORIENTED_EDGE ( 'NONE', *, *, #3317, .F. ) ;
#2828 = ADVANCED_FACE ( 'NONE', ( #3224 ), #5343, .F. ) ;
#2829 = EDGE_CURVE ( 'NONE', #3952, #4169, #1151, .T. ) ;
#2830 = CARTESIAN_POINT ( 'NONE',  ( -1.516812141168289774, 2.800000000000000266, 0.1191178942344804093 ) ) ;
#2831 = AXIS2_PLACEMENT_3D ( 'NONE', #1687, #2067, #3807 ) ;
#2832 = ORIENTED_EDGE ( 'NONE', *, *, #617, .F. ) ;
#2833 = ORIENTED_EDGE ( 'NONE', *, *, #2392, .T. ) ;
#2834 = EDGE_CURVE ( 'NONE', #3413, #4438, #4987, .T. ) ;
#2835 = VECTOR ( 'NONE', #4703, 1000.000000000000000 ) ;
#2836 = DIRECTION ( 'NONE',  ( -3.381690884191657160E-15, 0.000000000000000000, -1.000000000000000000 ) ) ;
#2837 = ORIENTED_EDGE ( 'NONE', *, *, #5239, .F. ) ;
#2838 = VERTEX_POINT ( 'NONE', #4921 ) ;
#2839 = DIRECTION ( 'NONE',  ( -0.000000000000000000, -3.771137991253928573E-16, -1.000000000000000000 ) ) ;
#2840 = CARTESIAN_POINT ( 'NONE',  ( -0.7203756730072962133, 2.799999999999999822, 0.2410686557186573764 ) ) ;
#2841 = CARTESIAN_POINT ( 'NONE',  ( -1.516812141168295991, 2.799999999999999822, 1.321377513534234049 ) ) ;
#2842 = VECTOR ( 'NONE', #1211, 1000.000000000000000 ) ;
#2843 = CARTESIAN_POINT ( 'NONE',  ( 7.013307099422956270, 0.000000000000000000, -1.499999999999999778 ) ) ;
#2844 = DIRECTION ( 'NONE',  ( -0.1991326434079039032, 0.000000000000000000, -0.9799725457018583219 ) ) ;
#2845 = ORIENTED_EDGE ( 'NONE', *, *, #4680, .F. ) ;
#2846 = CARTESIAN_POINT ( 'NONE',  ( -0.5014609352743933934, 2.799999999999999822, -1.467641810985258921 ) ) ;
#2847 = DIRECTION ( 'NONE',  ( 0.000000000000000000, -1.000000000000000000, 0.000000000000000000 ) ) ;
#2848 = LINE ( 'NONE', #4015, #1031 ) ;
#2849 = CARTESIAN_POINT ( 'NONE',  ( -1.297897403435402275, 1.500624570026933613, -1.551350656909007419 ) ) ;
#2850 = CARTESIAN_POINT ( 'NONE',  ( 3.299999999999998934, 1.574999999999999512, -0.3500000000000000333 ) ) ;
#2851 = VERTEX_POINT ( 'NONE', #757 ) ;
#2852 = DIRECTION ( 'NONE',  ( 1.000000000000000000, 0.000000000000000000, -3.381690884191656765E-15 ) ) ;
#2853 = EDGE_CURVE ( 'NONE', #1985, #182, #4148, .T. ) ;
#2854 = PLANE ( 'NONE',  #4607 ) ;
#2855 = LINE ( 'NONE', #4528, #2625 ) ;
#2856 = ORIENTED_EDGE ( 'NONE', *, *, #3048, .F. ) ;
#2857 = CARTESIAN_POINT ( 'NONE',  ( -2.499999999999999112, 2.949999999999999734, 2.499999999999999556 ) ) ;
#2858 = DIRECTION ( 'NONE',  ( 1.204669080539449344E-16, -0.000000000000000000, -1.000000000000000000 ) ) ;
#2859 = ORIENTED_EDGE ( 'NONE', *, *, #4529, .T. ) ;
#2860 = EDGE_CURVE ( 'NONE', #2851, #1320, #4089, .T. ) ;
#2861 = EDGE_LOOP ( 'NONE', ( #574, #5430, #1558, #5267 ) ) ;
#2862 = EDGE_CURVE ( 'NONE', #2376, #5164, #5018, .T. ) ;
#2863 = PLANE ( 'NONE',  #3697 ) ;
#2864 = ORIENTED_EDGE ( 'NONE', *, *, #2348, .F. ) ;
#2865 = ADVANCED_FACE ( 'NONE', ( #2391 ), #4569, .F. ) ;
#2866 = ORIENTED_EDGE ( 'NONE', *, *, #5426, .F. ) ;
#2867 = LINE ( 'NONE', #3738, #1386 ) ;
#2868 = VECTOR ( 'NONE', #79, 1000.000000000000000 ) ;
#2869 = CARTESIAN_POINT ( 'NONE',  ( -1.452481564268863767, 3.000000000000000000, -2.145002150890730874 ) ) ;
#2870 = CARTESIAN_POINT ( 'NONE',  ( -0.7203756730072949921, 2.799999999999999822, 0.5952898833847928284 ) ) ;
#2871 = CARTESIAN_POINT ( 'NONE',  ( -1.516812141168289774, 1.500624570026933613, 1.632267260053192892 ) ) ;
#2872 = CARTESIAN_POINT ( 'NONE',  ( -0.7960181702406859960, 2.799999999999999822, 1.605980824523348005 ) ) ;
#2873 = ORIENTED_EDGE ( 'NONE', *, *, #2696, .F. ) ;
#2874 = LINE ( 'NONE', #735, #140 ) ;
#2875 = LINE ( 'NONE', #4123, #1368 ) ;
#2876 = DIRECTION ( 'NONE',  ( 0.9914039068058888571, -0.000000000000000000, -0.1308368968220369466 ) ) ;
#2877 = CARTESIAN_POINT ( 'NONE',  ( -1.516812141168301542, 2.799999999999999822, -1.574359523006807482 ) ) ;
#2878 = CARTESIAN_POINT ( 'NONE',  ( -0.7203756730072899961, 3.000000000000000000, 2.133753113937486123 ) ) ;
#2879 = ORIENTED_EDGE ( 'NONE', *, *, #2691, .T. ) ;
#2880 =( LENGTH_UNIT ( ) NAMED_UNIT ( * ) SI_UNIT ( .MILLI., .METRE. ) );
#2881 = LINE ( 'NONE', #5091, #504 ) ;
#2882 = LINE ( 'NONE', #4971, #3461 ) ;
#2883 = CARTESIAN_POINT ( 'NONE',  ( 3.299999999999999822, 2.999999999999999112, 2.750000000000000000 ) ) ;
#2884 = AXIS2_PLACEMENT_3D ( 'NONE', #2887, #2142, #1727 ) ;
#2885 = ORIENTED_EDGE ( 'NONE', *, *, #3642, .F. ) ;
#2886 = LINE ( 'NONE', #4138, #4144 ) ;
#2887 = CARTESIAN_POINT ( 'NONE',  ( -0.7030802731876463207, 2.799999999999999822, -2.130902535812262411 ) ) ;
#2888 = VECTOR ( 'NONE', #981, 1000.000000000000114 ) ;
#2889 = ORIENTED_EDGE ( 'NONE', *, *, #111, .T. ) ;
#2890 = VERTEX_POINT ( 'NONE', #2901 ) ;
#2891 = VECTOR ( 'NONE', #155, 1000.000000000000000 ) ;
#2892 = CARTESIAN_POINT ( 'NONE',  ( -1.516812141168289774, 2.799999999999999822, 0.9697686155562685872 ) ) ;
#2893 = ORIENTED_EDGE ( 'NONE', *, *, #3918, .F. ) ;
#2894 = AXIS2_PLACEMENT_3D ( 'NONE', #3861, #4300, #914 ) ;
#2895 = VECTOR ( 'NONE', #2263, 1000.000000000000000 ) ;
#2896 = EDGE_CURVE ( 'NONE', #1662, #4556, #2867, .T. ) ;
#2897 = CARTESIAN_POINT ( 'NONE',  ( -1.491781087391496730, 2.799999999999999822, -0.01283240866452028603 ) ) ;
#2898 = VERTEX_POINT ( 'NONE', #1622 ) ;
#2899 = EDGE_CURVE ( 'NONE', #645, #2025, #4113, .T. ) ;
#2900 = EDGE_LOOP ( 'NONE', ( #215, #45, #3167, #4065 ) ) ;
#2901 = CARTESIAN_POINT ( 'NONE',  ( -1.316527014741132540, 2.799999999999999822, 1.145459749854739417 ) ) ;
#2902 = AXIS2_PLACEMENT_3D ( 'NONE', #34, #1292, #422 ) ;
#2903 = LINE ( 'NONE', #4605, #118 ) ;
#2904 = CARTESIAN_POINT ( 'NONE',  ( -0.5014609352743933934, 1.500624570026933613, -1.467641810985258921 ) ) ;
#2905 = EDGE_CURVE ( 'NONE', #1419, #4464, #2808, .T. ) ;
#2906 = CARTESIAN_POINT ( 'NONE',  ( 7.013307099422956270, 1.574999999999999512, -0.3500000000000000333 ) ) ;
#2907 = LINE ( 'NONE', #19, #4847 ) ;
#2908 = EDGE_LOOP ( 'NONE', ( #2384, #1904, #3734, #1611 ) ) ;
#2909 = AXIS2_PLACEMENT_3D ( 'NONE', #4283, #3011, #3900 ) ;
#2910 = DIRECTION ( 'NONE',  ( 1.000000000000000000, 0.000000000000000000, 0.000000000000000000 ) ) ;
#2911 = CARTESIAN_POINT ( 'NONE',  ( -1.436486009294027477, 3.000000000000000000, -0.5061170212600999418 ) ) ;
#2912 = LINE ( 'NONE', #3719, #1310 ) ;
#2913 = ADVANCED_FACE ( 'NONE', ( #368 ), #1945, .F. ) ;
#2914 = CARTESIAN_POINT ( 'NONE',  ( -3.299999999999998934, 0.000000000000000000, 0.000000000000000000 ) ) ;
#2915 = VECTOR ( 'NONE', #1520, 1000.000000000000000 ) ;
#2916 = CARTESIAN_POINT ( 'NONE',  ( -1.016206775675810414, 3.000000000000000000, 2.151074462679381849 ) ) ;
#2917 = ORIENTED_EDGE ( 'NONE', *, *, #426, .T. ) ;
#2918 = CARTESIAN_POINT ( 'NONE',  ( -0.9937122082903553366, 2.800000000000000266, 0.1571504165241333906 ) ) ;
#2919 = LINE ( 'NONE', #2556, #5199 ) ;
#2920 = DIRECTION ( 'NONE',  ( -1.000000000000000000, 0.000000000000000000, 3.114203467859945167E-15 ) ) ;
#2921 = DIRECTION ( 'NONE',  ( 1.000000000000000000, 0.000000000000000000, -0.000000000000000000 ) ) ;
#2922 = ORIENTED_EDGE ( 'NONE', *, *, #4325, .T. ) ;
#2923 = CARTESIAN_POINT ( 'NONE',  ( -1.297897403435395836, 2.799999999999999822, 0.5285146380913131603 ) ) ;
#2924 = CARTESIAN_POINT ( 'NONE',  ( -0.5014609352743845117, 2.799999999999999822, 1.475952984027617987 ) ) ;
#2925 = ORIENTED_EDGE ( 'NONE', *, *, #3391, .F. ) ;
#2926 = ORIENTED_EDGE ( 'NONE', *, *, #2862, .F. ) ;
#2927 =( NAMED_UNIT ( * ) PLANE_ANGLE_UNIT ( ) SI_UNIT ( $, .RADIAN. ) );
#2928 = DIRECTION ( 'NONE',  ( 0.000000000000000000, 1.000000000000000000, 0.000000000000000000 ) ) ;
#2929 = VERTEX_POINT ( 'NONE', #5405 ) ;
#2930 = DIRECTION ( 'NONE',  ( 0.9012599435649200075, 0.000000000000000000, 0.4332787949177262510 ) ) ;
#2931 = VERTEX_POINT ( 'NONE', #1241 ) ;
#2932 = ORIENTED_EDGE ( 'NONE', *, *, #2386, .F. ) ;
#2933 = PLANE ( 'NONE',  #1299 ) ;
#2934 = ADVANCED_FACE ( 'NONE', ( #4514 ), #703, .T. ) ;
#2935 = CARTESIAN_POINT ( 'NONE',  ( -0.7203756730072962133, 3.000000000000000000, 0.2410686557186573764 ) ) ;
#2936 = LINE ( 'NONE', #4636, #2810 ) ;
#2937 = CARTESIAN_POINT ( 'NONE',  ( -1.297897403435389396, 3.000000000000000000, 2.137002076460955191 ) ) ;
#2938 = ORIENTED_EDGE ( 'NONE', *, *, #3988, .F. ) ;
#2939 = LINE ( 'NONE', #4640, #5367 ) ;
#2940 = EDGE_CURVE ( 'NONE', #4591, #1399, #3676, .T. ) ;
#2941 = DIRECTION ( 'NONE',  ( 3.252606517456512809E-16, 0.000000000000000000, -1.000000000000000000 ) ) ;
#2942 = DIRECTION ( 'NONE',  ( -0.000000000000000000, 1.000000000000000000, -0.000000000000000000 ) ) ;
#2943 = EDGE_CURVE ( 'NONE', #3365, #4591, #5374, .T. ) ;
#2944 = FACE_OUTER_BOUND ( 'NONE', #728, .T. ) ;
#2945 = AXIS2_PLACEMENT_3D ( 'NONE', #2701, #760, #3326 ) ;
#2946 = EDGE_LOOP ( 'NONE', ( #4854, #1590, #4709, #3759 ) ) ;
#2947 = CARTESIAN_POINT ( 'NONE',  ( 7.013307099422956270, 1.574999999999999956, 1.500000000000000000 ) ) ;
#2948 = EDGE_CURVE ( 'NONE', #1934, #2898, #1267, .T. ) ;
#2949 = DIRECTION ( 'NONE',  ( 1.000000000000000000, -0.000000000000000000, 0.000000000000000000 ) ) ;
#2950 = PLANE ( 'NONE',  #2990 ) ;
#2951 = CARTESIAN_POINT ( 'NONE',  ( -0.7030802731876463207, 2.799999999999999822, -2.130902535812262411 ) ) ;
#2952 = DIRECTION ( 'NONE',  ( 0.9914039068059095072, -0.000000000000000000, -0.1308368968218802664 ) ) ;
#2953 = VERTEX_POINT ( 'NONE', #4245 ) ;
#2954 = VERTEX_POINT ( 'NONE', #848 ) ;
#2955 = FILL_AREA_STYLE ('',( #330 ) ) ;
#2956 = LINE ( 'NONE', #2058, #666 ) ;
#2957 = ORIENTED_EDGE ( 'NONE', *, *, #3527, .F. ) ;
#2958 = FACE_OUTER_BOUND ( 'NONE', #1082, .T. ) ;
#2959 = VERTEX_POINT ( 'NONE', #5186 ) ;
#2960 = VERTEX_POINT ( 'NONE', #457 ) ;
#2961 = CARTESIAN_POINT ( 'NONE',  ( 3.299999999999999822, 15.33380951166242845, 2.750000000000000000 ) ) ;
#2962 = CARTESIAN_POINT ( 'NONE',  ( -1.516812141168301320, 3.000000000000000000, -1.017541098686655099 ) ) ;
#2963 = VECTOR ( 'NONE', #130, 1000.000000000000000 ) ;
#2964 = LINE ( 'NONE', #4666, #151 ) ;
#2965 = VECTOR ( 'NONE', #1813, 1000.000000000000000 ) ;
#2966 = DIRECTION ( 'NONE',  ( -1.000000000000000000, 0.000000000000000000, 2.489831028333173869E-15 ) ) ;
#2967 = VERTEX_POINT ( 'NONE', #4719 ) ;
#2968 = DIRECTION ( 'NONE',  ( -0.000000000000000000, 0.000000000000000000, -1.000000000000000000 ) ) ;
#2969 = LINE ( 'NONE', #22, #835 ) ;
#2970 = DIRECTION ( 'NONE',  ( 0.000000000000000000, 1.000000000000000000, -0.000000000000000000 ) ) ;
#2971 = VECTOR ( 'NONE', #5211, 1000.000000000000000 ) ;
#2972 = B_SPLINE_CURVE_WITH_KNOTS ( 'NONE', 3,
 ( #2981, #3845, #2561, #2166, #31, #2924 ),
 .UNSPECIFIED., .F., .F.,
 ( 4, 1, 1, 4 ),
 ( 0.000000000000000000, 0.4712518714902709793, 0.5712518714902710126, 1.000000000000000000 ),
 .UNSPECIFIED. ) ;
#2973 = DIRECTION ( 'NONE',  ( -0.000000000000000000, -1.000000000000000000, -0.000000000000000000 ) ) ;
#2974 = ADVANCED_FACE ( 'NONE', ( #3910, #4744 ), #4663, .T. ) ;
#2975 = EDGE_CURVE ( 'NONE', #5264, #2722, #3023, .T. ) ;
#2976 = CARTESIAN_POINT ( 'NONE',  ( -0.5014609352743883974, 2.800000000000000266, -0.1277839682243637753 ) ) ;
#2977 = CARTESIAN_POINT ( 'NONE',  ( -0.7030802731876376610, 3.000000000000000000, -0.3325628371164328634 ) ) ;
#2978 = DIRECTION ( 'NONE',  ( 0.000000000000000000, 1.000000000000000000, 0.000000000000000000 ) ) ;
#2979 = LINE ( 'NONE', #3756, #3970 ) ;
#2980 = EDGE_CURVE ( 'NONE', #187, #2261, #1298, .T. ) ;
#2981 = CARTESIAN_POINT ( 'NONE',  ( -1.516812141168295991, 2.799999999999999822, 1.321377513534234049 ) ) ;
#2982 = ORIENTED_EDGE ( 'NONE', *, *, #3925, .T. ) ;
#2983 = ORIENTED_EDGE ( 'NONE', *, *, #1511, .F. ) ;
#2984 = DIRECTION ( 'NONE',  ( -3.366885710356518736E-15, 0.000000000000000000, -1.000000000000000000 ) ) ;
#2985 = B_SPLINE_CURVE_WITH_KNOTS ( 'NONE', 3,
 ( #3482, #468, #3868, #83, #3033 ),
 .UNSPECIFIED., .F., .F.,
 ( 4, 1, 4 ),
 ( 0.000000000000000000, 0.5143794237790315638, 1.000000000000000000 ),
 .UNSPECIFIED. ) ;
#2986 = VECTOR ( 'NONE', #5383, 1000.000000000000000 ) ;
#2987 = CARTESIAN_POINT ( 'NONE',  ( -3.299999999999998934, 0.1999999999999999833, 1.800000000000000266 ) ) ;
#2988 = ORIENTED_EDGE ( 'NONE', *, *, #274, .T. ) ;
#2989 = COLOUR_RGB ( '',1.000000000000000000, 1.000000000000000000, 1.000000000000000000 ) ;
#2990 = AXIS2_PLACEMENT_3D ( 'NONE', #2500, #1610, #2558 ) ;
#2991 = VERTEX_POINT ( 'NONE', #2573 ) ;
#2992 = ORIENTED_EDGE ( 'NONE', *, *, #752, .T. ) ;
#2993 = CARTESIAN_POINT ( 'NONE',  ( 3.375000000000000444, 1.324999999999999956, 1.500000000000000000 ) ) ;
#2994 = AXIS2_PLACEMENT_3D ( 'NONE', #2754, #4455, #4991 ) ;
#2995 = LINE ( 'NONE', #3390, #4508 ) ;
#2996 = VECTOR ( 'NONE', #678, 1000.000000000000000 ) ;
#2997 = DIRECTION ( 'NONE',  ( -0.000000000000000000, -1.000000000000000000, -0.000000000000000000 ) ) ;
#2998 = ORIENTED_EDGE ( 'NONE', *, *, #1325, .F. ) ;
#2999 = LINE ( 'NONE', #463, #3877 ) ;
#3000 = LINE ( 'NONE', #826, #479 ) ;
#3001 = CARTESIAN_POINT ( 'NONE',  ( -1.516812141168301542, 3.000000000000000000, -1.114027395475791771 ) ) ;
#3002 = VECTOR ( 'NONE', #3713, 1000.000000000000000 ) ;
#3003 = PRESENTATION_LAYER_ASSIGNMENT (  '', '', ( #3255 ) ) ;
#3004 = CARTESIAN_POINT ( 'NONE',  ( -1.516812141168289774, 3.000000000000000000, 2.092599387584262782 ) ) ;
#3005 = VECTOR ( 'NONE', #419, 1000.000000000000000 ) ;
#3006 = CARTESIAN_POINT ( 'NONE',  ( 7.013307099422956270, 1.274999999999999689, -0.3499999999999999223 ) ) ;
#3007 = FILL_AREA_STYLE ('',( #1723 ) ) ;
#3008 = CARTESIAN_POINT ( 'NONE',  ( -1.038298776779051025, 3.000000000000000000, 2.358384634329920626 ) ) ;
#3009 = ADVANCED_FACE ( 'NONE', ( #5136 ), #2933, .T. ) ;
#3010 = PRESENTATION_LAYER_ASSIGNMENT (  '', '', ( #3372 ) ) ;
#3011 = DIRECTION ( 'NONE',  ( 0.000000000000000000, -1.224646799147352961E-16, -1.000000000000000000 ) ) ;
#3012 = EDGE_CURVE ( 'NONE', #2288, #4173, #935, .T. ) ;
#3013 = ORIENTED_EDGE ( 'NONE', *, *, #2415, .F. ) ;
#3014 = ORIENTED_EDGE ( 'NONE', *, *, #4497, .F. ) ;
#3015 = FACE_OUTER_BOUND ( 'NONE', #5210, .T. ) ;
#3016 = LINE ( 'NONE', #2146, #1562 ) ;
#3017 = EDGE_CURVE ( 'NONE', #2050, #359, #432, .T. ) ;
#3018 = ORIENTED_EDGE ( 'NONE', *, *, #466, .F. ) ;
#3019 = EDGE_CURVE ( 'NONE', #262, #4512, #2621, .T. ) ;
#3020 = CARTESIAN_POINT ( 'NONE',  ( 3.299999999999998934, 0.2000000000000005107, -1.499999999999999778 ) ) ;
#3021 = ORIENTED_EDGE ( 'NONE', *, *, #3550, .F. ) ;
#3022 = EDGE_LOOP ( 'NONE', ( #2143, #4654, #2480, #2381 ) ) ;
#3023 = LINE ( 'NONE', #2151, #4120 ) ;
#3024 = CARTESIAN_POINT ( 'NONE',  ( -3.299999999999998934, 0.1499999999999999944, 1.800000000000000266 ) ) ;
#3025 = CARTESIAN_POINT ( 'NONE',  ( -0.5014609352743963910, 2.800000000000000266, -1.687951693915624496 ) ) ;
#3026 = EDGE_LOOP ( 'NONE', ( #3045, #4288, #4545, #2144 ) ) ;
#3027 = PLANE ( 'NONE',  #2894 ) ;
#3028 = FACE_OUTER_BOUND ( 'NONE', #1061, .T. ) ;
#3029 = CARTESIAN_POINT ( 'NONE',  ( -0.5014609352743933934, 3.000000000000000000, -1.010922120592137485 ) ) ;
#3030 = VERTEX_POINT ( 'NONE', #1790 ) ;
#3031 = CARTESIAN_POINT ( 'NONE',  ( -0.5014609352743933934, 3.000000000000000000, -1.467641810985258921 ) ) ;
#3032 = VECTOR ( 'NONE', #3690, 1000.000000000000000 ) ;
#3033 = CARTESIAN_POINT ( 'NONE',  ( -1.516812141168289774, 3.000000000000000000, 0.1191178942344804093 ) ) ;
#3034 = LINE ( 'NONE', #4333, #516 ) ;
#3035 = CYLINDRICAL_SURFACE ( 'NONE', #1215, 0.5500000000000001554 ) ;
#3036 = DIRECTION ( 'NONE',  ( -3.366885710356518736E-15, 0.000000000000000000, -1.000000000000000000 ) ) ;
#3037 = ADVANCED_FACE ( 'NONE', ( #2175 ), #1509, .F. ) ;
#3038 = ORIENTED_EDGE ( 'NONE', *, *, #1003, .T. ) ;
#3039 = LINE ( 'NONE', #3904, #1817 ) ;
#3040 = CARTESIAN_POINT ( 'NONE',  ( -0.9937122082903553366, 2.799999999999999822, 0.1571504165241333906 ) ) ;
#3041 = AXIS2_PLACEMENT_3D ( 'NONE', #1277, #4549, #4098 ) ;
#3042 = ORIENTED_EDGE ( 'NONE', *, *, #3714, .F. ) ;
#3043 = EDGE_CURVE ( 'NONE', #100, #4417, #882, .T. ) ;
#3044 = PLANE ( 'NONE',  #3957 ) ;
#3045 = ORIENTED_EDGE ( 'NONE', *, *, #3802, .F. ) ;
#3046 = EDGE_LOOP ( 'NONE', ( #2791, #1920, #2768, #5134 ) ) ;
#3047 = DIRECTION ( 'NONE',  ( -0.000000000000000000, 1.000000000000000000, -0.000000000000000000 ) ) ;
#3048 = EDGE_CURVE ( 'NONE', #5318, #3173, #15, .T. ) ;
#3049 = EDGE_CURVE ( 'NONE', #766, #1729, #2513, .T. ) ;
#3050 = ORIENTED_EDGE ( 'NONE', *, *, #3611, .T. ) ;
#3051 = DIRECTION ( 'NONE',  ( 0.000000000000000000, -1.000000000000000000, 3.771137991253928573E-16 ) ) ;
#3052 = ORIENTED_EDGE ( 'NONE', *, *, #1943, .F. ) ;
#3053 = CARTESIAN_POINT ( 'NONE',  ( -1.297897403435390506, 3.000000000000000000, 2.092599387584261894 ) ) ;
#3054 = VECTOR ( 'NONE', #1013, 1000.000000000000000 ) ;
#3055 = DIRECTION ( 'NONE',  ( -0.000000000000000000, 1.000000000000000000, -0.000000000000000000 ) ) ;
#3056 = DIRECTION ( 'NONE',  ( -0.000000000000000000, 1.000000000000000000, 0.000000000000000000 ) ) ;
#3057 = LINE ( 'NONE', #3125, #4037 ) ;
#3058 = VECTOR ( 'NONE', #639, 1000.000000000000000 ) ;
#3059 = LINE ( 'NONE', #4376, #2720 ) ;
#3060 = FILL_AREA_STYLE ('',( #5155 ) ) ;
#3061 = VERTEX_POINT ( 'NONE', #4211 ) ;
#3062 = DIRECTION ( 'NONE',  ( -1.000000000000000000, 0.000000000000000000, 0.000000000000000000 ) ) ;
#3063 = CYLINDRICAL_SURFACE ( 'NONE', #3248, 0.02948327115430995904 ) ;
#3064 = VERTEX_POINT ( 'NONE', #1709 ) ;
#3065 = CARTESIAN_POINT ( 'NONE',  ( -3.299999999999998934, 1.274999999999999689, 0.3500000000000000333 ) ) ;
#3066 = CIRCLE ( 'NONE', #3962, 0.02948327115430995904 ) ;
#3067 = ORIENTED_EDGE ( 'NONE', *, *, #5339, .T. ) ;
#3068 = DIRECTION ( 'NONE',  ( 0.000000000000000000, -1.376764663473656710E-16, -1.000000000000000000 ) ) ;
#3069 = EDGE_CURVE ( 'NONE', #819, #1502, #5166, .T. ) ;
#3070 = COLOUR_RGB ( '',0.7921568627450980005, 0.8196078431372548767, 0.9333333333333333481 ) ;
#3071 = ADVANCED_FACE ( 'NONE', ( #5335 ), #1111, .F. ) ;
#3072 = VERTEX_POINT ( 'NONE', #240 ) ;
#3073 = VECTOR ( 'NONE', #3437, 1000.000000000000000 ) ;
#3074 = CARTESIAN_POINT ( 'NONE',  ( -0.5014609352743875093, 2.799999999999999822, 0.2063718723066461092 ) ) ;
#3075 = B_SPLINE_CURVE_WITH_KNOTS ( 'NONE', 3,
 ( #3093, #3926, #3908, #4318, #2646 ),
 .UNSPECIFIED., .F., .F.,
 ( 4, 1, 4 ),
 ( 0.000000000000000000, 0.5178533069596279459, 1.000000000000000000 ),
 .UNSPECIFIED. ) ;
#3076 = EDGE_CURVE ( 'NONE', #4106, #1410, #4079, .T. ) ;
#3077 = ORIENTED_EDGE ( 'NONE', *, *, #3588, .F. ) ;
#3078 = CARTESIAN_POINT ( 'NONE',  ( -0.7203756730072913284, 2.799999999999999822, 1.715976105977029986 ) ) ;
#3079 = VECTOR ( 'NONE', #920, 1000.000000000000000 ) ;
#3080 = VECTOR ( 'NONE', #4435, 1000.000000000000000 ) ;
#3081 = CARTESIAN_POINT ( 'NONE',  ( -1.038298776779051025, 3.000000000000000000, 2.358384634329920626 ) ) ;
#3082 =( NAMED_UNIT ( * ) SI_UNIT ( $, .STERADIAN. ) SOLID_ANGLE_UNIT ( ) );
#3083 = CARTESIAN_POINT ( 'NONE',  ( -1.436486009294025479, 3.000000000000000000, -2.066284746951504214 ) ) ;
#3084 = VECTOR ( 'NONE', #2294, 1000.000000000000114 ) ;
#3085 = ADVANCED_FACE ( 'NONE', ( #3639 ), #1962, .F. ) ;
#3086 = DIRECTION ( 'NONE',  ( 0.9012599435649698565, -0.000000000000000000, 0.4332787949176226672 ) ) ;
#3087 = CARTESIAN_POINT ( 'NONE',  ( -0.7182766836144757194, 3.000000000000000000, 0.1915760727600490099 ) ) ;
#3088 = ORIENTED_EDGE ( 'NONE', *, *, #1203, .F. ) ;
#3089 = DIRECTION ( 'NONE',  ( 0.000000000000000000, 1.000000000000000000, -0.000000000000000000 ) ) ;
#3090 = CARTESIAN_POINT ( 'NONE',  ( -0.7203756730072962133, 2.999999999999999556, 0.2410686557186573764 ) ) ;
#3091 = AXIS2_PLACEMENT_3D ( 'NONE', #1075, #2787, #711 ) ;
#3092 = ORIENTED_EDGE ( 'NONE', *, *, #2655, .F. ) ;
#3093 = CARTESIAN_POINT ( 'NONE',  ( -1.516812141168289774, 2.800000000000000266, 2.092599387584262782 ) ) ;
#3094 = LINE ( 'NONE', #983, #4664 ) ;
#3095 = EDGE_CURVE ( 'NONE', #4912, #247, #5363, .T. ) ;
#3096 = EDGE_LOOP ( 'NONE', ( #4718, #4470, #5044, #1531 ) ) ;
#3097 = DIRECTION ( 'NONE',  ( 0.000000000000000000, 0.000000000000000000, -1.000000000000000000 ) ) ;
#3098 = ORIENTED_EDGE ( 'NONE', *, *, #896, .T. ) ;
#3099 = CARTESIAN_POINT ( 'NONE',  ( -1.436486009294027477, 2.799999999999999822, -0.5061170212600999418 ) ) ;
#3100 = EDGE_CURVE ( 'NONE', #4401, #3262, #3187, .T. ) ;
#3101 = ORIENTED_EDGE ( 'NONE', *, *, #3193, .F. ) ;
#3102 = CARTESIAN_POINT ( 'NONE',  ( -0.5014609352743726323, 3.000000000000000000, 2.316055673014647542 ) ) ;
#3103 = FILL_AREA_STYLE ('',( #544 ) ) ;
#3104 = CARTESIAN_POINT ( 'NONE',  ( -3.299999999999998934, 1.574999999999999512, -0.3500000000000000333 ) ) ;
#3105 = ADVANCED_FACE ( 'NONE', ( #1908 ), #663, .T. ) ;
#3106 = PLANE ( 'NONE',  #4779 ) ;
#3107 = AXIS2_PLACEMENT_3D ( 'NONE', #3099, #82, #4278 ) ;
#3108 = ADVANCED_FACE ( 'NONE', ( #4532 ), #1170, .T. ) ;
#3109 = SURFACE_STYLE_FILL_AREA ( #4826 ) ;
#3110 = ORIENTED_EDGE ( 'NONE', *, *, #3855, .F. ) ;
#3111 = CARTESIAN_POINT ( 'NONE',  ( -1.452481564268863767, 2.800000000000000266, -2.145002150890730874 ) ) ;
#3112 = CARTESIAN_POINT ( 'NONE',  ( -1.165886843973377607, 2.799999999999999822, -0.4799186996672197836 ) ) ;
#3113 = ORIENTED_EDGE ( 'NONE', *, *, #5001, .F. ) ;
#3114 = CARTESIAN_POINT ( 'NONE',  ( 3.375000000000000444, 3.673940397442059868E-16, 1.500000000000000222 ) ) ;
#3115 = LINE ( 'NONE', #2299, #1126 ) ;
#3116 = AXIS2_PLACEMENT_3D ( 'NONE', #2914, #4162, #4220 ) ;
#3117 = CARTESIAN_POINT ( 'NONE',  ( -1.016216495080847881, 2.800000000000000266, 2.156888680854823104 ) ) ;
#3118 = ORIENTED_EDGE ( 'NONE', *, *, #3470, .T. ) ;
#3119 = VERTEX_POINT ( 'NONE', #695 ) ;
#3120 = DIRECTION ( 'NONE',  ( -0.000000000000000000, -3.771137991253928573E-16, -1.000000000000000000 ) ) ;
#3121 = ORIENTED_EDGE ( 'NONE', *, *, #1024, .F. ) ;
#3122 = DIRECTION ( 'NONE',  ( -0.000000000000000000, 1.000000000000000000, -0.000000000000000000 ) ) ;
#3123 = VERTEX_POINT ( 'NONE', #2383 ) ;
#3124 = CARTESIAN_POINT ( 'NONE',  ( -1.452481564268863767, 2.799999999999999822, -2.145002150890730874 ) ) ;
#3125 = CARTESIAN_POINT ( 'NONE',  ( -1.516812141168295991, 2.799999999999999822, 0.6402039898684432906 ) ) ;
#3126 = AXIS2_PLACEMENT_3D ( 'NONE', #2687, #1023, #4880 ) ;
#3127 = EDGE_CURVE ( 'NONE', #1177, #5411, #4946, .T. ) ;
#3128 = DIRECTION ( 'NONE',  ( -0.000000000000000000, -1.000000000000000000, -0.000000000000000000 ) ) ;
#3129 = EDGE_CURVE ( 'NONE', #4315, #1206, #1991, .T. ) ;
#3130 = CARTESIAN_POINT ( 'NONE',  ( -1.297897403435402275, 3.000000000000000000, -1.114027395475791771 ) ) ;
#3131 = ORIENTED_EDGE ( 'NONE', *, *, #2531, .T. ) ;
#3132 = AXIS2_PLACEMENT_3D ( 'NONE', #4007, #2284, #4400 ) ;
#3133 = LINE ( 'NONE', #4828, #1004 ) ;
#3134 = DIRECTION ( 'NONE',  ( -6.409502211720184684E-15, 0.000000000000000000, -1.000000000000000000 ) ) ;
#3135 = ORIENTED_EDGE ( 'NONE', *, *, #2319, .T. ) ;
#3136 = EDGE_CURVE ( 'NONE', #3983, #4008, #3283, .T. ) ;
#3137 = LINE ( 'NONE', #1879, #4686 ) ;
#3138 = VERTEX_POINT ( 'NONE', #2440 ) ;
#3139 = CARTESIAN_POINT ( 'NONE',  ( -7.013307099422956270, 1.274999999999999689, -0.3499999999999999223 ) ) ;
#3140 = CARTESIAN_POINT ( 'NONE',  ( -0.6946163660038592313, 2.800000000000000266, 1.278669713583197254 ) ) ;
#3141 = EDGE_LOOP ( 'NONE', ( #4373, #5147, #2479, #3702 ) ) ;
#3142 = EDGE_CURVE ( 'NONE', #669, #5281, #3215, .T. ) ;
#3143 = VERTEX_POINT ( 'NONE', #4913 ) ;
#3144 = FACE_OUTER_BOUND ( 'NONE', #2173, .T. ) ;
#3145 = AXIS2_PLACEMENT_3D ( 'NONE', #3873, #1615, #5010 ) ;
#3146 = ORIENTED_EDGE ( 'NONE', *, *, #3993, .T. ) ;
#3147 = CARTESIAN_POINT ( 'NONE',  ( -1.316527014741132540, 3.000000000000000000, 1.145459749854739417 ) ) ;
#3148 = AXIS2_PLACEMENT_3D ( 'NONE', #2408, #4102, #3665 ) ;
#3149 = ORIENTED_EDGE ( 'NONE', *, *, #5054, .T. ) ;
#3150 = LINE ( 'NONE', #1514, #5469 ) ;
#3151 = CARTESIAN_POINT ( 'NONE',  ( -1.169744343679354204, 2.800000000000000266, -2.069316255566388207 ) ) ;
#3152 =( GEOMETRIC_REPRESENTATION_CONTEXT ( 3 ) GLOBAL_UNCERTAINTY_ASSIGNED_CONTEXT ( ( #3568 ) ) GLOBAL_UNIT_ASSIGNED_CONTEXT ( ( #5252, #1824, #5229 ) ) REPRESENTATION_CONTEXT ( 'NONE', 'WORKASPACE' ) );
#3153 = CIRCLE ( 'NONE', #2549, 0.5500000000000001554 ) ;
#3154 = LINE ( 'NONE', #2820, #3974 ) ;
#3155 = CARTESIAN_POINT ( 'NONE',  ( -0.7030802731876463207, 2.799999999999999822, -1.892730562807720895 ) ) ;
#3156 = ORIENTED_EDGE ( 'NONE', *, *, #837, .F. ) ;
#3157 = CARTESIAN_POINT ( 'NONE',  ( -0.7203756730072949921, 2.799999999999999822, 0.5952898833847928284 ) ) ;
#3158 = EDGE_CURVE ( 'NONE', #4633, #906, #1497, .T. ) ;
#3159 = CARTESIAN_POINT ( 'NONE',  ( 3.625000000000000000, 1.574999999999999512, -0.3500000000000000333 ) ) ;
#3160 = ORIENTED_EDGE ( 'NONE', *, *, #4201, .F. ) ;
#3161 = CARTESIAN_POINT ( 'NONE',  ( -0.5014609352743963910, 1.500624570026933613, -1.795802496286066807 ) ) ;
#3162 = ORIENTED_EDGE ( 'NONE', *, *, #4325, .F. ) ;
#3163 = CARTESIAN_POINT ( 'NONE',  ( -1.516812141168289774, 3.000000000000000000, 1.632267260053192892 ) ) ;
#3164 = VECTOR ( 'NONE', #2584, 1000.000000000000000 ) ;
#3165 = ADVANCED_FACE ( 'NONE', ( #1523 ), #2027, .T. ) ;
#3166 = CARTESIAN_POINT ( 'NONE',  ( -1.471289618912902997, 2.799999999999999822, -0.4337222961802887911 ) ) ;
#3167 = ORIENTED_EDGE ( 'NONE', *, *, #4247, .F. ) ;
#3168 = EDGE_CURVE ( 'NONE', #4346, #4506, #1057, .T. ) ;
#3169 = AXIS2_PLACEMENT_3D ( 'NONE', #2843, #2812, #3327 ) ;
#3170 = VECTOR ( 'NONE', #3056, 1000.000000000000000 ) ;
#3171 = UNCERTAINTY_MEASURE_WITH_UNIT (LENGTH_MEASURE( 1.000000000000000082E-05 ), #1281, 'distance_accuracy_value', 'NONE');
#3172 = ADVANCED_FACE ( 'NONE', ( #4883, #4202 ), #3788, .T. ) ;
#3173 = VERTEX_POINT ( 'NONE', #5068 ) ;
#3174 = LINE ( 'NONE', #4541, #4021 ) ;
#3175 = ORIENTED_EDGE ( 'NONE', *, *, #2779, .T. ) ;
#3176 = CARTESIAN_POINT ( 'NONE',  ( -1.420324101705678466, 3.000000000000000444, 1.630051982180146464 ) ) ;
#3177 = CARTESIAN_POINT ( 'NONE',  ( -1.514674049439726389, 3.000000000000000000, 1.417784605377300444 ) ) ;
#3178 = ORIENTED_EDGE ( 'NONE', *, *, #4166, .F. ) ;
#3179 = CARTESIAN_POINT ( 'NONE',  ( -0.6946163660038592313, 3.000000000000000000, 1.278669713583197254 ) ) ;
#3180 = CARTESIAN_POINT ( 'NONE',  ( -0.5014609352743933934, 3.000000000000000000, -1.527646951463584868 ) ) ;
#3181 = DIRECTION ( 'NONE',  ( 0.9012599435649699675, 0.000000000000000000, 0.4332787949176226672 ) ) ;
#3182 = DIRECTION ( 'NONE',  ( 0.000000000000000000, -0.000000000000000000, 1.000000000000000000 ) ) ;
#3183 = ORIENTED_EDGE ( 'NONE', *, *, #5132, .T. ) ;
#3184 = CARTESIAN_POINT ( 'NONE',  ( -3.375000000000000444, 1.324999999999999512, -0.3500000000000000333 ) ) ;
#3185 = DIRECTION ( 'NONE',  ( -0.000000000000000000, 1.000000000000000000, -0.000000000000000000 ) ) ;
#3186 = VERTEX_POINT ( 'NONE', #3379 ) ;
#3187 = LINE ( 'NONE', #5308, #4313 ) ;
#3188 = VERTEX_POINT ( 'NONE', #358 ) ;
#3189 = CARTESIAN_POINT ( 'NONE',  ( -0.7030802731876376610, 1.500624570026933613, -0.3325628371164328634 ) ) ;
#3190 = DIRECTION ( 'NONE',  ( -1.000000000000000000, 0.000000000000000000, 0.000000000000000000 ) ) ;
#3191 = B_SPLINE_SURFACE_WITH_KNOTS ( 'NONE', 3, 1, ( 
 ( #1048, #5324 ),
 ( #1866, #3576 ),
 ( #228, #5268 ),
 ( #4488, #1017 ) ),
 .UNSPECIFIED., .F., .F., .F.,
 ( 4, 4 ),
 ( 2, 2 ),
 ( 0.000000000000000000, 1.000000000000000000 ),
 ( 0.000000000000000000, 1.000000000000000000 ),
 .UNSPECIFIED. ) ;
#3192 = VERTEX_POINT ( 'NONE', #780 ) ;
#3193 = EDGE_CURVE ( 'NONE', #3615, #2056, #897, .T. ) ;
#3194 = LINE ( 'NONE', #4110, #4589 ) ;
#3195 = ORIENTED_EDGE ( 'NONE', *, *, #581, .F. ) ;
#3196 = ORIENTED_EDGE ( 'NONE', *, *, #4651, .T. ) ;
#3197 = CARTESIAN_POINT ( 'NONE',  ( -7.013307099422956270, 0.000000000000000000, -1.499999999999999778 ) ) ;
#3198 = ORIENTED_EDGE ( 'NONE', *, *, #5196, .T. ) ;
#3199 = ADVANCED_FACE ( 'NONE', ( #2085 ), #4594, .T. ) ;
#3200 = CARTESIAN_POINT ( 'NONE',  ( -0.5014609352743857329, 3.000000000000000000, 0.7578392147479485752 ) ) ;
#3201 = DIRECTION ( 'NONE',  ( -0.9799725457018583219, 0.000000000000000000, 0.1991326434079039032 ) ) ;
#3202 = ORIENTED_EDGE ( 'NONE', *, *, #904, .T. ) ;
#3203 = FACE_OUTER_BOUND ( 'NONE', #5284, .T. ) ;
#3204 = DIRECTION ( 'NONE',  ( 0.000000000000000000, 1.000000000000000000, -0.000000000000000000 ) ) ;
#3205 = DIRECTION ( 'NONE',  ( 0.000000000000000000, 0.000000000000000000, 1.000000000000000000 ) ) ;
#3206 = ADVANCED_FACE ( 'NONE', ( #839 ), #2054, .F. ) ;
#3207 = CARTESIAN_POINT ( 'NONE',  ( -0.5014609352743963910, 1.500624570026933613, -1.795802496286066807 ) ) ;
#3208 = ORIENTED_EDGE ( 'NONE', *, *, #176, .F. ) ;
#3209 = DIRECTION ( 'NONE',  ( 0.000000000000000000, 0.000000000000000000, -1.000000000000000000 ) ) ;
#3210 = CARTESIAN_POINT ( 'NONE',  ( -0.5014609352743845117, 2.800000000000000266, 1.475952984027617987 ) ) ;
#3211 = DIRECTION ( 'NONE',  ( 0.000000000000000000, 0.000000000000000000, -1.000000000000000000 ) ) ;
#3212 = AXIS2_PLACEMENT_3D ( 'NONE', #3184, #2714, #978 ) ;
#3213 = ORIENTED_EDGE ( 'NONE', *, *, #2345, .T. ) ;
#3214 = VECTOR ( 'NONE', #464, 1000.000000000000000 ) ;
#3215 = LINE ( 'NONE', #2357, #1020 ) ;
#3216 = ORIENTED_EDGE ( 'NONE', *, *, #2053, .T. ) ;
#3217 = CARTESIAN_POINT ( 'NONE',  ( -1.516812141168301542, 3.000000000000000000, -1.114027395475791771 ) ) ;
#3218 = ORIENTED_EDGE ( 'NONE', *, *, #2799, .F. ) ;
#3219 = VECTOR ( 'NONE', #3739, 1000.000000000000000 ) ;
#3220 = MANIFOLD_SOLID_BREP ( 'Boss-Extrude5[1]', #2494 ) ;
#3221 = DIRECTION ( 'NONE',  ( -0.000000000000000000, 1.000000000000000000, -0.000000000000000000 ) ) ;
#3222 = ORIENTED_EDGE ( 'NONE', *, *, #4389, .F. ) ;
#3223 = ORIENTED_EDGE ( 'NONE', *, *, #4331, .T. ) ;
#3224 = FACE_OUTER_BOUND ( 'NONE', #4954, .T. ) ;
#3225 = ADVANCED_FACE ( 'NONE', ( #5123 ), #4, .F. ) ;
#3226 = DIRECTION ( 'NONE',  ( -0.000000000000000000, 1.000000000000000000, -0.000000000000000000 ) ) ;
#3227 = ORIENTED_EDGE ( 'NONE', *, *, #3862, .T. ) ;
#3228 = EDGE_CURVE ( 'NONE', #4628, #1519, #2972, .T. ) ;
#3229 = CARTESIAN_POINT ( 'NONE',  ( -0.5014609352743845117, 2.799999999999999822, 1.044840171770848203 ) ) ;
#3230 = CARTESIAN_POINT ( 'NONE',  ( -1.436486009294027477, 3.000000000000000000, -0.5061170212600999418 ) ) ;
#3231 = AXIS2_PLACEMENT_3D ( 'NONE', #5025, #2968, #2910 ) ;
#3232 = VERTEX_POINT ( 'NONE', #4171 ) ;
#3233 = CARTESIAN_POINT ( 'NONE',  ( -0.7203756730072949921, 2.800000000000000266, 0.5952898833847928284 ) ) ;
#3234 = EDGE_CURVE ( 'NONE', #4078, #3675, #52, .T. ) ;
#3235 = CARTESIAN_POINT ( 'NONE',  ( -0.5014609352743933934, 2.799999999999999822, -1.527646951463584868 ) ) ;
#3236 = CARTESIAN_POINT ( 'NONE',  ( -0.7030802731876463207, 2.799999999999999822, -1.892730562807720895 ) ) ;
#3237 = EDGE_CURVE ( 'NONE', #4869, #1484, #2585, .T. ) ;
#3238 = VECTOR ( 'NONE', #2839, 1000.000000000000000 ) ;
#3239 = CARTESIAN_POINT ( 'NONE',  ( 0.000000000000000000, 0.1999999999999999833, 0.000000000000000000 ) ) ;
#3240 = VECTOR ( 'NONE', #2326, 1000.000000000000000 ) ;
#3241 = CARTESIAN_POINT ( 'NONE',  ( -1.016206775675822627, 2.799999999999999822, -1.055552320380675591 ) ) ;
#3242 = ORIENTED_EDGE ( 'NONE', *, *, #2382, .T. ) ;
#3243 = DIRECTION ( 'NONE',  ( 0.000000000000000000, -1.000000000000000000, 0.000000000000000000 ) ) ;
#3244 = ADVANCED_FACE ( 'NONE', ( #4626 ), #472, .F. ) ;
#3245 = LINE ( 'NONE', #323, #1326 ) ;
#3246 = DIRECTION ( 'NONE',  ( 0.000000000000000000, -0.000000000000000000, -1.000000000000000000 ) ) ;
#3247 = VECTOR ( 'NONE', #1968, 1000.000000000000000 ) ;
#3248 = AXIS2_PLACEMENT_3D ( 'NONE', #3112, #4808, #4342 ) ;
#3249 = ORIENTED_EDGE ( 'NONE', *, *, #3575, .T. ) ;
#3250 = AXIS2_PLACEMENT_3D ( 'NONE', #3330, #1691, #3394 ) ;
#3251 = CIRCLE ( 'NONE', #5486, 0.02948327115430995904 ) ;
#3252 = CARTESIAN_POINT ( 'NONE',  ( -0.5014609352743877313, 2.800000000000000266, 0.1266462391690636735 ) ) ;
#3253 = VERTEX_POINT ( 'NONE', #1198 ) ;
#3254 = ORIENTED_EDGE ( 'NONE', *, *, #5249, .F. ) ;
#3255 = STYLED_ITEM ( 'NONE', ( #5071 ), #5138 ) ;
#3256 = FACE_OUTER_BOUND ( 'NONE', #638, .T. ) ;
#3257 = ORIENTED_EDGE ( 'NONE', *, *, #1379, .T. ) ;
#3258 = ORIENTED_EDGE ( 'NONE', *, *, #3654, .T. ) ;
#3259 = DIRECTION ( 'NONE',  ( -0.9012599435649172319, 0.000000000000000000, -0.4332787949177322462 ) ) ;
#3260 = CARTESIAN_POINT ( 'NONE',  ( -0.7182766836144757194, 2.799999999999999822, 0.1915760727600490099 ) ) ;
#3261 = AXIS2_PLACEMENT_3D ( 'NONE', #387, #2084, #3787 ) ;
#3262 = VERTEX_POINT ( 'NONE', #1392 ) ;
#3263 = CARTESIAN_POINT ( 'NONE',  ( -0.5014609352743845117, 2.800000000000000266, 1.738984972074796298 ) ) ;
#3264 = EDGE_CURVE ( 'NONE', #3656, #2244, #4951, .T. ) ;
#3265 = CARTESIAN_POINT ( 'NONE',  ( -0.5014609352743879533, 3.000000000000000000, 0.03252077422767544329 ) ) ;
#3266 = VERTEX_POINT ( 'NONE', #108 ) ;
#3267 = MANIFOLD_SOLID_BREP ( 'Fillet1', #2396 ) ;
#3268 = CARTESIAN_POINT ( 'NONE',  ( -0.7203756730072962133, 2.799999999999999822, 0.2410686557186573764 ) ) ;
#3269 = CARTESIAN_POINT ( 'NONE',  ( -2.499999999999999112, 2.949999999999999734, 2.499999999999999556 ) ) ;
#3270 = CARTESIAN_POINT ( 'NONE',  ( -0.5014609352743963910, 2.799999999999999822, -1.795802496286066807 ) ) ;
#3271 = LINE ( 'NONE', #4127, #3396 ) ;
#3272 = EDGE_CURVE ( 'NONE', #4108, #2509, #1366, .T. ) ;
#3273 = LINE ( 'NONE', #4968, #2351 ) ;
#3274 = ORIENTED_EDGE ( 'NONE', *, *, #4746, .T. ) ;
#3275 = EDGE_CURVE ( 'NONE', #3945, #425, #925, .T. ) ;
#3276 = FACE_OUTER_BOUND ( 'NONE', #2448, .T. ) ;
#3277 = CARTESIAN_POINT ( 'NONE',  ( -0.7030802731876376610, 1.500624570026933613, -0.3325628371164328634 ) ) ;
#3278 = FACE_OUTER_BOUND ( 'NONE', #844, .T. ) ;
#3279 = ORIENTED_EDGE ( 'NONE', *, *, #263, .F. ) ;
#3280 = PLANE ( 'NONE',  #4056 ) ;
#3281 = ADVANCED_FACE ( 'NONE', ( #2685 ), #5328, .F. ) ;
#3282 = APPLICATION_CONTEXT ( 'automotive_design' ) ;
#3283 = LINE ( 'NONE', #659, #3689 ) ;
#3284 = ORIENTED_EDGE ( 'NONE', *, *, #2015, .F. ) ;
#3285 = SURFACE_SIDE_STYLE ('',( #3350 ) ) ;
#3286 = VERTEX_POINT ( 'NONE', #3464 ) ;
#3287 = MANIFOLD_SOLID_BREP ( 'Fillet2', #624 ) ;
#3288 = VECTOR ( 'NONE', #4402, 1000.000000000000000 ) ;
#3289 = LINE ( 'NONE', #334, #4842 ) ;
#3290 = ORIENTED_EDGE ( 'NONE', *, *, #3722, .F. ) ;
#3291 = ORIENTED_EDGE ( 'NONE', *, *, #269, .F. ) ;
#3292 = CARTESIAN_POINT ( 'NONE',  ( -1.297897403435396724, 2.799999999999999822, 0.1801529508449854489 ) ) ;
#3293 = CARTESIAN_POINT ( 'NONE',  ( -1.297897403435396724, 2.799999999999999822, 0.1801529508449854489 ) ) ;
#3294 = CARTESIAN_POINT ( 'NONE',  ( -3.299999999999998934, 0.1999999999999999833, -1.799999999999999822 ) ) ;
#3295 = CARTESIAN_POINT ( 'NONE',  ( 1.299999999999999600, 0.1999999999999999833, -1.799999999999999600 ) ) ;
#3296 = FACE_OUTER_BOUND ( 'NONE', #1422, .T. ) ;
#3297 = ORIENTED_EDGE ( 'NONE', *, *, #2188, .F. ) ;
#3298 = MANIFOLD_SOLID_BREP ( 'Boss-Extrude4', #3645 ) ;
#3299 = CARTESIAN_POINT ( 'NONE',  ( -3.375000000000000444, 1.574999999999999512, 0.3500000000000000333 ) ) ;
#3300 = CARTESIAN_POINT ( 'NONE',  ( -1.516812141168289774, 2.800000000000000266, 0.1191178942344804093 ) ) ;
#3301 = DIRECTION ( 'NONE',  ( 0.000000000000000000, 1.000000000000000000, 0.000000000000000000 ) ) ;
#3302 = FACE_OUTER_BOUND ( 'NONE', #785, .T. ) ;
#3303 = DIRECTION ( 'NONE',  ( -0.000000000000000000, -0.000000000000000000, 1.000000000000000000 ) ) ;
#3304 = VERTEX_POINT ( 'NONE', #3661 ) ;
#3305 = LINE ( 'NONE', #2433, #2065 ) ;
#3306 = DIRECTION ( 'NONE',  ( 0.000000000000000000, 1.000000000000000000, 0.000000000000000000 ) ) ;
#3307 = FACE_BOUND ( 'NONE', #3750, .T. ) ;
#3308 = CARTESIAN_POINT ( 'NONE',  ( -0.5014609352743879533, 2.800000000000000266, 0.03252077422767544329 ) ) ;
#3309 = ADVANCED_FACE ( 'NONE', ( #2790 ), #4481, .F. ) ;
#3310 = EDGE_LOOP ( 'NONE', ( #3135, #4736, #2028, #854 ) ) ;
#3311 = DIRECTION ( 'NONE',  ( 2.489831028333174263E-15, 0.000000000000000000, 1.000000000000000000 ) ) ;
#3312 = EDGE_CURVE ( 'NONE', #5238, #5338, #2822, .T. ) ;
#3313 = SURFACE_SIDE_STYLE ('',( #1674 ) ) ;
#3314 = ORIENTED_EDGE ( 'NONE', *, *, #3069, .T. ) ;
#3315 = SURFACE_SIDE_STYLE ('',( #4174 ) ) ;
#3316 = B_SPLINE_CURVE_WITH_KNOTS ( 'NONE', 3,
 ( #2840, #3260, #2003, #4515, #3293 ),
 .UNSPECIFIED., .F., .F.,
 ( 4, 1, 4 ),
 ( 0.000000000000000000, 0.5079839729424890926, 1.000000000000000000 ),
 .UNSPECIFIED. ) ;
#3317 = EDGE_CURVE ( 'NONE', #5446, #1162, #740, .T. ) ;
#3318 = ORIENTED_EDGE ( 'NONE', *, *, #1213, .F. ) ;
#3319 = VECTOR ( 'NONE', #592, 1000.000000000000000 ) ;
#3320 = CARTESIAN_POINT ( 'NONE',  ( -1.297897403435402275, 2.800000000000000266, -1.114027395475791771 ) ) ;
#3321 = ORIENTED_EDGE ( 'NONE', *, *, #4303, .F. ) ;
#3322 = ORIENTED_EDGE ( 'NONE', *, *, #866, .F. ) ;
#3323 = DIRECTION ( 'NONE',  ( -0.000000000000000000, 1.000000000000000000, -0.000000000000000000 ) ) ;
#3324 = VECTOR ( 'NONE', #1974, 1000.000000000000114 ) ;
#3325 = DIRECTION ( 'NONE',  ( 0.9012599435649173429, 0.000000000000000000, 0.4332787949177320797 ) ) ;
#3326 = DIRECTION ( 'NONE',  ( 0.9012599435649173429, 0.000000000000000000, 0.4332787949177321352 ) ) ;
#3327 = DIRECTION ( 'NONE',  ( 0.000000000000000000, 1.224646799147352961E-16, 1.000000000000000000 ) ) ;
#3328 = CARTESIAN_POINT ( 'NONE',  ( -1.038298776779063237, 2.800000000000000266, -0.8482421487301301521 ) ) ;
#3329 = VERTEX_POINT ( 'NONE', #4550 ) ;
#3330 = CARTESIAN_POINT ( 'NONE',  ( -2.499999999999999112, 2.949999999999999734, 2.499999999999999556 ) ) ;
#3331 = CARTESIAN_POINT ( 'NONE',  ( -1.297897403435395836, 2.799999999999999822, 0.5285146380913131603 ) ) ;
#3332 = CARTESIAN_POINT ( 'NONE',  ( -1.516812141168295991, 2.799999999999999822, 1.321377513534234049 ) ) ;
#3333 = CARTESIAN_POINT ( 'NONE',  ( 3.299999999999998934, 1.574999999999999512, -0.3500000000000000333 ) ) ;
#3334 = B_SPLINE_CURVE_WITH_KNOTS ( 'NONE', 3,
 ( #2640, #7, #3408, #3608, #234 ),
 .UNSPECIFIED., .F., .F.,
 ( 4, 1, 4 ),
 ( 0.000000000000000000, 0.5143794237790315638, 1.000000000000000000 ),
 .UNSPECIFIED. ) ;
#3335 = CARTESIAN_POINT ( 'NONE',  ( -1.385209111706662277, 3.000000000000000000, 1.491006993288285454 ) ) ;
#3336 = ORIENTED_EDGE ( 'NONE', *, *, #3755, .T. ) ;
#3337 = CARTESIAN_POINT ( 'NONE',  ( -0.5014609352743875093, 3.000000000000000000, 0.2063718723066461092 ) ) ;
#3338 = DIRECTION ( 'NONE',  ( -0.9799725457018959585, -0.000000000000000000, 0.1991326434077181629 ) ) ;
#3339 = PLANE ( 'NONE',  #77 ) ;
#3340 = DIRECTION ( 'NONE',  ( -1.826113077463491048E-14, 0.000000000000000000, -1.000000000000000000 ) ) ;
#3341 = AXIS2_PLACEMENT_3D ( 'NONE', #1258, #444, #4652 ) ;
#3342 = ORIENTED_EDGE ( 'NONE', *, *, #936, .F. ) ;
#3343 = CARTESIAN_POINT ( 'NONE',  ( -0.7203756730073019865, 2.799999999999999822, -1.490650677083057429 ) ) ;
#3344 = EDGE_CURVE ( 'NONE', #2126, #187, #1102, .T. ) ;
#3345 = PRESENTATION_STYLE_ASSIGNMENT (( #4682 ) ) ;
#3346 = VECTOR ( 'NONE', #2836, 1000.000000000000000 ) ;
#3347 = ORIENTED_EDGE ( 'NONE', *, *, #4494, .F. ) ;
#3348 = ORIENTED_EDGE ( 'NONE', *, *, #3827, .F. ) ;
#3349 = AXIS2_PLACEMENT_3D ( 'NONE', #1362, #1341, #1753 ) ;
#3350 = SURFACE_STYLE_FILL_AREA ( #393 ) ;
#3351 = FACE_OUTER_BOUND ( 'NONE', #2091, .T. ) ;
#3352 = ORIENTED_EDGE ( 'NONE', *, *, #4052, .F. ) ;
#3353 = AXIS2_PLACEMENT_3D ( 'NONE', #23, #3813, #5510 ) ;
#3354 = EDGE_CURVE ( 'NONE', #1147, #3232, #5272, .T. ) ;
#3355 = CARTESIAN_POINT ( 'NONE',  ( -1.516812141168301542, 2.799999999999999822, -1.574359523006807482 ) ) ;
#3356 = ORIENTED_EDGE ( 'NONE', *, *, #652, .T. ) ;
#3357 = ORIENTED_EDGE ( 'NONE', *, *, #4837, .T. ) ;
#3358 = CARTESIAN_POINT ( 'NONE',  ( 3.299999999999998934, 0.000000000000000000, 0.000000000000000000 ) ) ;
#3359 = ADVANCED_FACE ( 'NONE', ( #232, #1898 ), #628, .T. ) ;
#3360 = AXIS2_PLACEMENT_3D ( 'NONE', #2120, #3062, #873 ) ;
#3361 = CARTESIAN_POINT ( 'NONE',  ( -1.516812141168301542, 2.799999999999999822, -1.114027395475791771 ) ) ;
#3362 = CARTESIAN_POINT ( 'NONE',  ( -1.516812141168289774, 3.000000000000000000, 0.1191178942344804093 ) ) ;
#3363 = ADVANCED_FACE ( 'NONE', ( #4878 ), #4524, .F. ) ;
#3364 = CARTESIAN_POINT ( 'NONE',  ( 3.375000000000000444, 0.2500000000000000000, -1.499999999999999778 ) ) ;
#3365 = VERTEX_POINT ( 'NONE', #3581 ) ;
#3366 = CIRCLE ( 'NONE', #5046, 0.2500000000000000000 ) ;
#3367 = CARTESIAN_POINT ( 'NONE',  ( -3.299999999999998934, 0.1999999999999999833, 0.000000000000000000 ) ) ;
#3368 = CARTESIAN_POINT ( 'NONE',  ( 3.375000000000000444, 1.324999999999999512, 0.000000000000000000 ) ) ;
#3369 = CARTESIAN_POINT ( 'NONE',  ( -0.5014609352743726323, 3.000000000000000000, 2.316055673014647542 ) ) ;
#3370 = DIRECTION ( 'NONE',  ( 0.000000000000000000, 0.000000000000000000, 1.000000000000000000 ) ) ;
#3371 = VECTOR ( 'NONE', #1537, 1000.000000000000000 ) ;
#3372 = STYLED_ITEM ( 'NONE', ( #1777 ), #1365 ) ;
#3373 = DIRECTION ( 'NONE',  ( 0.1045284632676430070, 0.000000000000000000, -0.9945218953682744001 ) ) ;
#3374 = EDGE_LOOP ( 'NONE', ( #3495, #984, #1092, #3314 ) ) ;
#3375 = CARTESIAN_POINT ( 'NONE',  ( -1.452481564268863767, 3.000000000000000000, -2.145002150890730874 ) ) ;
#3376 = DIRECTION ( 'NONE',  ( -0.9799725457018582109, -0.000000000000000000, 0.1991326434079039309 ) ) ;
#3377 = LINE ( 'NONE', #2883, #1656 ) ;
#3378 = CARTESIAN_POINT ( 'NONE',  ( -0.5014609352743875093, 3.000000000000000000, 0.2063718723066461092 ) ) ;
#3379 = CARTESIAN_POINT ( 'NONE',  ( -0.5014609352743857329, 3.000000000000000000, 0.7578392147479485752 ) ) ;
#3380 = VERTEX_POINT ( 'NONE', #2375 ) ;
#3381 = VERTEX_POINT ( 'NONE', #1464 ) ;
#3382 = DIRECTION ( 'NONE',  ( 0.000000000000000000, 0.000000000000000000, 1.000000000000000000 ) ) ;
#3383 = ORIENTED_EDGE ( 'NONE', *, *, #4494, .T. ) ;
#3384 = CARTESIAN_POINT ( 'NONE',  ( -0.5014609352743963910, 2.800000000000000266, -1.795802496286066807 ) ) ;
#3385 = EDGE_LOOP ( 'NONE', ( #3684, #141, #4525, #486 ) ) ;
#3386 = ORIENTED_EDGE ( 'NONE', *, *, #1349, .F. ) ;
#3387 = DIRECTION ( 'NONE',  ( 0.000000000000000000, -1.000000000000000000, 0.000000000000000000 ) ) ;
#3388 = CARTESIAN_POINT ( 'NONE',  ( -1.038298776779063237, 3.000000000000000000, -0.8482421487301301521 ) ) ;
#3389 = EDGE_CURVE ( 'NONE', #1405, #187, #1929, .T. ) ;
#3390 = CARTESIAN_POINT ( 'NONE',  ( -1.516812141168301542, 2.800000000000000266, -1.574359523006807482 ) ) ;
#3391 = EDGE_CURVE ( 'NONE', #100, #4448, #3692, .T. ) ;
#3392 = CARTESIAN_POINT ( 'NONE',  ( -3.299999999999998934, 1.574999999999999512, -1.500000000000000000 ) ) ;
#3393 = EDGE_LOOP ( 'NONE', ( #1629, #3110, #2477, #4974 ) ) ;
#3394 = DIRECTION ( 'NONE',  ( 0.000000000000000000, 0.000000000000000000, 1.000000000000000000 ) ) ;
#3395 = LINE ( 'NONE', #1716, #1802 ) ;
#3396 = VECTOR ( 'NONE', #4966, 1000.000000000000000 ) ;
#3397 = DIRECTION ( 'NONE',  ( -0.000000000000000000, -1.376764663473656710E-16, -1.000000000000000000 ) ) ;
#3398 = EDGE_CURVE ( 'NONE', #598, #2399, #3273, .T. ) ;
#3399 = PLANE ( 'NONE',  #2051 ) ;
#3400 = CARTESIAN_POINT ( 'NONE',  ( 3.299999999999998934, 1.574999999999999512, -1.500000000000000000 ) ) ;
#3401 = CARTESIAN_POINT ( 'NONE',  ( -3.625000000000000000, 1.274999999999999689, 0.3500000000000000333 ) ) ;
#3402 = FACE_BOUND ( 'NONE', #3782, .T. ) ;
#3403 = ADVANCED_FACE ( 'NONE', ( #4019 ), #2495, .T. ) ;
#3404 = CARTESIAN_POINT ( 'NONE',  ( -1.297897403435395836, 3.000000000000000000, 0.5285146380913131603 ) ) ;
#3405 = CARTESIAN_POINT ( 'NONE',  ( -0.5014609352743963910, 2.799999999999999822, -1.795802496286066807 ) ) ;
#3406 = VERTEX_POINT ( 'NONE', #2076 ) ;
#3407 = ORIENTED_EDGE ( 'NONE', *, *, #693, .T. ) ;
#3408 = CARTESIAN_POINT ( 'NONE',  ( -0.9860331462041350692, 2.800000000000000266, -0.05298655982231909034 ) ) ;
#3409 = CARTESIAN_POINT ( 'NONE',  ( -2.499999999999999112, 2.525735931288071168, 2.649999999999999467 ) ) ;
#3410 = ORIENTED_EDGE ( 'NONE', *, *, #5277, .T. ) ;
#3411 = CARTESIAN_POINT ( 'NONE',  ( 1.299999999999999600, 0.1999999999999999833, -1.799999999999999600 ) ) ;
#3412 = ORIENTED_EDGE ( 'NONE', *, *, #377, .T. ) ;
#3413 = VERTEX_POINT ( 'NONE', #771 ) ;
#3414 = CARTESIAN_POINT ( 'NONE',  ( -1.178661320169346549, 2.800000000000000266, -0.4533466083705757210 ) ) ;
#3415 = DIRECTION ( 'NONE',  ( -0.000000000000000000, 1.000000000000000000, -0.000000000000000000 ) ) ;
#3416 = VECTOR ( 'NONE', #3745, 1000.000000000000227 ) ;
#3417 = ADVANCED_FACE ( 'NONE', ( #802 ), #4344, .T. ) ;
#3418 = LINE ( 'NONE', #3392, #1314 ) ;
#3419 = EDGE_LOOP ( 'NONE', ( #2009, #2201, #1290, #2426 ) ) ;
#3420 = CARTESIAN_POINT ( 'NONE',  ( -0.6946163660038592313, 2.800000000000000266, 1.278669713583197254 ) ) ;
#3421 = PLANE ( 'NONE',  #2164 ) ;
#3422 = PLANE ( 'NONE',  #1749 ) ;
#3423 = EDGE_CURVE ( 'NONE', #1320, #1620, #1605, .T. ) ;
#3424 = DIRECTION ( 'NONE',  ( -0.000000000000000000, -0.000000000000000000, -1.000000000000000000 ) ) ;
#3425 = EDGE_CURVE ( 'NONE', #4982, #3266, #4583, .T. ) ;
#3426 = DIRECTION ( 'NONE',  ( 0.000000000000000000, -1.000000000000000000, 0.000000000000000000 ) ) ;
#3427 = DIRECTION ( 'NONE',  ( 0.000000000000000000, -1.000000000000000000, 0.000000000000000000 ) ) ;
#3428 = CARTESIAN_POINT ( 'NONE',  ( -1.516812141168295991, 2.800000000000000266, 1.321377513534234049 ) ) ;
#3429 = ADVANCED_FACE ( 'NONE', ( #379 ), #1808, .T. ) ;
#3430 = DIRECTION ( 'NONE',  ( 0.000000000000000000, 1.000000000000000000, -0.000000000000000000 ) ) ;
#3431 = EDGE_CURVE ( 'NONE', #560, #2126, #218, .T. ) ;
#3432 = DIRECTION ( 'NONE',  ( -0.000000000000000000, -1.000000000000000000, -0.000000000000000000 ) ) ;
#3433 = ORIENTED_EDGE ( 'NONE', *, *, #341, .F. ) ;
#3434 = ORIENTED_EDGE ( 'NONE', *, *, #3017, .F. ) ;
#3435 = PLANE ( 'NONE',  #3360 ) ;
#3436 = AXIS2_PLACEMENT_3D ( 'NONE', #2993, #4271, #1736 ) ;
#3437 = DIRECTION ( 'NONE',  ( -0.000000000000000000, -1.000000000000000000, -0.000000000000000000 ) ) ;
#3438 = ORIENTED_EDGE ( 'NONE', *, *, #4711, .T. ) ;
#3439 = MECHANICAL_DESIGN_GEOMETRIC_PRESENTATION_REPRESENTATION (  '', ( #660 ), #1740 ) ;
#3440 = VECTOR ( 'NONE', #4911, 1000.000000000000227 ) ;
#3441 = DIRECTION ( 'NONE',  ( 0.000000000000000000, 1.000000000000000000, 0.000000000000000000 ) ) ;
#3442 = ORIENTED_EDGE ( 'NONE', *, *, #5497, .T. ) ;
#3443 = ORIENTED_EDGE ( 'NONE', *, *, #3076, .T. ) ;
#3444 = CARTESIAN_POINT ( 'NONE',  ( -0.9842166634811611026, 2.799999999999999822, 0.003006886598751999651 ) ) ;
#3445 = VECTOR ( 'NONE', #2773, 1000.000000000000000 ) ;
#3446 = VECTOR ( 'NONE', #3533, 1000.000000000000000 ) ;
#3447 = CARTESIAN_POINT ( 'NONE',  ( -1.452481564268882419, 2.799999999999999822, -0.5848344251992796394 ) ) ;
#3448 = CIRCLE ( 'NONE', #4139, 0.2500000000000000000 ) ;
#3449 = DIRECTION ( 'NONE',  ( 0.000000000000000000, 1.000000000000000000, 0.000000000000000000 ) ) ;
#3450 = ORIENTED_EDGE ( 'NONE', *, *, #88, .F. ) ;
#3451 = LINE ( 'NONE', #5144, #3529 ) ;
#3452 = DIRECTION ( 'NONE',  ( -1.000000000000000000, 0.000000000000000000, -3.252606517456512809E-16 ) ) ;
#3453 = CARTESIAN_POINT ( 'NONE',  ( 2.750000000000000000, 15.33380951166242845, -3.299999999999999822 ) ) ;
#3454 = ORIENTED_EDGE ( 'NONE', *, *, #2899, .T. ) ;
#3455 = EDGE_CURVE ( 'NONE', #4244, #4957, #686, .T. ) ;
#3456 = LINE ( 'NONE', #5148, #2581 ) ;
#3457 = AXIS2_PLACEMENT_3D ( 'NONE', #3239, #4493, #3579 ) ;
#3458 = DIRECTION ( 'NONE',  ( -0.000000000000000000, 1.000000000000000000, -0.000000000000000000 ) ) ;
#3459 = LINE ( 'NONE', #2609, #783 ) ;
#3460 = LINE ( 'NONE', #5198, #5479 ) ;
#3461 = VECTOR ( 'NONE', #4167, 1000.000000000000000 ) ;
#3462 = EDGE_CURVE ( 'NONE', #3381, #373, #1118, .T. ) ;
#3463 = DIRECTION ( 'NONE',  ( 0.000000000000000000, 0.000000000000000000, -1.000000000000000000 ) ) ;
#3464 = CARTESIAN_POINT ( 'NONE',  ( 3.299999999999999822, 0.1999999999999999833, -1.799999999999998934 ) ) ;
#3465 = ORIENTED_EDGE ( 'NONE', *, *, #149, .F. ) ;
#3466 = ORIENTED_EDGE ( 'NONE', *, *, #1511, .T. ) ;
#3467 = CARTESIAN_POINT ( 'NONE',  ( -1.452481564268863767, 3.000000000000000000, -2.145002150890730874 ) ) ;
#3468 = DIRECTION ( 'NONE',  ( 2.489831028333173869E-15, -0.000000000000000000, 1.000000000000000000 ) ) ;
#3469 = EDGE_LOOP ( 'NONE', ( #174, #2358, #967, #64 ) ) ;
#3470 = EDGE_CURVE ( 'NONE', #5230, #4315, #1504, .T. ) ;
#3471 = DIRECTION ( 'NONE',  ( -0.9945218953682907204, 0.000000000000000000, -0.1045284632674874231 ) ) ;
#3472 = EDGE_LOOP ( 'NONE', ( #4266, #4112, #3634, #3594 ) ) ;
#3473 = ORIENTED_EDGE ( 'NONE', *, *, #3650, .F. ) ;
#3474 = DIRECTION ( 'NONE',  ( 0.9933818551354655080, -0.000000000000000000, 0.1148585647116543151 ) ) ;
#3475 = FACE_OUTER_BOUND ( 'NONE', #4350, .T. ) ;
#3476 = ORIENTED_EDGE ( 'NONE', *, *, #2242, .T. ) ;
#3477 = DIRECTION ( 'NONE',  ( -1.000000000000000000, 0.000000000000000000, 0.000000000000000000 ) ) ;
#3478 = CARTESIAN_POINT ( 'NONE',  ( -1.178661320169340110, 2.799999999999999822, -2.013514334061930811 ) ) ;
#3479 = ORIENTED_EDGE ( 'NONE', *, *, #1315, .F. ) ;
#3480 = CARTESIAN_POINT ( 'NONE',  ( -1.016206775675810414, 3.000000000000000000, 2.151074462679381849 ) ) ;
#3481 = VECTOR ( 'NONE', #1949, 1000.000000000000000 ) ;
#3482 = CARTESIAN_POINT ( 'NONE',  ( -0.5014609352743875093, 3.000000000000000000, 0.2063718723066461092 ) ) ;
#3483 = DIRECTION ( 'NONE',  ( -0.000000000000000000, -0.000000000000000000, 1.000000000000000000 ) ) ;
#3484 = DIRECTION ( 'NONE',  ( 0.000000000000000000, -1.000000000000000000, 0.000000000000000000 ) ) ;
#3485 = DIRECTION ( 'NONE',  ( -3.470849084279738984E-15, 0.000000000000000000, -1.000000000000000000 ) ) ;
#3486 = ORIENTED_EDGE ( 'NONE', *, *, #2444, .F. ) ;
#3487 = DIRECTION ( 'NONE',  ( 0.000000000000000000, -0.000000000000000000, 1.000000000000000000 ) ) ;
#3488 = EDGE_CURVE ( 'NONE', #392, #2149, #3289, .T. ) ;
#3489 = PLANE ( 'NONE',  #4234 ) ;
#3490 = AXIS2_PLACEMENT_3D ( 'NONE', #2870, #4542, #2453 ) ;
#3491 = ORIENTED_EDGE ( 'NONE', *, *, #3688, .T. ) ;
#3492 = ADVANCED_FACE ( 'NONE', ( #725 ), #5192, .F. ) ;
#3493 = CARTESIAN_POINT ( 'NONE',  ( -1.038298776779051025, 2.800000000000000266, 2.358384634329920626 ) ) ;
#3494 = EDGE_CURVE ( 'NONE', #2586, #4326, #4084, .T. ) ;
#3495 = ORIENTED_EDGE ( 'NONE', *, *, #4504, .T. ) ;
#3496 = CARTESIAN_POINT ( 'NONE',  ( -1.297897403435389396, 3.000000000000000000, 2.137002076460955191 ) ) ;
#3497 = EDGE_CURVE ( 'NONE', #1592, #435, #5402, .T. ) ;
#3498 = EDGE_LOOP ( 'NONE', ( #3348, #3637, #1586, #4867 ) ) ;
#3499 = CARTESIAN_POINT ( 'NONE',  ( -3.299999999999998934, 1.274999999999999689, -0.3499999999999999223 ) ) ;
#3500 = ORIENTED_EDGE ( 'NONE', *, *, #1859, .T. ) ;
#3501 = CARTESIAN_POINT ( 'NONE',  ( -0.5014609352743887305, 3.000000000000000000, -0.2356347705948078353 ) ) ;
#3502 = STYLED_ITEM ( 'NONE', ( #3601 ), #1421 ) ;
#3503 = LINE ( 'NONE', #3915, #4239 ) ;
#3504 = DIRECTION ( 'NONE',  ( 0.9933554313349571840, 0.000000000000000000, 0.1150868673539303111 ) ) ;
#3505 = VECTOR ( 'NONE', #849, 1000.000000000000000 ) ;
#3506 = B_SPLINE_SURFACE_WITH_KNOTS ( 'NONE', 3, 1, ( 
 ( #162, #114 ),
 ( #4832, #1854 ),
 ( #3493, #3947 ),
 ( #958, #2224 ),
 ( #3513, #2274 ) ),
 .UNSPECIFIED., .F., .F., .F.,
 ( 4, 1, 4 ),
 ( 2, 2 ),
 ( 0.000000000000000000, 0.5178533069596279459, 1.000000000000000000 ),
 ( 0.000000000000000000, 1.000000000000000000 ),
 .UNSPECIFIED. ) ;
#3507 = DIRECTION ( 'NONE',  ( 1.000000000000000000, 0.000000000000000000, -3.470849084279738984E-15 ) ) ;
#3508 = EDGE_LOOP ( 'NONE', ( #3924, #1944, #741, #4743 ) ) ;
#3509 = FACE_OUTER_BOUND ( 'NONE', #1728, .T. ) ;
#3510 = CARTESIAN_POINT ( 'NONE',  ( -0.5014609352743933934, 1.500624570026933613, -1.527646951463584868 ) ) ;
#3511 = ORIENTED_EDGE ( 'NONE', *, *, #4559, .F. ) ;
#3512 = EDGE_CURVE ( 'NONE', #4792, #4612, #3735, .T. ) ;
#3513 = CARTESIAN_POINT ( 'NONE',  ( -0.5014609352743816251, 2.800000000000000266, 2.195704662467916179 ) ) ;
#3514 = VECTOR ( 'NONE', #4731, 1000.000000000000000 ) ;
#3515 = ORIENTED_EDGE ( 'NONE', *, *, #2896, .F. ) ;
#3516 = CARTESIAN_POINT ( 'NONE',  ( 7.013307099422956270, 1.574999999999999512, -1.500000000000000000 ) ) ;
#3517 = VECTOR ( 'NONE', #2063, 1000.000000000000114 ) ;
#3518 = AXIS2_PLACEMENT_3D ( 'NONE', #2104, #912, #5506 ) ;
#3519 = EDGE_CURVE ( 'NONE', #3850, #3413, #3194, .T. ) ;
#3520 = ADVANCED_FACE ( 'NONE', ( #3256 ), #1148, .F. ) ;
#3521 = ORIENTED_EDGE ( 'NONE', *, *, #2242, .F. ) ;
#3522 = VECTOR ( 'NONE', #1914, 1000.000000000000000 ) ;
#3523 = B_SPLINE_CURVE_WITH_KNOTS ( 'NONE', 3,
 ( #1515, #2401, #1953, #2341 ),
 .UNSPECIFIED., .F., .F.,
 ( 4, 4 ),
 ( 0.000000000000000000, 1.000000000000000000 ),
 .UNSPECIFIED. ) ;
#3524 = VECTOR ( 'NONE', #2140, 1000.000000000000000 ) ;
#3525 = CARTESIAN_POINT ( 'NONE',  ( 1.299999999999999600, 0.1999999999999999833, -1.799999999999999600 ) ) ;
#3526 = ORIENTED_EDGE ( 'NONE', *, *, #1478, .F. ) ;
#3527 = EDGE_CURVE ( 'NONE', #4884, #1199, #2030, .T. ) ;
#3528 = CARTESIAN_POINT ( 'NONE',  ( -3.625000000000000000, 1.274999999999999689, 0.3500000000000000333 ) ) ;
#3529 = VECTOR ( 'NONE', #4725, 1000.000000000000114 ) ;
#3530 = AXIS2_PLACEMENT_3D ( 'NONE', #2814, #4960, #707 ) ;
#3531 = LINE ( 'NONE', #2680, #3079 ) ;
#3532 = SURFACE_STYLE_FILL_AREA ( #600 ) ;
#3533 = DIRECTION ( 'NONE',  ( 1.000000000000000000, -0.000000000000000000, -0.000000000000000000 ) ) ;
#3534 = AXIS2_PLACEMENT_3D ( 'NONE', #1937, #164, #1881 ) ;
#3535 = FACE_OUTER_BOUND ( 'NONE', #2576, .T. ) ;
#3536 = VERTEX_POINT ( 'NONE', #1591 ) ;
#3537 = DIRECTION ( 'NONE',  ( -1.204669080539449344E-16, 0.000000000000000000, 1.000000000000000000 ) ) ;
#3538 = DIRECTION ( 'NONE',  ( -1.826113077463491048E-14, 0.000000000000000000, -1.000000000000000000 ) ) ;
#3539 = VECTOR ( 'NONE', #910, 1000.000000000000000 ) ;
#3540 = ORIENTED_EDGE ( 'NONE', *, *, #724, .T. ) ;
#3541 = LINE ( 'NONE', #2618, #1748 ) ;
#3542 = B_SPLINE_CURVE_WITH_KNOTS ( 'NONE', 3,
 ( #3843, #28, #3008, #893, #2583 ),
 .UNSPECIFIED., .F., .F.,
 ( 4, 1, 4 ),
 ( 0.000000000000000000, 0.5178533069596279459, 1.000000000000000000 ),
 .UNSPECIFIED. ) ;
#3543 = ORIENTED_EDGE ( 'NONE', *, *, #458, .T. ) ;
#3544 = CARTESIAN_POINT ( 'NONE',  ( -0.5014609352743963910, 2.800000000000000266, -2.338251699174043186 ) ) ;
#3545 = VERTEX_POINT ( 'NONE', #4060 ) ;
#3546 = EDGE_LOOP ( 'NONE', ( #2501, #5157, #4290, #4773 ) ) ;
#3547 = ADVANCED_FACE ( 'NONE', ( #1941 ), #2863, .F. ) ;
#3548 = DIRECTION ( 'NONE',  ( 0.000000000000000000, 0.000000000000000000, 1.000000000000000000 ) ) ;
#3549 = VERTEX_POINT ( 'NONE', #5340 ) ;
#3550 = EDGE_CURVE ( 'NONE', #3304, #425, #1529, .T. ) ;
#3551 = DIRECTION ( 'NONE',  ( 0.000000000000000000, 0.000000000000000000, -1.000000000000000000 ) ) ;
#3552 = ORIENTED_EDGE ( 'NONE', *, *, #4722, .T. ) ;
#3553 = CARTESIAN_POINT ( 'NONE',  ( -0.7203756730072949921, 2.799999999999999822, 0.5952898833847928284 ) ) ;
#3554 = EDGE_CURVE ( 'NONE', #265, #3640, #860, .T. ) ;
#3555 = DIRECTION ( 'NONE',  ( 0.000000000000000000, 3.771137991253928573E-16, 1.000000000000000000 ) ) ;
#3556 = CARTESIAN_POINT ( 'NONE',  ( 3.299999999999998934, 0.2000000000000000944, 1.499999999999999556 ) ) ;
#3557 = VECTOR ( 'NONE', #2555, 1000.000000000000000 ) ;
#3558 = CARTESIAN_POINT ( 'NONE',  ( -1.298062317535383370, 3.000000000000000000, 0.1254717406449373518 ) ) ;
#3559 = ORIENTED_EDGE ( 'NONE', *, *, #790, .F. ) ;
#3560 = PLANE ( 'NONE',  #677 ) ;
#3561 = ORIENTED_EDGE ( 'NONE', *, *, #1104, .T. ) ;
#3562 = AXIS2_PLACEMENT_3D ( 'NONE', #4183, #370, #4989 ) ;
#3563 = FACE_OUTER_BOUND ( 'NONE', #3996, .T. ) ;
#3564 = VERTEX_POINT ( 'NONE', #2125 ) ;
#3565 = CARTESIAN_POINT ( 'NONE',  ( -0.7030802731876463207, 2.800000000000000266, -2.130902535812262411 ) ) ;
#3566 = DIRECTION ( 'NONE',  ( 0.9012599435649699675, -0.000000000000000000, 0.4332787949176226672 ) ) ;
#3567 = EDGE_LOOP ( 'NONE', ( #1430, #2567, #1344, #4873 ) ) ;
#3568 = UNCERTAINTY_MEASURE_WITH_UNIT (LENGTH_MEASURE( 1.000000000000000082E-05 ), #5252, 'distance_accuracy_value', 'NONE');
#3569 = ORIENTED_EDGE ( 'NONE', *, *, #2940, .T. ) ;
#3570 = LINE ( 'NONE', #5241, #5353 ) ;
#3571 = ORIENTED_EDGE ( 'NONE', *, *, #1751, .F. ) ;
#3572 = CARTESIAN_POINT ( 'NONE',  ( -1.436486009294025479, 2.799999999999999822, -2.066284746951504214 ) ) ;
#3573 = EDGE_CURVE ( 'NONE', #587, #3286, #2478, .T. ) ;
#3574 = EDGE_LOOP ( 'NONE', ( #3500, #4568, #4233, #1465 ) ) ;
#3575 = EDGE_CURVE ( 'NONE', #4859, #3253, #161, .T. ) ;
#3576 = CARTESIAN_POINT ( 'NONE',  ( -0.5025166106310917646, 3.000000000000000000, 0.8645148824455187730 ) ) ;
#3577 = FILL_AREA_STYLE_COLOUR ( '', #3766 ) ;
#3578 = DIRECTION ( 'NONE',  ( -0.9945218953682756213, 0.000000000000000000, -0.1045284632676308223 ) ) ;
#3579 = DIRECTION ( 'NONE',  ( 0.000000000000000000, -0.000000000000000000, -1.000000000000000000 ) ) ;
#3580 = ADVANCED_FACE ( 'NONE', ( #2958 ), #879, .T. ) ;
#3581 = CARTESIAN_POINT ( 'NONE',  ( 3.625000000000000000, 1.324999999999999956, 1.500000000000000000 ) ) ;
#3582 = ORIENTED_EDGE ( 'NONE', *, *, #581, .T. ) ;
#3583 = ADVANCED_FACE ( 'NONE', ( #3767 ), #5163, .T. ) ;
#3584 = CIRCLE ( 'NONE', #561, 0.1499999999999999667 ) ;
#3585 = LINE ( 'NONE', #3663, #4454 ) ;
#3586 = CARTESIAN_POINT ( 'NONE',  ( -0.6946163660038592313, 2.800000000000000266, 1.278669713583197254 ) ) ;
#3587 = ORIENTED_EDGE ( 'NONE', *, *, #4367, .T. ) ;
#3588 = EDGE_CURVE ( 'NONE', #1860, #2851, #4660, .T. ) ;
#3589 = LINE ( 'NONE', #1401, #5285 ) ;
#3590 = ORIENTED_EDGE ( 'NONE', *, *, #168, .F. ) ;
#3591 = LINE ( 'NONE', #662, #855 ) ;
#3592 = CARTESIAN_POINT ( 'NONE',  ( -0.7030802731876463207, 3.000000000000000000, -2.130902535812262411 ) ) ;
#3593 = VERTEX_POINT ( 'NONE', #1733 ) ;
#3594 = ORIENTED_EDGE ( 'NONE', *, *, #4643, .F. ) ;
#3595 = CARTESIAN_POINT ( 'NONE',  ( -0.5152686526748860851, 3.000000000000000000, 1.544919730039651773 ) ) ;
#3596 = VERTEX_POINT ( 'NONE', #3355 ) ;
#3597 = AXIS2_PLACEMENT_3D ( 'NONE', #2204, #2669, #4000 ) ;
#3598 = AXIS2_PLACEMENT_3D ( 'NONE', #3817, #2978, #2 ) ;
#3599 = ORIENTED_EDGE ( 'NONE', *, *, #2415, .T. ) ;
#3600 = DIRECTION ( 'NONE',  ( -0.000000000000000000, 1.000000000000000000, -0.000000000000000000 ) ) ;
#3601 = PRESENTATION_STYLE_ASSIGNMENT (( #4356 ) ) ;
#3602 = LINE ( 'NONE', #3180, #1568 ) ;
#3603 = AXIS2_PLACEMENT_3D ( 'NONE', #2079, #4675, #861 ) ;
#3604 = CIRCLE ( 'NONE', #1473, 0.5500000000000001554 ) ;
#3605 = DIRECTION ( 'NONE',  ( 0.000000000000000000, -1.000000000000000000, 1.376764663473656710E-16 ) ) ;
#3606 = CARTESIAN_POINT ( 'NONE',  ( -0.7203756730073018755, 3.000000000000000000, -1.072873669122563545 ) ) ;
#3607 = VERTEX_POINT ( 'NONE', #5498 ) ;
#3608 = CARTESIAN_POINT ( 'NONE',  ( -1.491781087391496730, 2.800000000000000266, -0.01283240866452028603 ) ) ;
#3609 = AXIS2_PLACEMENT_3D ( 'NONE', #3616, #1423, #4885 ) ;
#3610 = CARTESIAN_POINT ( 'NONE',  ( -0.5014609352743844006, 3.000000000000000000, -0.8905711100454063445 ) ) ;
#3611 = EDGE_CURVE ( 'NONE', #1022, #4401, #3825, .T. ) ;
#3612 = EDGE_LOOP ( 'NONE', ( #5357, #3667, #2167, #4985 ) ) ;
#3613 = EDGE_CURVE ( 'NONE', #1246, #2285, #2172, .T. ) ;
#3614 = CARTESIAN_POINT ( 'NONE',  ( -1.491781087391496730, 2.800000000000000266, -0.01283240866452028603 ) ) ;
#3615 = VERTEX_POINT ( 'NONE', #11 ) ;
#3616 = CARTESIAN_POINT ( 'NONE',  ( -2.749999999999999112, 2.999999999999999112, -2.750000000000000000 ) ) ;
#3617 = AXIS2_PLACEMENT_3D ( 'NONE', #706, #4092, #1977 ) ;
#3618 = DIRECTION ( 'NONE',  ( 0.000000000000000000, 1.000000000000000000, 0.000000000000000000 ) ) ;
#3619 = ADVANCED_FACE ( 'NONE', ( #2510 ), #2060, .T. ) ;
#3620 = ORIENTED_EDGE ( 'NONE', *, *, #4418, .F. ) ;
#3621 = DIRECTION ( 'NONE',  ( -0.000000000000000000, 1.000000000000000000, -0.000000000000000000 ) ) ;
#3622 = VERTEX_POINT ( 'NONE', #1706 ) ;
#3623 = ORIENTED_EDGE ( 'NONE', *, *, #4226, .F. ) ;
#3624 = DIRECTION ( 'NONE',  ( -0.9012599435649172319, -0.000000000000000000, -0.4332787949177322462 ) ) ;
#3625 = ORIENTED_EDGE ( 'NONE', *, *, #1143, .T. ) ;
#3626 = CARTESIAN_POINT ( 'NONE',  ( -0.5014609352743883974, 3.000000000000000000, -0.1277839682243637753 ) ) ;
#3627 = CARTESIAN_POINT ( 'NONE',  ( -0.5014609352743845117, 3.000000000000000000, 1.475952984027617987 ) ) ;
#3628 = ORIENTED_EDGE ( 'NONE', *, *, #4449, .F. ) ;
#3629 = DIRECTION ( 'NONE',  ( -3.145650417479524790E-15, 0.000000000000000000, -1.000000000000000000 ) ) ;
#3630 = CARTESIAN_POINT ( 'NONE',  ( -0.5014609352743933934, 3.000000000000000000, -1.467641810985258921 ) ) ;
#3631 = CARTESIAN_POINT ( 'NONE',  ( -0.5014609352743963910, 3.000000000000000000, -1.795802496286066807 ) ) ;
#3632 = DIRECTION ( 'NONE',  ( 0.000000000000000000, 0.000000000000000000, 1.000000000000000000 ) ) ;
#3633 = DIRECTION ( 'NONE',  ( -0.000000000000000000, 1.000000000000000000, -1.376764663473656956E-16 ) ) ;
#3634 = ORIENTED_EDGE ( 'NONE', *, *, #3462, .T. ) ;
#3635 = FACE_OUTER_BOUND ( 'NONE', #840, .T. ) ;
#3636 = FACE_OUTER_BOUND ( 'NONE', #565, .T. ) ;
#3637 = ORIENTED_EDGE ( 'NONE', *, *, #4637, .T. ) ;
#3638 = ADVANCED_FACE ( 'NONE', ( #1295 ), #786, .T. ) ;
#3639 = FACE_OUTER_BOUND ( 'NONE', #5342, .T. ) ;
#3640 = VERTEX_POINT ( 'NONE', #480 ) ;
#3641 = CARTESIAN_POINT ( 'NONE',  ( -0.7203756730073019865, 2.799999999999999822, -1.490650677083057429 ) ) ;
#3642 = EDGE_CURVE ( 'NONE', #2953, #5495, #38, .T. ) ;
#3643 = ORIENTED_EDGE ( 'NONE', *, *, #4864, .T. ) ;
#3644 = EDGE_CURVE ( 'NONE', #4953, #4448, #5133, .T. ) ;
#3645 = CLOSED_SHELL ( 'NONE', ( #613, #2312, #2216, #4005 ) ) ;
#3646 = DIRECTION ( 'NONE',  ( 0.000000000000000000, -0.000000000000000000, -1.000000000000000000 ) ) ;
#3647 = ORIENTED_EDGE ( 'NONE', *, *, #3136, .T. ) ;
#3648 = EDGE_LOOP ( 'NONE', ( #2304, #1826, #2823, #1969 ) ) ;
#3649 = DIRECTION ( 'NONE',  ( 1.000000000000000000, 0.000000000000000000, -3.470849084279738984E-15 ) ) ;
#3650 = EDGE_CURVE ( 'NONE', #3743, #3406, #905, .T. ) ;
#3651 = LINE ( 'NONE', #5344, #2523 ) ;
#3652 = VERTEX_POINT ( 'NONE', #3020 ) ;
#3653 = DIRECTION ( 'NONE',  ( -3.145650417479524790E-15, 0.000000000000000000, -1.000000000000000000 ) ) ;
#3654 = EDGE_CURVE ( 'NONE', #1419, #4346, #4631, .T. ) ;
#3655 = CARTESIAN_POINT ( 'NONE',  ( 3.299999999999998934, 1.274999999999999689, 0.3500000000000000333 ) ) ;
#3656 = VERTEX_POINT ( 'NONE', #1238 ) ;
#3657 = CARTESIAN_POINT ( 'NONE',  ( -1.420324101705678466, 3.000000000000000444, 1.630051982180146908 ) ) ;
#3658 = CARTESIAN_POINT ( 'NONE',  ( 2.750000000000000000, 0.1499999999999999944, 3.299999999999999822 ) ) ;
#3659 = DIRECTION ( 'NONE',  ( -1.826113077463491048E-14, 0.000000000000000000, -1.000000000000000000 ) ) ;
#3660 = DIRECTION ( 'NONE',  ( -1.000000000000000000, 0.000000000000000000, 0.000000000000000000 ) ) ;
#3661 = CARTESIAN_POINT ( 'NONE',  ( -0.5014609352743879533, 3.000000000000000000, 0.03252077422767544329 ) ) ;
#3662 = ORIENTED_EDGE ( 'NONE', *, *, #3272, .F. ) ;
#3663 = CARTESIAN_POINT ( 'NONE',  ( -0.5014609352743845117, 2.800000000000000266, 1.475952984027617987 ) ) ;
#3664 = CARTESIAN_POINT ( 'NONE',  ( -1.516812141168289774, 2.799999999999999822, 1.632267260053192892 ) ) ;
#3665 = DIRECTION ( 'NONE',  ( 0.9012599435649698565, 0.000000000000000000, 0.4332787949176226672 ) ) ;
#3666 =( GEOMETRIC_REPRESENTATION_CONTEXT ( 3 ) GLOBAL_UNCERTAINTY_ASSIGNED_CONTEXT ( ( #4349 ) ) GLOBAL_UNIT_ASSIGNED_CONTEXT ( ( #2880, #3725, #2377 ) ) REPRESENTATION_CONTEXT ( 'NONE', 'WORKASPACE' ) );
#3667 = ORIENTED_EDGE ( 'NONE', *, *, #5277, .F. ) ;
#3668 = VECTOR ( 'NONE', #5225, 1000.000000000000000 ) ;
#3669 = DIRECTION ( 'NONE',  ( 0.000000000000000000, 1.000000000000000000, 0.000000000000000000 ) ) ;
#3670 = ORIENTED_EDGE ( 'NONE', *, *, #4529, .F. ) ;
#3671 = ORIENTED_EDGE ( 'NONE', *, *, #4649, .F. ) ;
#3672 = ADVANCED_FACE ( 'NONE', ( #1350 ), #3044, .F. ) ;
#3673 = CARTESIAN_POINT ( 'NONE',  ( -1.297897403435390506, 2.800000000000000266, 2.092599387584261894 ) ) ;
#3674 = ORIENTED_EDGE ( 'NONE', *, *, #4125, .F. ) ;
#3675 = VERTEX_POINT ( 'NONE', #5075 ) ;
#3676 = LINE ( 'NONE', #1566, #3238 ) ;
#3677 = DIRECTION ( 'NONE',  ( 0.000000000000000000, 1.000000000000000000, -1.224646799147352961E-16 ) ) ;
#3678 = ADVANCED_FACE ( 'NONE', ( #932 ), #3506, .T. ) ;
#3679 = ORIENTED_EDGE ( 'NONE', *, *, #4047, .T. ) ;
#3680 = LINE ( 'NONE', #793, #1764 ) ;
#3681 = EDGE_CURVE ( 'NONE', #5473, #3186, #3541, .T. ) ;
#3682 = CARTESIAN_POINT ( 'NONE',  ( -1.514674049439726389, 2.799999999999999822, 1.417784605377300444 ) ) ;
#3683 = AXIS2_PLACEMENT_3D ( 'NONE', #3358, #5051, #3709 ) ;
#3684 = ORIENTED_EDGE ( 'NONE', *, *, #3095, .F. ) ;
#3685 = LINE ( 'NONE', #4613, #1554 ) ;
#3686 = CARTESIAN_POINT ( 'NONE',  ( -2.499999999999999112, 2.949999999999999734, 2.649999999999999467 ) ) ;
#3687 = DIRECTION ( 'NONE',  ( -0.000000000000000000, -0.000000000000000000, -1.000000000000000000 ) ) ;
#3688 = EDGE_CURVE ( 'NONE', #239, #1448, #3589, .T. ) ;
#3689 = VECTOR ( 'NONE', #4560, 1000.000000000000000 ) ;
#3690 = DIRECTION ( 'NONE',  ( 0.000000000000000000, 0.000000000000000000, -1.000000000000000000 ) ) ;
#3691 = VECTOR ( 'NONE', #2764, 1000.000000000000000 ) ;
#3692 = LINE ( 'NONE', #3155, #5028 ) ;
#3693 = ORIENTED_EDGE ( 'NONE', *, *, #1791, .T. ) ;
#3694 = PLANE ( 'NONE',  #2321 ) ;
#3695 = DIRECTION ( 'NONE',  ( -0.000000000000000000, 1.376764663473656710E-16, 1.000000000000000000 ) ) ;
#3696 = CARTESIAN_POINT ( 'NONE',  ( -2.499999999999999112, 2.949999999999999734, 2.499999999999999556 ) ) ;
#3697 = AXIS2_PLACEMENT_3D ( 'NONE', #2447, #270, #754 ) ;
#3698 = VECTOR ( 'NONE', #4757, 1000.000000000000000 ) ;
#3699 = ORIENTED_EDGE ( 'NONE', *, *, #4774, .T. ) ;
#3700 = VECTOR ( 'NONE', #2997, 1000.000000000000000 ) ;
#3701 = CARTESIAN_POINT ( 'NONE',  ( 1.299999999999999600, 0.1499999999999999944, -1.799999999999999600 ) ) ;
#3702 = ORIENTED_EDGE ( 'NONE', *, *, #2829, .T. ) ;
#3703 = CARTESIAN_POINT ( 'NONE',  ( -0.5014609352743933934, 3.000000000000000000, -1.527646951463584868 ) ) ;
#3704 = ORIENTED_EDGE ( 'NONE', *, *, #2485, .F. ) ;
#3705 = VECTOR ( 'NONE', #2026, 1000.000000000000000 ) ;
#3706 = CARTESIAN_POINT ( 'NONE',  ( -1.178661320169340110, 3.000000000000000000, -2.013514334061930811 ) ) ;
#3707 = ORIENTED_EDGE ( 'NONE', *, *, #1270, .T. ) ;
#3708 = VERTEX_POINT ( 'NONE', #2297 ) ;
#3709 = DIRECTION ( 'NONE',  ( 0.000000000000000000, 0.000000000000000000, 1.000000000000000000 ) ) ;
#3710 = DIRECTION ( 'NONE',  ( -0.000000000000000000, -0.000000000000000000, -1.000000000000000000 ) ) ;
#3711 = AXIS2_PLACEMENT_3D ( 'NONE', #3277, #4942, #1552 ) ;
#3712 = LINE ( 'NONE', #339, #455 ) ;
#3713 = DIRECTION ( 'NONE',  ( -0.000000000000000000, 1.000000000000000000, -0.000000000000000000 ) ) ;
#3714 = EDGE_CURVE ( 'NONE', #4912, #5453, #3075, .T. ) ;
#3715 = DIRECTION ( 'NONE',  ( 0.9012599435649698565, -0.000000000000000000, 0.4332787949176226672 ) ) ;
#3716 = ORIENTED_EDGE ( 'NONE', *, *, #3588, .T. ) ;
#3717 = PLANE ( 'NONE',  #2535 ) ;
#3718 = CARTESIAN_POINT ( 'NONE',  ( -1.452481564268882419, 2.800000000000000266, -0.5848344251992796394 ) ) ;
#3719 = CARTESIAN_POINT ( 'NONE',  ( -0.7203756730072913284, 2.800000000000000266, 1.715976105977029986 ) ) ;
#3720 = EDGE_CURVE ( 'NONE', #1199, #5041, #4811, .T. ) ;
#3721 = DIRECTION ( 'NONE',  ( 0.000000000000000000, 1.000000000000000000, 0.000000000000000000 ) ) ;
#3722 = EDGE_CURVE ( 'NONE', #2722, #4368, #4420, .T. ) ;
#3723 = DIRECTION ( 'NONE',  ( -0.9945218953682744001, 0.000000000000000000, -0.1045284632676430070 ) ) ;
#3724 = ORIENTED_EDGE ( 'NONE', *, *, #1373, .T. ) ;
#3725 =( NAMED_UNIT ( * ) PLANE_ANGLE_UNIT ( ) SI_UNIT ( $, .RADIAN. ) );
#3726 = CARTESIAN_POINT ( 'NONE',  ( -1.297897403435401387, 2.799999999999999822, -1.069624706599098918 ) ) ;
#3727 = LINE ( 'NONE', #2048, #1486 ) ;
#3728 = DIRECTION ( 'NONE',  ( -0.1991326434079039309, 0.000000000000000000, -0.9799725457018582109 ) ) ;
#3729 = EDGE_LOOP ( 'NONE', ( #5287, #1746, #2511, #12 ) ) ;
#3730 = DIRECTION ( 'NONE',  ( -0.000000000000000000, 1.000000000000000000, -0.000000000000000000 ) ) ;
#3731 = ADVANCED_FACE ( 'NONE', ( #3563 ), #5184, .T. ) ;
#3732 = DIRECTION ( 'NONE',  ( -0.4332787949176226672, 0.000000000000000000, 0.9012599435649699675 ) ) ;
#3733 = EDGE_LOOP ( 'NONE', ( #3077, #1071, #1524, #1593 ) ) ;
#3734 = ORIENTED_EDGE ( 'NONE', *, *, #3043, .F. ) ;
#3735 = LINE ( 'NONE', #2388, #4484 ) ;
#3736 = VERTEX_POINT ( 'NONE', #3114 ) ;
#3737 = ORIENTED_EDGE ( 'NONE', *, *, #1104, .F. ) ;
#3738 = CARTESIAN_POINT ( 'NONE',  ( -0.5014609352743933934, 2.800000000000000266, -1.467641810985258921 ) ) ;
#3739 = DIRECTION ( 'NONE',  ( 0.000000000000000000, 1.000000000000000000, 0.000000000000000000 ) ) ;
#3740 = FACE_OUTER_BOUND ( 'NONE', #2777, .T. ) ;
#3741 = DIRECTION ( 'NONE',  ( 0.000000000000000000, 0.000000000000000000, 1.000000000000000000 ) ) ;
#3742 = CARTESIAN_POINT ( 'NONE',  ( -1.516812141168301320, 2.800000000000000266, -1.017541098686655099 ) ) ;
#3743 = VERTEX_POINT ( 'NONE', #1005 ) ;
#3744 = CARTESIAN_POINT ( 'NONE',  ( -1.299999999999999156, 0.1999999999999999833, 1.800000000000000266 ) ) ;
#3745 = DIRECTION ( 'NONE',  ( 0.9914039068058888571, -0.000000000000000000, -0.1308368968220369466 ) ) ;
#3746 = CARTESIAN_POINT ( 'NONE',  ( -0.7030802731876376610, 2.800000000000000266, -0.3325628371164328634 ) ) ;
#3747 = EDGE_CURVE ( 'NONE', #4869, #2929, #1032, .T. ) ;
#3748 = CARTESIAN_POINT ( 'NONE',  ( 3.299999999999999822, 15.33380951166242845, -2.750000000000000000 ) ) ;
#3749 = CARTESIAN_POINT ( 'NONE',  ( -0.5014609352743845117, 2.800000000000000266, 1.475952984027617987 ) ) ;
#3750 = EDGE_LOOP ( 'NONE', ( #4815, #4378 ) ) ;
#3751 = DIRECTION ( 'NONE',  ( 0.000000000000000000, 0.000000000000000000, 1.000000000000000000 ) ) ;
#3752 = PLANE ( 'NONE',  #1134 ) ;
#3753 = FACE_BOUND ( 'NONE', #5313, .T. ) ;
#3754 = ORIENTED_EDGE ( 'NONE', *, *, #3312, .F. ) ;
#3755 = EDGE_CURVE ( 'NONE', #4091, #4512, #1375, .T. ) ;
#3756 = CARTESIAN_POINT ( 'NONE',  ( -0.7030802731876376610, 2.799999999999999822, -0.3325628371164328634 ) ) ;
#3757 = ADVANCED_FACE ( 'NONE', ( #510 ), #1787, .T. ) ;
#3758 =( NAMED_UNIT ( * ) PLANE_ANGLE_UNIT ( ) SI_UNIT ( $, .RADIAN. ) );
#3759 = ORIENTED_EDGE ( 'NONE', *, *, #5012, .F. ) ;
#3760 = VERTEX_POINT ( 'NONE', #4767 ) ;
#3761 = VECTOR ( 'NONE', #4807, 1000.000000000000000 ) ;
#3762 = CARTESIAN_POINT ( 'NONE',  ( -1.297897403435392061, 2.800000000000000266, 1.655276126151046245 ) ) ;
#3763 = CARTESIAN_POINT ( 'NONE',  ( 3.625000000000000000, 1.274999999999999689, -0.3499999999999999223 ) ) ;
#3764 = VERTEX_POINT ( 'NONE', #5257 ) ;
#3765 = EDGE_CURVE ( 'NONE', #1410, #134, #1447, .T. ) ;
#3766 = COLOUR_RGB ( '',0.2509803921568627416, 0.2509803921568627416, 0.2509803921568627416 ) ;
#3767 = FACE_OUTER_BOUND ( 'NONE', #5194, .T. ) ;
#3768 = ORIENTED_EDGE ( 'NONE', *, *, #4616, .F. ) ;
#3769 = ORIENTED_EDGE ( 'NONE', *, *, #3019, .T. ) ;
#3770 = DIRECTION ( 'NONE',  ( 0.000000000000000000, -1.000000000000000000, 0.000000000000000000 ) ) ;
#3771 = AXIS2_PLACEMENT_3D ( 'NONE', #3197, #3677, #2776 ) ;
#3772 = CARTESIAN_POINT ( 'NONE',  ( -0.9937122082903553366, 3.000000000000000000, 0.1571504165241333906 ) ) ;
#3773 = FACE_OUTER_BOUND ( 'NONE', #3729, .T. ) ;
#3774 = LINE ( 'NONE', #1689, #1754 ) ;
#3775 = EDGE_LOOP ( 'NONE', ( #4082, #3249 ) ) ;
#3776 = DIRECTION ( 'NONE',  ( -1.000000000000000000, -0.000000000000000000, -3.252606517456513302E-16 ) ) ;
#3777 = DIRECTION ( 'NONE',  ( 0.9914039068058888571, -0.000000000000000000, -0.1308368968220369466 ) ) ;
#3778 = CARTESIAN_POINT ( 'NONE',  ( -3.299999999999998934, 1.574999999999999512, -0.3500000000000000333 ) ) ;
#3779 = DIRECTION ( 'NONE',  ( 0.000000000000000000, 1.000000000000000000, -4.336808689942017736E-16 ) ) ;
#3780 = VECTOR ( 'NONE', #3338, 1000.000000000000114 ) ;
#3781 = CARTESIAN_POINT ( 'NONE',  ( -0.7960181702406859960, 3.000000000000000000, 1.605980824523348005 ) ) ;
#3782 = EDGE_LOOP ( 'NONE', ( #1156, #2998, #1297, #4751, #1669, #675, #3620, #2298, #3021, #959 ) ) ;
#3783 = DIRECTION ( 'NONE',  ( 0.000000000000000000, 0.000000000000000000, -1.000000000000000000 ) ) ;
#3784 = LINE ( 'NONE', #5093, #5143 ) ;
#3785 = DIRECTION ( 'NONE',  ( 0.000000000000000000, 1.000000000000000000, 0.000000000000000000 ) ) ;
#3786 = VECTOR ( 'NONE', #789, 1000.000000000000000 ) ;
#3787 = DIRECTION ( 'NONE',  ( 0.000000000000000000, 0.000000000000000000, 1.000000000000000000 ) ) ;
#3788 = PLANE ( 'NONE',  #4923 ) ;
#3789 = MECHANICAL_DESIGN_GEOMETRIC_PRESENTATION_REPRESENTATION (  '', ( #5124 ), #63 ) ;
#3790 = ORIENTED_EDGE ( 'NONE', *, *, #2683, .F. ) ;
#3791 = ORIENTED_EDGE ( 'NONE', *, *, #238, .F. ) ;
#3792 = CIRCLE ( 'NONE', #1210, 0.5500000000000001554 ) ;
#3793 = LINE ( 'NONE', #1172, #1913 ) ;
#3794 = EDGE_CURVE ( 'NONE', #1771, #4947, #1902, .T. ) ;
#3795 = DIRECTION ( 'NONE',  ( 0.000000000000000000, 1.000000000000000000, 0.000000000000000000 ) ) ;
#3796 = ORIENTED_EDGE ( 'NONE', *, *, #1651, .T. ) ;
#3797 = ADVANCED_FACE ( 'NONE', ( #186 ), #1832, .F. ) ;
#3798 = VECTOR ( 'NONE', #3600, 1000.000000000000000 ) ;
#3799 = VECTOR ( 'NONE', #3578, 1000.000000000000227 ) ;
#3800 = CARTESIAN_POINT ( 'NONE',  ( -0.5014609352743845117, 1.500624570026933613, 1.044840171770848203 ) ) ;
#3801 = ORIENTED_EDGE ( 'NONE', *, *, #2723, .T. ) ;
#3802 = EDGE_CURVE ( 'NONE', #4173, #5007, #3137, .T. ) ;
#3803 = ORIENTED_EDGE ( 'NONE', *, *, #2853, .T. ) ;
#3804 = CARTESIAN_POINT ( 'NONE',  ( -1.016206775675810414, 2.799999999999999822, 2.151074462679381849 ) ) ;
#3805 = VECTOR ( 'NONE', #4862, 1000.000000000000227 ) ;
#3806 = DIRECTION ( 'NONE',  ( 0.000000000000000000, 0.000000000000000000, 1.000000000000000000 ) ) ;
#3807 = DIRECTION ( 'NONE',  ( 0.000000000000000000, 0.000000000000000000, 1.000000000000000000 ) ) ;
#3808 = CARTESIAN_POINT ( 'NONE',  ( -1.297897403435395836, 1.500624570026933613, 0.5285146380913131603 ) ) ;
#3809 = VERTEX_POINT ( 'NONE', #4741 ) ;
#3810 = VECTOR ( 'NONE', #3660, 1000.000000000000000 ) ;
#3811 = DIRECTION ( 'NONE',  ( 0.9012599435649699675, 0.000000000000000000, 0.4332787949176226672 ) ) ;
#3812 = FACE_OUTER_BOUND ( 'NONE', #1788, .T. ) ;
#3813 = DIRECTION ( 'NONE',  ( 0.000000000000000000, -1.000000000000000000, 0.000000000000000000 ) ) ;
#3814 = LINE ( 'NONE', #3748, #99 ) ;
#3815 = CARTESIAN_POINT ( 'NONE',  ( -0.5014609352743903958, 2.799999999999999822, -0.7780839734827847964 ) ) ;
#3816 = DIRECTION ( 'NONE',  ( 0.000000000000000000, 0.000000000000000000, -1.000000000000000000 ) ) ;
#3817 = CARTESIAN_POINT ( 'NONE',  ( 0.000000000000000000, 3.000000000000000000, 0.000000000000000000 ) ) ;
#3818 = DIRECTION ( 'NONE',  ( 1.000000000000000000, 0.000000000000000000, -3.381690884191657554E-15 ) ) ;
#3819 = ORIENTED_EDGE ( 'NONE', *, *, #4149, .F. ) ;
#3820 = ORIENTED_EDGE ( 'NONE', *, *, #806, .T. ) ;
#3821 = CARTESIAN_POINT ( 'NONE',  ( -1.297897403435402275, 2.799999999999999822, -1.551350656909007419 ) ) ;
#3822 = CARTESIAN_POINT ( 'NONE',  ( -1.016206775675822627, 2.800000000000000266, -1.055552320380675591 ) ) ;
#3823 = ORIENTED_EDGE ( 'NONE', *, *, #1250, .T. ) ;
#3824 = ADVANCED_FACE ( 'NONE', ( #35 ), #5460, .T. ) ;
#3825 = LINE ( 'NONE', #1766, #947 ) ;
#3826 = EDGE_LOOP ( 'NONE', ( #5206, #5399, #1880, #2617, #2105, #4742, #1337, #6 ) ) ;
#3827 = EDGE_CURVE ( 'NONE', #2399, #1108, #5129, .T. ) ;
#3828 = ORIENTED_EDGE ( 'NONE', *, *, #4191, .T. ) ;
#3829 = CARTESIAN_POINT ( 'NONE',  ( -0.5014609352743963910, 2.799999999999999822, -1.795802496286066807 ) ) ;
#3830 = EDGE_CURVE ( 'NONE', #4360, #3850, #477, .T. ) ;
#3831 = DIRECTION ( 'NONE',  ( 0.000000000000000000, 0.000000000000000000, 1.000000000000000000 ) ) ;
#3832 = AXIS2_PLACEMENT_3D ( 'NONE', #519, #1795, #942 ) ;
#3833 = EDGE_CURVE ( 'NONE', #3329, #640, #1731, .T. ) ;
#3834 = LINE ( 'NONE', #4667, #1038 ) ;
#3835 = ORIENTED_EDGE ( 'NONE', *, *, #586, .F. ) ;
#3836 = CARTESIAN_POINT ( 'NONE',  ( -3.299999999999998934, 15.33380951166242845, 2.750000000000000000 ) ) ;
#3837 = LINE ( 'NONE', #3889, #2868 ) ;
#3838 = PLANE ( 'NONE',  #3353 ) ;
#3839 = EDGE_CURVE ( 'NONE', #3549, #4103, #2508, .T. ) ;
#3840 = CARTESIAN_POINT ( 'NONE',  ( -0.5014609352743857329, 3.000000000000000000, 0.7578392147479485752 ) ) ;
#3841 = CARTESIAN_POINT ( 'NONE',  ( -0.5014609352743857329, 2.800000000000000266, 0.7578392147479485752 ) ) ;
#3842 = CARTESIAN_POINT ( 'NONE',  ( -1.516812141168289774, 2.800000000000000266, 1.632267260053192892 ) ) ;
#3843 = CARTESIAN_POINT ( 'NONE',  ( -1.516812141168289774, 3.000000000000000000, 2.092599387584262782 ) ) ;
#3844 = DIRECTION ( 'NONE',  ( -0.000000000000000000, 1.000000000000000000, -0.000000000000000000 ) ) ;
#3845 = CARTESIAN_POINT ( 'NONE',  ( -1.514674049439726389, 2.799999999999999822, 1.417784605377300444 ) ) ;
#3846 = ORIENTED_EDGE ( 'NONE', *, *, #3613, .F. ) ;
#3847 = ORIENTED_EDGE ( 'NONE', *, *, #5416, .F. ) ;
#3848 = LINE ( 'NONE', #954, #225 ) ;
#3849 = CARTESIAN_POINT ( 'NONE',  ( -0.5014609352743903958, 3.000000000000000000, -0.7780839734827847964 ) ) ;
#3850 = VERTEX_POINT ( 'NONE', #4236 ) ;
#3851 = DIRECTION ( 'NONE',  ( 0.1045284632674874370, 0.000000000000000000, -0.9945218953682908314 ) ) ;
#3852 = ORIENTED_EDGE ( 'NONE', *, *, #209, .T. ) ;
#3853 = EDGE_LOOP ( 'NONE', ( #3819, #1936, #933, #4146, #2864 ) ) ;
#3854 = CARTESIAN_POINT ( 'NONE',  ( -0.7203756730072899961, 2.799999999999999822, 2.133753113937486123 ) ) ;
#3855 = EDGE_CURVE ( 'NONE', #3549, #3072, #2352, .T. ) ;
#3856 = AXIS2_PLACEMENT_3D ( 'NONE', #4222, #5090, #521 ) ;
#3857 = FACE_OUTER_BOUND ( 'NONE', #5258, .T. ) ;
#3858 = VECTOR ( 'NONE', #1819, 1000.000000000000000 ) ;
#3859 = DIRECTION ( 'NONE',  ( 0.000000000000000000, 1.000000000000000000, 0.000000000000000000 ) ) ;
#3860 = ORIENTED_EDGE ( 'NONE', *, *, #2948, .F. ) ;
#3861 = CARTESIAN_POINT ( 'NONE',  ( -0.7030802731876463207, 2.799999999999999822, -1.892730562807720895 ) ) ;
#3862 = EDGE_CURVE ( 'NONE', #3253, #4352, #2956, .T. ) ;
#3863 = FACE_OUTER_BOUND ( 'NONE', #5076, .T. ) ;
#3864 = DIRECTION ( 'NONE',  ( 0.000000000000000000, -1.000000000000000000, 0.000000000000000000 ) ) ;
#3865 = ORIENTED_EDGE ( 'NONE', *, *, #4934, .T. ) ;
#3866 = EDGE_CURVE ( 'NONE', #669, #766, #3016, .T. ) ;
#3867 = DIRECTION ( 'NONE',  ( -0.000000000000000000, 1.000000000000000000, -0.000000000000000000 ) ) ;
#3868 = CARTESIAN_POINT ( 'NONE',  ( -0.9860331462041350692, 3.000000000000000000, -0.05298655982231909034 ) ) ;
#3869 = EDGE_CURVE ( 'NONE', #4169, #766, #901, .T. ) ;
#3870 = CARTESIAN_POINT ( 'NONE',  ( -1.212729927776586392, 2.800000000000000266, 0.6608675175293323711 ) ) ;
#3871 = DIRECTION ( 'NONE',  ( 0.000000000000000000, 1.000000000000000000, 0.000000000000000000 ) ) ;
#3872 = CARTESIAN_POINT ( 'NONE',  ( -2.499999999999999112, 3.000000000000000000, 2.499999999999999556 ) ) ;
#3873 = CARTESIAN_POINT ( 'NONE',  ( 7.013307099422956270, 1.574999999999999512, -0.3500000000000000333 ) ) ;
#3874 = VERTEX_POINT ( 'NONE', #3763 ) ;
#3875 = ORIENTED_EDGE ( 'NONE', *, *, #1644, .F. ) ;
#3876 = DIRECTION ( 'NONE',  ( -0.000000000000000000, -0.000000000000000000, -1.000000000000000000 ) ) ;
#3877 = VECTOR ( 'NONE', #301, 1000.000000000000000 ) ;
#3878 = CARTESIAN_POINT ( 'NONE',  ( -1.452481564268863767, 2.800000000000000266, -2.145002150890730874 ) ) ;
#3879 = VERTEX_POINT ( 'NONE', #3849 ) ;
#3880 = VECTOR ( 'NONE', #5494, 999.9999999999998863 ) ;
#3881 = DIRECTION ( 'NONE',  ( 0.000000000000000000, -1.224646799147352961E-16, -1.000000000000000000 ) ) ;
#3882 = ORIENTED_EDGE ( 'NONE', *, *, #1135, .F. ) ;
#3883 = ORIENTED_EDGE ( 'NONE', *, *, #3017, .T. ) ;
#3884 = DIRECTION ( 'NONE',  ( -0.000000000000000000, -1.000000000000000000, -0.000000000000000000 ) ) ;
#3885 = AXIS2_PLACEMENT_3D ( 'NONE', #5348, #2844, #3201 ) ;
#3886 = CARTESIAN_POINT ( 'NONE',  ( -0.5014609352743844006, 2.800000000000000266, -0.8905711100454063445 ) ) ;
#3887 = ORIENTED_EDGE ( 'NONE', *, *, #5346, .F. ) ;
#3888 = CARTESIAN_POINT ( 'NONE',  ( -0.5014609352743879533, 2.799999999999999822, 0.03252077422767544329 ) ) ;
#3889 = CARTESIAN_POINT ( 'NONE',  ( -1.516812141168289774, 2.800000000000000266, 1.632267260053192892 ) ) ;
#3890 = FACE_OUTER_BOUND ( 'NONE', #5202, .T. ) ;
#3891 = VERTEX_POINT ( 'NONE', #2089 ) ;
#3892 = PLANE ( 'NONE',  #3107 ) ;
#3893 = EDGE_CURVE ( 'NONE', #1448, #5499, #4175, .T. ) ;
#3894 = VECTOR ( 'NONE', #1316, 1000.000000000000000 ) ;
#3895 = EDGE_CURVE ( 'NONE', #2288, #1883, #1645, .T. ) ;
#3896 = CARTESIAN_POINT ( 'NONE',  ( -2.499999999999999112, 2.525735931288071168, 2.499999999999999556 ) ) ;
#3897 = SURFACE_SIDE_STYLE ('',( #4732 ) ) ;
#3898 = CARTESIAN_POINT ( 'NONE',  ( -1.165886843973362508, 2.799999999999999822, -2.040086425358579536 ) ) ;
#3899 = CIRCLE ( 'NONE', #4337, 0.2500000000000000000 ) ;
#3900 = DIRECTION ( 'NONE',  ( 0.000000000000000000, 1.000000000000000000, -1.224646799147352714E-16 ) ) ;
#3901 = ADVANCED_FACE ( 'NONE', ( #5159 ), #2536, .F. ) ;
#3902 = SURFACE_SIDE_STYLE ('',( #503 ) ) ;
#3903 = ORIENTED_EDGE ( 'NONE', *, *, #4945, .F. ) ;
#3904 = CARTESIAN_POINT ( 'NONE',  ( -2.499999999999999112, 2.525735931288071168, 2.349999999999999645 ) ) ;
#3905 = CARTESIAN_POINT ( 'NONE',  ( -0.7182766836144757194, 2.999999999999999556, 0.1915760727600490099 ) ) ;
#3906 = ORIENTED_EDGE ( 'NONE', *, *, #975, .T. ) ;
#3907 = ADVANCED_FACE ( 'NONE', ( #3351 ), #121, .T. ) ;
#3908 = CARTESIAN_POINT ( 'NONE',  ( -1.038298776779051025, 2.800000000000000266, 2.358384634329920626 ) ) ;
#3909 = ORIENTED_EDGE ( 'NONE', *, *, #5183, .F. ) ;
#3910 = FACE_BOUND ( 'NONE', #294, .T. ) ;
#3911 = ORIENTED_EDGE ( 'NONE', *, *, #2082, .F. ) ;
#3912 = DIRECTION ( 'NONE',  ( 0.000000000000000000, 1.000000000000000000, 0.000000000000000000 ) ) ;
#3913 = ORIENTED_EDGE ( 'NONE', *, *, #1307, .T. ) ;
#3914 = CARTESIAN_POINT ( 'NONE',  ( -1.297897403435396724, 3.000000000000000000, 0.1801529508449854489 ) ) ;
#3915 = CARTESIAN_POINT ( 'NONE',  ( -0.5014609352743933934, 2.800000000000000266, -1.467641810985258921 ) ) ;
#3916 =( NAMED_UNIT ( * ) PLANE_ANGLE_UNIT ( ) SI_UNIT ( $, .RADIAN. ) );
#3917 = LINE ( 'NONE', #4802, #2891 ) ;
#3918 = EDGE_CURVE ( 'NONE', #1162, #5318, #3792, .T. ) ;
#3919 = PLANE ( 'NONE',  #4330 ) ;
#3920 = VERTEX_POINT ( 'NONE', #2121 ) ;
#3921 = PLANE ( 'NONE',  #4924 ) ;
#3922 = CARTESIAN_POINT ( 'NONE',  ( -1.298062317535383370, 2.799999999999999822, 0.1254717406449373518 ) ) ;
#3923 = EDGE_CURVE ( 'NONE', #2150, #5333, #1293, .T. ) ;
#3924 = ORIENTED_EDGE ( 'NONE', *, *, #5384, .T. ) ;
#3925 = EDGE_CURVE ( 'NONE', #952, #2762, #1761, .T. ) ;
#3926 = CARTESIAN_POINT ( 'NONE',  ( -1.516812141168289552, 2.800000000000000266, 2.189085684373399676 ) ) ;
#3927 = ORIENTED_EDGE ( 'NONE', *, *, #4384, .T. ) ;
#3928 = LINE ( 'NONE', #116, #2246 ) ;
#3929 = ADVANCED_FACE ( 'NONE', ( #1444 ), #3489, .T. ) ;
#3930 = ORIENTED_EDGE ( 'NONE', *, *, #1943, .T. ) ;
#3931 = PRODUCT_DEFINITION_FORMATION_WITH_SPECIFIED_SOURCE ( 'ANY', '', #973, .NOT_KNOWN. ) ;
#3932 = LINE ( 'NONE', #4428, #2965 ) ;
#3933 = ORIENTED_EDGE ( 'NONE', *, *, #3317, .T. ) ;
#3934 = DIRECTION ( 'NONE',  ( 3.641745613669981759E-15, -0.000000000000000000, 1.000000000000000000 ) ) ;
#3935 = VECTOR ( 'NONE', #966, 1000.000000000000000 ) ;
#3936 = DIRECTION ( 'NONE',  ( -0.9799725457018959585, 0.000000000000000000, 0.1991326434077181629 ) ) ;
#3937 =( LENGTH_UNIT ( ) NAMED_UNIT ( * ) SI_UNIT ( .MILLI., .METRE. ) );
#3938 = FACE_OUTER_BOUND ( 'NONE', #2156, .T. ) ;
#3939 = VECTOR ( 'NONE', #3226, 1000.000000000000000 ) ;
#3940 = DIRECTION ( 'NONE',  ( 0.000000000000000000, -1.000000000000000000, 3.614007241618349264E-16 ) ) ;
#3941 = CARTESIAN_POINT ( 'NONE',  ( -0.7182766836144757194, 2.800000000000000266, 0.1915760727600490099 ) ) ;
#3942 = VERTEX_POINT ( 'NONE', #955 ) ;
#3943 = LINE ( 'NONE', #5330, #4010 ) ;
#3944 = CARTESIAN_POINT ( 'NONE',  ( -0.5908192790393135274, 2.800000000000000266, 0.7940774812577900965 ) ) ;
#3945 = VERTEX_POINT ( 'NONE', #92 ) ;
#3946 = EDGE_CURVE ( 'NONE', #3253, #4859, #5278, .T. ) ;
#3947 = CARTESIAN_POINT ( 'NONE',  ( -1.038298776779051025, 3.000000000000000000, 2.358384634329920626 ) ) ;
#3948 = AXIS2_PLACEMENT_3D ( 'NONE', #4165, #4132, #4621 ) ;
#3949 = ORIENTED_EDGE ( 'NONE', *, *, #868, .F. ) ;
#3950 = DIRECTION ( 'NONE',  ( -0.000000000000000000, 1.000000000000000000, -0.000000000000000000 ) ) ;
#3951 = EDGE_CURVE ( 'NONE', #4930, #246, #2641, .T. ) ;
#3952 = VERTEX_POINT ( 'NONE', #1398 ) ;
#3953 = VECTOR ( 'NONE', #3669, 1000.000000000000000 ) ;
#3954 = CIRCLE ( 'NONE', #590, 0.02948327115431846959 ) ;
#3955 = ADVANCED_FACE ( 'NONE', ( #5180 ), #2270, .T. ) ;
#3956 = ORIENTED_EDGE ( 'NONE', *, *, #4747, .F. ) ;
#3957 = AXIS2_PLACEMENT_3D ( 'NONE', #1649, #5047, #817 ) ;
#3958 = VECTOR ( 'NONE', #1026, 1000.000000000000114 ) ;
#3959 = CARTESIAN_POINT ( 'NONE',  ( 7.013307099422956270, 1.574999999999999512, 0.3500000000000000333 ) ) ;
#3960 = ORIENTED_EDGE ( 'NONE', *, *, #4747, .T. ) ;
#3961 = DIRECTION ( 'NONE',  ( 0.000000000000000000, 0.000000000000000000, 1.000000000000000000 ) ) ;
#3962 = AXIS2_PLACEMENT_3D ( 'NONE', #1796, #5174, #4780 ) ;
#3963 = VECTOR ( 'NONE', #2942, 1000.000000000000000 ) ;
#3964 = ORIENTED_EDGE ( 'NONE', *, *, #620, .F. ) ;
#3965 = CARTESIAN_POINT ( 'NONE',  ( -1.516812141168289774, 1.500624570026933613, 0.9697686155562685872 ) ) ;
#3966 = PRESENTATION_STYLE_ASSIGNMENT (( #2290 ) ) ;
#3967 = LINE ( 'NONE', #4334, #1827 ) ;
#3968 = STYLED_ITEM ( 'NONE', ( #361 ), #5149 ) ;
#3969 = LINE ( 'NONE', #5154, #5139 ) ;
#3970 = VECTOR ( 'NONE', #3730, 1000.000000000000000 ) ;
#3971 = EDGE_LOOP ( 'NONE', ( #4764, #3930, #5323, #4519 ) ) ;
#3972 = CARTESIAN_POINT ( 'NONE',  ( 3.299999999999998934, 1.574999999999999512, 0.3500000000000000333 ) ) ;
#3973 = CARTESIAN_POINT ( 'NONE',  ( -1.316527014741132540, 2.800000000000000266, 1.145459749854739417 ) ) ;
#3974 = VECTOR ( 'NONE', #1051, 1000.000000000000000 ) ;
#3975 = ORIENTED_EDGE ( 'NONE', *, *, #1434, .F. ) ;
#3976 = DIRECTION ( 'NONE',  ( 0.000000000000000000, -1.376764663473656710E-16, -1.000000000000000000 ) ) ;
#3977 = ORIENTED_EDGE ( 'NONE', *, *, #3129, .T. ) ;
#3978 = PLANE ( 'NONE',  #3534 ) ;
#3979 = DIRECTION ( 'NONE',  ( 0.000000000000000000, 1.000000000000000000, 0.000000000000000000 ) ) ;
#3980 = ORIENTED_EDGE ( 'NONE', *, *, #4273, .F. ) ;
#3981 = ADVANCED_FACE ( 'NONE', ( #2221 ), #3063, .T. ) ;
#3982 = ADVANCED_FACE ( 'NONE', ( #132 ), #2650, .T. ) ;
#3983 = VERTEX_POINT ( 'NONE', #2688 ) ;
#3984 = CARTESIAN_POINT ( 'NONE',  ( -0.7030802731876463207, 3.000000000000000000, -2.130902535812262411 ) ) ;
#3985 = EDGE_CURVE ( 'NONE', #364, #4169, #495, .T. ) ;
#3986 = ORIENTED_EDGE ( 'NONE', *, *, #466, .T. ) ;
#3987 = LINE ( 'NONE', #2309, #236 ) ;
#3988 = EDGE_CURVE ( 'NONE', #2339, #2390, #4788, .T. ) ;
#3989 = ORIENTED_EDGE ( 'NONE', *, *, #3048, .T. ) ;
#3990 = FACE_OUTER_BOUND ( 'NONE', #3733, .T. ) ;
#3991 = CARTESIAN_POINT ( 'NONE',  ( -0.5014609352743933934, 3.000000000000000000, -1.527646951463584868 ) ) ;
#3992 = CARTESIAN_POINT ( 'NONE',  ( -0.5014609352743933934, 2.800000000000000266, -1.467641810985258921 ) ) ;
#3993 = EDGE_CURVE ( 'NONE', #5135, #4944, #577, .T. ) ;
#3994 = CARTESIAN_POINT ( 'NONE',  ( -1.165886843973377607, 3.000000000000000000, -0.4799186996672197836 ) ) ;
#3995 = CARTESIAN_POINT ( 'NONE',  ( -1.178661320169340110, 2.799999999999999822, -2.013514334061930811 ) ) ;
#3996 = EDGE_LOOP ( 'NONE', ( #917, #1205, #2736, #3162 ) ) ;
#3997 = LINE ( 'NONE', #1931, #1720 ) ;
#3998 = CARTESIAN_POINT ( 'NONE',  ( -1.516812141168301320, 3.000000000000000000, -1.017541098686655099 ) ) ;
#3999 = VERTEX_POINT ( 'NONE', #1370 ) ;
#4000 = DIRECTION ( 'NONE',  ( 0.9914039068059095072, 0.000000000000000000, -0.1308368968218802664 ) ) ;
#4001 = ORIENTED_EDGE ( 'NONE', *, *, #3462, .F. ) ;
#4002 = CARTESIAN_POINT ( 'NONE',  ( -0.5014609352743933934, 2.799999999999999822, -1.527646951463584868 ) ) ;
#4003 = CARTESIAN_POINT ( 'NONE',  ( -1.452481564268882419, 2.800000000000000266, -0.5848344251992796394 ) ) ;
#4004 = ORIENTED_EDGE ( 'NONE', *, *, #4458, .T. ) ;
#4005 = ADVANCED_FACE ( 'NONE', ( #1875 ), #4314, .F. ) ;
#4006 = ORIENTED_EDGE ( 'NONE', *, *, #4158, .T. ) ;
#4007 = CARTESIAN_POINT ( 'NONE',  ( -1.516812141168301542, 2.799999999999999822, -1.574359523006807482 ) ) ;
#4008 = VERTEX_POINT ( 'NONE', #606 ) ;
#4009 = PLANE ( 'NONE',  #4606 ) ;
#4010 = VECTOR ( 'NONE', #630, 1000.000000000000000 ) ;
#4011 = ADVANCED_FACE ( 'NONE', ( #112 ), #1414, .F. ) ;
#4012 = ORIENTED_EDGE ( 'NONE', *, *, #4425, .F. ) ;
#4013 = DIRECTION ( 'NONE',  ( -0.000000000000000000, 1.224646799147352961E-16, 1.000000000000000000 ) ) ;
#4014 = CARTESIAN_POINT ( 'NONE',  ( -3.299999999999998934, 1.574999999999999512, 0.3500000000000000333 ) ) ;
#4015 = CARTESIAN_POINT ( 'NONE',  ( -0.5014609352743887305, 2.799999999999999822, -0.2356347705948078353 ) ) ;
#4016 = VECTOR ( 'NONE', #2553, 1000.000000000000114 ) ;
#4017 = CARTESIAN_POINT ( 'NONE',  ( -0.5014609352743845117, 2.800000000000000266, 1.044840171770848203 ) ) ;
#4018 = EDGE_CURVE ( 'NONE', #2898, #1233, #304, .T. ) ;
#4019 = FACE_OUTER_BOUND ( 'NONE', #2543, .T. ) ;
#4020 = VERTEX_POINT ( 'NONE', #1106 ) ;
#4021 = VECTOR ( 'NONE', #4090, 1000.000000000000000 ) ;
#4022 = DIRECTION ( 'NONE',  ( 1.000000000000000000, -0.000000000000000000, -0.000000000000000000 ) ) ;
#4023 = CARTESIAN_POINT ( 'NONE',  ( -2.499999999999999112, 3.000000000000000000, 2.649999999999999467 ) ) ;
#4024 = ORIENTED_EDGE ( 'NONE', *, *, #4565, .F. ) ;
#4025 = CARTESIAN_POINT ( 'NONE',  ( -0.5014609352743876203, 2.800000000000000266, 0.2063718723066464145 ) ) ;
#4026 = ORIENTED_EDGE ( 'NONE', *, *, #3688, .F. ) ;
#4027 = DIRECTION ( 'NONE',  ( 0.000000000000000000, 0.000000000000000000, 1.000000000000000000 ) ) ;
#4028 = FACE_OUTER_BOUND ( 'NONE', #360, .T. ) ;
#4029 = ORIENTED_EDGE ( 'NONE', *, *, #3918, .T. ) ;
#4030 = CARTESIAN_POINT ( 'NONE',  ( -1.516812141168289774, 2.799999999999999822, 2.092599387584262782 ) ) ;
#4031 = ORIENTED_EDGE ( 'NONE', *, *, #5045, .T. ) ;
#4032 = LINE ( 'NONE', #1482, #642 ) ;
#4033 = AXIS2_PLACEMENT_3D ( 'NONE', #2000, #3770, #1653 ) ;
#4034 = ORIENTED_EDGE ( 'NONE', *, *, #3839, .F. ) ;
#4035 = B_SPLINE_SURFACE_WITH_KNOTS ( 'NONE', 3, 1, ( 
 ( #993, #2161 ),
 ( #2213, #5224 ),
 ( #104, #3081 ),
 ( #54, #3102 ),
 ( #5150, #1311 ) ),
 .UNSPECIFIED., .F., .F., .F.,
 ( 4, 1, 4 ),
 ( 2, 2 ),
 ( 0.000000000000000000, 0.5178533069596279459, 1.000000000000000000 ),
 ( 0.000000000000000000, 1.000000000000000000 ),
 .UNSPECIFIED. ) ;
#4036 = LINE ( 'NONE', #2752, #964 ) ;
#4037 = VECTOR ( 'NONE', #3504, 1000.000000000000114 ) ;
#4038 = CARTESIAN_POINT ( 'NONE',  ( -1.385209111706662277, 3.000000000000000000, 1.491006993288285454 ) ) ;
#4039 = ORIENTED_EDGE ( 'NONE', *, *, #2177, .T. ) ;
#4040 = DIRECTION ( 'NONE',  ( -0.000000000000000000, -0.000000000000000000, 1.000000000000000000 ) ) ;
#4041 = CARTESIAN_POINT ( 'NONE',  ( -0.5014609352743845117, 2.799999999999999822, 1.475952984027617987 ) ) ;
#4042 = CARTESIAN_POINT ( 'NONE',  ( -0.7203756730073019865, 3.000000000000000000, -1.490650677083057429 ) ) ;
#4043 = VECTOR ( 'NONE', #3426, 1000.000000000000000 ) ;
#4044 = VECTOR ( 'NONE', #1132, 1000.000000000000000 ) ;
#4045 = EDGE_CURVE ( 'NONE', #4464, #4506, #4050, .T. ) ;
#4046 = CARTESIAN_POINT ( 'NONE',  ( -0.7203756730072913284, 3.000000000000000000, 1.715976105977029986 ) ) ;
#4047 = EDGE_CURVE ( 'NONE', #4417, #36, #1553, .T. ) ;
#4048 = VERTEX_POINT ( 'NONE', #1141 ) ;
#4049 = CARTESIAN_POINT ( 'NONE',  ( 1.299999999999999600, 0.1499999999999999944, -1.799999999999999600 ) ) ;
#4050 = LINE ( 'NONE', #2436, #3440 ) ;
#4051 = ORIENTED_EDGE ( 'NONE', *, *, #5054, .F. ) ;
#4052 = EDGE_CURVE ( 'NONE', #3123, #4739, #1165, .T. ) ;
#4053 = DIRECTION ( 'NONE',  ( 0.9933818551354655080, -0.000000000000000000, 0.1148585647116543151 ) ) ;
#4054 = ORIENTED_EDGE ( 'NONE', *, *, #4294, .F. ) ;
#4055 = DIRECTION ( 'NONE',  ( 0.000000000000000000, 0.000000000000000000, 1.000000000000000000 ) ) ;
#4056 = AXIS2_PLACEMENT_3D ( 'NONE', #2923, #1613, #3311 ) ;
#4057 = ORIENTED_EDGE ( 'NONE', *, *, #1208, .T. ) ;
#4058 = ADVANCED_FACE ( 'NONE', ( #3636 ), #1079, .F. ) ;
#4059 = UNCERTAINTY_MEASURE_WITH_UNIT (LENGTH_MEASURE( 1.000000000000000082E-05 ), #623, 'distance_accuracy_value', 'NONE');
#4060 = CARTESIAN_POINT ( 'NONE',  ( -1.516812141168289774, 2.799999999999999822, 0.1191178942344804093 ) ) ;
#4061 = ORIENTED_EDGE ( 'NONE', *, *, #5227, .F. ) ;
#4062 = ORIENTED_EDGE ( 'NONE', *, *, #347, .F. ) ;
#4063 = DIRECTION ( 'NONE',  ( 0.000000000000000000, -0.000000000000000000, -1.000000000000000000 ) ) ;
#4064 = CARTESIAN_POINT ( 'NONE',  ( -2.499999999999999112, 2.949999999999999734, 2.349999999999999645 ) ) ;
#4065 = ORIENTED_EDGE ( 'NONE', *, *, #2386, .T. ) ;
#4066 = FACE_OUTER_BOUND ( 'NONE', #2029, .T. ) ;
#4067 = CARTESIAN_POINT ( 'NONE',  ( -1.436486009294025479, 1.500624570026933613, -2.066284746951504214 ) ) ;
#4068 = ORIENTED_EDGE ( 'NONE', *, *, #806, .F. ) ;
#4069 = CARTESIAN_POINT ( 'NONE',  ( -0.7984134529684051573, 3.000000000000000444, 1.763261945908604522 ) ) ;
#4070 = CARTESIAN_POINT ( 'NONE',  ( -1.297897403435395836, 3.000000000000000000, 0.5285146380913131603 ) ) ;
#4071 = CARTESIAN_POINT ( 'NONE',  ( -1.516812141168289774, 2.799999999999999822, 0.9697686155562685872 ) ) ;
#4072 = DIRECTION ( 'NONE',  ( 1.000000000000000000, 0.000000000000000000, 0.000000000000000000 ) ) ;
#4073 = SURFACE_SIDE_STYLE ('',( #1136 ) ) ;
#4074 = ORIENTED_EDGE ( 'NONE', *, *, #4965, .T. ) ;
#4075 = ADVANCED_FACE ( 'NONE', ( #3278 ), #4077, .F. ) ;
#4076 = LINE ( 'NONE', #717, #2280 ) ;
#4077 = PLANE ( 'NONE',  #5380 ) ;
#4078 = VERTEX_POINT ( 'NONE', #4134 ) ;
#4079 = LINE ( 'NONE', #291, #1648 ) ;
#4080 = ORIENTED_EDGE ( 'NONE', *, *, #1169, .T. ) ;
#4081 = ADVANCED_FACE ( 'NONE', ( #4440 ), #4972, .F. ) ;
#4082 = ORIENTED_EDGE ( 'NONE', *, *, #3946, .T. ) ;
#4083 = EDGE_CURVE ( 'NONE', #818, #2062, #2855, .T. ) ;
#4084 = LINE ( 'NONE', #3706, #3445 ) ;
#4085 = ORIENTED_EDGE ( 'NONE', *, *, #4018, .T. ) ;
#4086 = EDGE_CURVE ( 'NONE', #1616, #587, #691, .T. ) ;
#4087 = ORIENTED_EDGE ( 'NONE', *, *, #997, .F. ) ;
#4088 = CARTESIAN_POINT ( 'NONE',  ( -0.5014609352743845117, 3.000000000000000000, 1.044840171770848203 ) ) ;
#4089 = B_SPLINE_CURVE_WITH_KNOTS ( 'NONE', 3,
 ( #4088, #2033, #1207, #2450 ),
 .UNSPECIFIED., .F., .F.,
 ( 4, 4 ),
 ( 0.000000000000000000, 1.000000000000000000 ),
 .UNSPECIFIED. ) ;
#4090 = DIRECTION ( 'NONE',  ( 0.000000000000000000, 0.000000000000000000, -1.000000000000000000 ) ) ;
#4091 = VERTEX_POINT ( 'NONE', #260 ) ;
#4092 = DIRECTION ( 'NONE',  ( 0.000000000000000000, 1.000000000000000000, 0.000000000000000000 ) ) ;
#4093 = PLANE ( 'NONE',  #2994 ) ;
#4094 = ORIENTED_EDGE ( 'NONE', *, *, #5132, .F. ) ;
#4095 = LINE ( 'NONE', #1600, #2797 ) ;
#4096 = LINE ( 'NONE', #3331, #1973 ) ;
#4097 = DIRECTION ( 'NONE',  ( 0.000000000000000000, 1.376764663473656710E-16, 1.000000000000000000 ) ) ;
#4098 = DIRECTION ( 'NONE',  ( 0.000000000000000000, 0.000000000000000000, 1.000000000000000000 ) ) ;
#4099 = EDGE_LOOP ( 'NONE', ( #1642, #5024, #4894, #3582 ) ) ;
#4100 = PRESENTATION_STYLE_ASSIGNMENT (( #715 ) ) ;
#4101 = DIRECTION ( 'NONE',  ( -0.000000000000000000, -0.000000000000000000, -1.000000000000000000 ) ) ;
#4102 = DIRECTION ( 'NONE',  ( -0.4332787949176226672, 0.000000000000000000, 0.9012599435649698565 ) ) ;
#4103 = VERTEX_POINT ( 'NONE', #4023 ) ;
#4104 = VECTOR ( 'NONE', #5385, 1000.000000000000000 ) ;
#4105 = DIRECTION ( 'NONE',  ( -1.204669080539449344E-16, 0.000000000000000000, 1.000000000000000000 ) ) ;
#4106 = VERTEX_POINT ( 'NONE', #718 ) ;
#4107 =( NAMED_UNIT ( * ) SI_UNIT ( $, .STERADIAN. ) SOLID_ANGLE_UNIT ( ) );
#4108 = VERTEX_POINT ( 'NONE', #4555 ) ;
#4109 = ADVANCED_FACE ( 'NONE', ( #1494 ), #2320, .F. ) ;
#4110 = CARTESIAN_POINT ( 'NONE',  ( -0.5014609352743845117, 2.799999999999999822, 1.738984972074796298 ) ) ;
#4111 = ORIENTED_EDGE ( 'NONE', *, *, #1848, .F. ) ;
#4112 = ORIENTED_EDGE ( 'NONE', *, *, #2228, .T. ) ;
#4113 = LINE ( 'NONE', #248, #1202 ) ;
#4114 = CARTESIAN_POINT ( 'NONE',  ( -0.5014609352743845117, 3.000000000000000000, 1.738984972074796298 ) ) ;
#4115 = B_SPLINE_CURVE_WITH_KNOTS ( 'NONE', 3,
 ( #545, #106, #5269, #4071 ),
 .UNSPECIFIED., .F., .F.,
 ( 4, 4 ),
 ( 0.000000000000000000, 1.000000000000000000 ),
 .UNSPECIFIED. ) ;
#4116 = CARTESIAN_POINT ( 'NONE',  ( -0.5908192790393135274, 3.000000000000000444, 0.7940774812577900965 ) ) ;
#4117 = ADVANCED_FACE ( 'NONE', ( #1988 ), #235, .T. ) ;
#4118 = DIRECTION ( 'NONE',  ( 0.000000000000000000, 1.000000000000000000, 0.000000000000000000 ) ) ;
#4119 = CARTESIAN_POINT ( 'NONE',  ( -0.5152686526748860851, 3.000000000000000000, 1.544919730039651773 ) ) ;
#4120 = VECTOR ( 'NONE', #513, 1000.000000000000000 ) ;
#4121 = ORIENTED_EDGE ( 'NONE', *, *, #1786, .F. ) ;
#4122 = DIRECTION ( 'NONE',  ( 1.000000000000000000, 0.000000000000000000, 3.252606517456513302E-16 ) ) ;
#4123 = CARTESIAN_POINT ( 'NONE',  ( -0.7203756730072949921, 3.000000000000000000, 0.5952898833847928284 ) ) ;
#4124 = DIRECTION ( 'NONE',  ( 1.000000000000000000, 0.000000000000000000, 0.000000000000000000 ) ) ;
#4125 = EDGE_CURVE ( 'NONE', #312, #1448, #2024, .T. ) ;
#4126 = PRESENTATION_LAYER_ASSIGNMENT (  '', '', ( #660 ) ) ;
#4127 = CARTESIAN_POINT ( 'NONE',  ( -0.7203756730073019865, 2.800000000000000266, -1.490650677083057429 ) ) ;
#4128 = VECTOR ( 'NONE', #3340, 1000.000000000000000 ) ;
#4129 = CARTESIAN_POINT ( 'NONE',  ( -1.297897403435389396, 2.800000000000000266, 2.137002076460955191 ) ) ;
#4130 = ORIENTED_EDGE ( 'NONE', *, *, #3142, .T. ) ;
#4131 = DIRECTION ( 'NONE',  ( -0.000000000000000000, 0.000000000000000000, 1.000000000000000000 ) ) ;
#4132 = DIRECTION ( 'NONE',  ( 0.000000000000000000, 1.000000000000000000, 0.000000000000000000 ) ) ;
#4133 = LINE ( 'NONE', #4281, #4416 ) ;
#4134 = CARTESIAN_POINT ( 'NONE',  ( -1.178661320169346549, 2.799999999999999822, -0.4533466083705756655 ) ) ;
#4135 = VECTOR ( 'NONE', #4289, 1000.000000000000114 ) ;
#4136 = VECTOR ( 'NONE', #2014, 1000.000000000000000 ) ;
#4137 = ORIENTED_EDGE ( 'NONE', *, *, #4083, .F. ) ;
#4138 = CARTESIAN_POINT ( 'NONE',  ( -1.516812141168301542, 2.799999999999999822, -1.574359523006807482 ) ) ;
#4139 = AXIS2_PLACEMENT_3D ( 'NONE', #3364, #1712, #461 ) ;
#4140 = CARTESIAN_POINT ( 'NONE',  ( 3.625000000000000000, 1.324999999999999512, 0.000000000000000000 ) ) ;
#4141 = EDGE_LOOP ( 'NONE', ( #4270, #3291, #1621, #999 ) ) ;
#4142 = CARTESIAN_POINT ( 'NONE',  ( -0.7030802731876463207, 1.500624570026933613, -1.892730562807720895 ) ) ;
#4143 = ORIENTED_EDGE ( 'NONE', *, *, #3389, .F. ) ;
#4144 = VECTOR ( 'NONE', #2502, 1000.000000000000114 ) ;
#4145 = DIRECTION ( 'NONE',  ( 0.000000000000000000, 1.000000000000000000, 0.000000000000000000 ) ) ;
#4146 = ORIENTED_EDGE ( 'NONE', *, *, #3344, .F. ) ;
#4147 = EDGE_LOOP ( 'NONE', ( #2771, #3671, #1805, #129 ) ) ;
#4148 = LINE ( 'NONE', #337, #3786 ) ;
#4149 = EDGE_CURVE ( 'NONE', #906, #3874, #1467, .T. ) ;
#4150 = DIRECTION ( 'NONE',  ( 0.000000000000000000, 0.000000000000000000, 1.000000000000000000 ) ) ;
#4151 = AXIS2_PLACEMENT_3D ( 'NONE', #371, #2006, #4958 ) ;
#4152 = VECTOR ( 'NONE', #2080, 999.9999999999998863 ) ;
#4153 = CARTESIAN_POINT ( 'NONE',  ( -1.212729927776586614, 3.000000000000000444, 0.6608675175293322601 ) ) ;
#4154 = DIRECTION ( 'NONE',  ( 0.000000000000000000, -1.000000000000000000, 0.000000000000000000 ) ) ;
#4155 = DIRECTION ( 'NONE',  ( -0.9012599435649698565, -0.000000000000000000, -0.4332787949176226117 ) ) ;
#4156 = ORIENTED_EDGE ( 'NONE', *, *, #1722, .F. ) ;
#4157 = PLANE ( 'NONE',  #1814 ) ;
#4158 = EDGE_CURVE ( 'NONE', #292, #3743, #1055, .T. ) ;
#4159 = LINE ( 'NONE', #5442, #1010 ) ;
#4160 = DIRECTION ( 'NONE',  ( 3.114203467859944378E-15, 0.000000000000000000, 1.000000000000000000 ) ) ;
#4161 = EDGE_CURVE ( 'NONE', #3232, #4668, #4881, .T. ) ;
#4162 = DIRECTION ( 'NONE',  ( -1.000000000000000000, 0.000000000000000000, 0.000000000000000000 ) ) ;
#4163 = CARTESIAN_POINT ( 'NONE',  ( -0.7203756730072901071, 1.500624570026933613, 2.133753113937486567 ) ) ;
#4164 = ORIENTED_EDGE ( 'NONE', *, *, #4504, .F. ) ;
#4165 = CARTESIAN_POINT ( 'NONE',  ( -2.499999999999999112, 3.000000000000000000, 2.499999999999999556 ) ) ;
#4166 = EDGE_CURVE ( 'NONE', #4957, #2244, #4282, .T. ) ;
#4167 = DIRECTION ( 'NONE',  ( 0.000000000000000000, -1.224646799147352961E-16, -1.000000000000000000 ) ) ;
#4168 = DIRECTION ( 'NONE',  ( -0.9799725457018582109, 0.000000000000000000, 0.1991326434079039309 ) ) ;
#4169 = VERTEX_POINT ( 'NONE', #4588 ) ;
#4170 = CARTESIAN_POINT ( 'NONE',  ( -0.7203756730073019865, 2.799999999999999822, -1.072873669122563545 ) ) ;
#4171 = CARTESIAN_POINT ( 'NONE',  ( -1.178661320169340332, 2.799999999999999822, -2.013514334061930366 ) ) ;
#4172 = ORIENTED_EDGE ( 'NONE', *, *, #388, .T. ) ;
#4173 = VERTEX_POINT ( 'NONE', #1194 ) ;
#4174 = SURFACE_STYLE_FILL_AREA ( #2955 ) ;
#4175 = LINE ( 'NONE', #394, #3880 ) ;
#4176 = ORIENTED_EDGE ( 'NONE', *, *, #3747, .T. ) ;
#4177 = B_SPLINE_CURVE_WITH_KNOTS ( 'NONE', 3,
 ( #4327, #1042, #2726, #989, #3595, #2627 ),
 .UNSPECIFIED., .F., .F.,
 ( 4, 1, 1, 4 ),
 ( 0.000000000000000000, 0.4712518714902709793, 0.5712518714902710126, 1.000000000000000000 ),
 .UNSPECIFIED. ) ;
#4178 = DIRECTION ( 'NONE',  ( 1.000000000000000000, 0.000000000000000000, 3.252606517456512316E-16 ) ) ;
#4179 = ORIENTED_EDGE ( 'NONE', *, *, #4267, .F. ) ;
#4180 = ORIENTED_EDGE ( 'NONE', *, *, #586, .T. ) ;
#4181 = DIRECTION ( 'NONE',  ( 0.000000000000000000, 1.000000000000000000, 0.000000000000000000 ) ) ;
#4182 = CARTESIAN_POINT ( 'NONE',  ( -1.038298776779063237, 2.799999999999999822, -0.8482421487301301521 ) ) ;
#4183 = CARTESIAN_POINT ( 'NONE',  ( -1.178661320169346549, 2.799999999999999822, -0.4533466083705757210 ) ) ;
#4184 = CARTESIAN_POINT ( 'NONE',  ( -2.749999999999999112, 0.1499999999999999944, -3.299999999999999822 ) ) ;
#4185 = CARTESIAN_POINT ( 'NONE',  ( -0.5014609352743857329, 3.000000000000000000, 0.7578392147479485752 ) ) ;
#4186 = ORIENTED_EDGE ( 'NONE', *, *, #426, .F. ) ;
#4187 = CARTESIAN_POINT ( 'NONE',  ( -0.5014609352743963910, 2.800000000000000266, -1.795802496286066807 ) ) ;
#4188 = DIRECTION ( 'NONE',  ( 0.000000000000000000, -0.000000000000000000, -1.000000000000000000 ) ) ;
#4189 = DIRECTION ( 'NONE',  ( 0.000000000000000000, 0.000000000000000000, -1.000000000000000000 ) ) ;
#4190 = DIRECTION ( 'NONE',  ( -0.9945218953682493090, 0.000000000000000000, -0.1045284632678824405 ) ) ;
#4191 = EDGE_CURVE ( 'NONE', #2285, #1177, #4198, .T. ) ;
#4192 = CARTESIAN_POINT ( 'NONE',  ( -0.7203756730072896630, 3.000000000000000000, 2.189686299379240975 ) ) ;
#4193 = EDGE_LOOP ( 'NONE', ( #5403, #5168, #3511, #2059 ) ) ;
#4194 = CARTESIAN_POINT ( 'NONE',  ( -1.297897403435396724, 2.800000000000000266, 0.1801529508449854489 ) ) ;
#4195 = FACE_OUTER_BOUND ( 'NONE', #3393, .T. ) ;
#4196 = DIRECTION ( 'NONE',  ( 0.000000000000000000, 0.000000000000000000, 1.000000000000000000 ) ) ;
#4197 = FACE_BOUND ( 'NONE', #1924, .T. ) ;
#4198 = B_SPLINE_CURVE_WITH_KNOTS ( 'NONE', 3,
 ( #3428, #354, #2081, #834, #1228, #5422 ),
 .UNSPECIFIED., .F., .F.,
 ( 4, 1, 1, 4 ),
 ( 0.000000000000000000, 0.4712518714902709793, 0.5712518714902710126, 1.000000000000000000 ),
 .UNSPECIFIED. ) ;
#4199 = ORIENTED_EDGE ( 'NONE', *, *, #2159, .T. ) ;
#4200 = CARTESIAN_POINT ( 'NONE',  ( -1.471289618912914543, 2.799999999999999822, -1.993890021871697060 ) ) ;
#4201 = EDGE_CURVE ( 'NONE', #3123, #4930, #470, .T. ) ;
#4202 = FACE_BOUND ( 'NONE', #3775, .T. ) ;
#4203 = VERTEX_POINT ( 'NONE', #1698 ) ;
#4204 = ORIENTED_EDGE ( 'NONE', *, *, #1905, .F. ) ;
#4205 =( LENGTH_UNIT ( ) NAMED_UNIT ( * ) SI_UNIT ( .MILLI., .METRE. ) );
#4206 = DIRECTION ( 'NONE',  ( -0.000000000000000000, -1.000000000000000000, -0.000000000000000000 ) ) ;
#4207 = ORIENTED_EDGE ( 'NONE', *, *, #1893, .F. ) ;
#4208 = CARTESIAN_POINT ( 'NONE',  ( -1.516812141168295991, 1.500624570026933613, 1.321377513534234049 ) ) ;
#4209 = EDGE_LOOP ( 'NONE', ( #1992, #4284, #2174, #3279 ) ) ;
#4210 = VERTEX_POINT ( 'NONE', #4623 ) ;
#4211 = CARTESIAN_POINT ( 'NONE',  ( -0.6946163660038592313, 2.799999999999999822, 1.278669713583197254 ) ) ;
#4212 = AXIS2_PLACEMENT_3D ( 'NONE', #2327, #3068, #1036 ) ;
#4213 = CARTESIAN_POINT ( 'NONE',  ( -1.452481564268882419, 3.000000000000000000, -0.5848344251992796394 ) ) ;
#4214 = LINE ( 'NONE', #4184, #2813 ) ;
#4215 = PLANE ( 'NONE',  #3518 ) ;
#4216 = ORIENTED_EDGE ( 'NONE', *, *, #3794, .F. ) ;
#4217 = DIRECTION ( 'NONE',  ( 0.000000000000000000, 1.000000000000000000, -1.376764663473656956E-16 ) ) ;
#4218 = CARTESIAN_POINT ( 'NONE',  ( -1.516812141168295991, 3.000000000000000000, 0.6402039898684432906 ) ) ;
#4219 = CARTESIAN_POINT ( 'NONE',  ( 3.625000000000000000, 1.324999999999999512, -1.500000000000000000 ) ) ;
#4220 = DIRECTION ( 'NONE',  ( 0.000000000000000000, 0.000000000000000000, 1.000000000000000000 ) ) ;
#4221 = VECTOR ( 'NONE', #5508, 1000.000000000000114 ) ;
#4222 = CARTESIAN_POINT ( 'NONE',  ( 0.000000000000000000, 0.000000000000000000, 0.000000000000000000 ) ) ;
#4223 = CARTESIAN_POINT ( 'NONE',  ( -1.436486009294025479, 2.800000000000000266, -2.066284746951504214 ) ) ;
#4224 = CARTESIAN_POINT ( 'NONE',  ( -0.6946163660038592313, 3.000000000000000000, 1.278669713583197254 ) ) ;
#4225 = DIRECTION ( 'NONE',  ( -0.000000000000000000, 1.000000000000000000, -0.000000000000000000 ) ) ;
#4226 = EDGE_CURVE ( 'NONE', #5318, #265, #3377, .T. ) ;
#4227 = AXIS2_PLACEMENT_3D ( 'NONE', #2800, #3732, #5427 ) ;
#4228 =( GEOMETRIC_REPRESENTATION_CONTEXT ( 3 ) GLOBAL_UNCERTAINTY_ASSIGNED_CONTEXT ( ( #1011 ) ) GLOBAL_UNIT_ASSIGNED_CONTEXT ( ( #266, #697, #4107 ) ) REPRESENTATION_CONTEXT ( 'NONE', 'WORKASPACE' ) );
#4229 = CARTESIAN_POINT ( 'NONE',  ( -3.299999999999998934, 0.1499999999999999944, 2.750000000000000000 ) ) ;
#4230 = ADVANCED_FACE ( 'NONE', ( #1284 ), #2469, .F. ) ;
#4231 = AXIS2_PLACEMENT_3D ( 'NONE', #1474, #1420, #608 ) ;
#4232 = ORIENTED_EDGE ( 'NONE', *, *, #3100, .T. ) ;
#4233 = ORIENTED_EDGE ( 'NONE', *, *, #722, .F. ) ;
#4234 = AXIS2_PLACEMENT_3D ( 'NONE', #3510, #4414, #5205 ) ;
#4235 = CARTESIAN_POINT ( 'NONE',  ( 7.013307099422956270, 3.673940397442059868E-16, 1.500000000000000222 ) ) ;
#4236 = CARTESIAN_POINT ( 'NONE',  ( -0.5014609352743845117, 2.799999999999999822, 1.738984972074796298 ) ) ;
#4237 = ADVANCED_FACE ( 'NONE', ( #5034 ), #1255, .T. ) ;
#4238 = EDGE_LOOP ( 'NONE', ( #1028, #4299, #5073, #634 ) ) ;
#4239 = VECTOR ( 'NONE', #5197, 1000.000000000000227 ) ;
#4240 = VECTOR ( 'NONE', #434, 1000.000000000000000 ) ;
#4241 = ADVANCED_FACE ( 'NONE', ( #4648 ), #2950, .F. ) ;
#4242 = DIRECTION ( 'NONE',  ( -0.000000000000000000, 1.000000000000000000, -0.000000000000000000 ) ) ;
#4243 = ORIENTED_EDGE ( 'NONE', *, *, #1243, .T. ) ;
#4244 = VERTEX_POINT ( 'NONE', #2528 ) ;
#4245 = CARTESIAN_POINT ( 'NONE',  ( -0.5014609352743933934, 2.799999999999999822, -1.010922120592137485 ) ) ;
#4246 = CIRCLE ( 'NONE', #3609, 0.5500000000000001554 ) ;
#4247 = EDGE_CURVE ( 'NONE', #1839, #3983, #1542, .T. ) ;
#4248 = CARTESIAN_POINT ( 'NONE',  ( -1.297897403435395836, 2.799999999999999822, 0.5285146380913131603 ) ) ;
#4249 = CARTESIAN_POINT ( 'NONE',  ( -1.516812141168289774, 2.800000000000000266, 2.092599387584262782 ) ) ;
#4250 = ORIENTED_EDGE ( 'NONE', *, *, #4871, .T. ) ;
#4251 = CIRCLE ( 'NONE', #961, 0.1499999999999999667 ) ;
#4252 = CARTESIAN_POINT ( 'NONE',  ( -1.316527014741132540, 3.000000000000000000, 1.145459749854739417 ) ) ;
#4253 = CARTESIAN_POINT ( 'NONE',  ( -1.016216495080859872, 2.800000000000000266, -1.049738102205231893 ) ) ;
#4254 = CARTESIAN_POINT ( 'NONE',  ( 2.024999999999999911, 0.000000000000000000, 1.499999999999999556 ) ) ;
#4255 = LINE ( 'NONE', #439, #1158 ) ;
#4256 = LINE ( 'NONE', #2111, #2630 ) ;
#4257 = CARTESIAN_POINT ( 'NONE',  ( -0.6946163660038592313, 2.799999999999999822, 1.278669713583197254 ) ) ;
#4258 = CARTESIAN_POINT ( 'NONE',  ( -1.016206775675810414, 2.799999999999999822, 2.151074462679381849 ) ) ;
#4259 = CARTESIAN_POINT ( 'NONE',  ( -0.5014609352743963910, 3.000000000000000000, -2.338251699174043186 ) ) ;
#4260 = ADVANCED_FACE ( 'NONE', ( #4197, #3753, #384, #5119, #3402, #2113, #442, #1313 ), #5094, .T. ) ;
#4261 =( LENGTH_UNIT ( ) NAMED_UNIT ( * ) SI_UNIT ( .MILLI., .METRE. ) );
#4262 = ORIENTED_EDGE ( 'NONE', *, *, #5187, .T. ) ;
#4263 = ORIENTED_EDGE ( 'NONE', *, *, #4616, .T. ) ;
#4264 = PLANE ( 'NONE',  #1480 ) ;
#4265 = DIRECTION ( 'NONE',  ( -6.409502211720185473E-15, -0.000000000000000000, -1.000000000000000000 ) ) ;
#4266 = ORIENTED_EDGE ( 'NONE', *, *, #1138, .F. ) ;
#4267 = EDGE_CURVE ( 'NONE', #2285, #1620, #1724, .T. ) ;
#4268 = CARTESIAN_POINT ( 'NONE',  ( -0.7203756730073019865, 1.500624570026933613, -1.490650677083057429 ) ) ;
#4269 = ORIENTED_EDGE ( 'NONE', *, *, #3642, .T. ) ;
#4270 = ORIENTED_EDGE ( 'NONE', *, *, #2834, .T. ) ;
#4271 = DIRECTION ( 'NONE',  ( -0.000000000000000000, 1.376764663473656710E-16, 1.000000000000000000 ) ) ;
#4272 = CARTESIAN_POINT ( 'NONE',  ( -1.297897403435392061, 2.799999999999999822, 1.655276126151046245 ) ) ;
#4273 = EDGE_CURVE ( 'NONE', #435, #185, #3542, .T. ) ;
#4274 = CARTESIAN_POINT ( 'NONE',  ( -0.7203756730072901071, 3.000000000000000000, 2.133753113937486567 ) ) ;
#4275 = ORIENTED_EDGE ( 'NONE', *, *, #5304, .F. ) ;
#4276 = CARTESIAN_POINT ( 'NONE',  ( -0.7203756730072949921, 2.799999999999999822, 0.5952898833847928284 ) ) ;
#4277 = CARTESIAN_POINT ( 'NONE',  ( -0.5014609352743933934, 3.000000000000000000, -1.527646951463584868 ) ) ;
#4278 = DIRECTION ( 'NONE',  ( 0.000000000000000000, -0.000000000000000000, -1.000000000000000000 ) ) ;
#4279 = AXIS2_PLACEMENT_3D ( 'NONE', #306, #285, #3779 ) ;
#4280 = CARTESIAN_POINT ( 'NONE',  ( -1.212729927776586614, 3.000000000000000444, 0.6608675175293322601 ) ) ;
#4281 = CARTESIAN_POINT ( 'NONE',  ( -2.749999999999999112, 0.1499999999999999944, 3.299999999999999822 ) ) ;
#4282 = LINE ( 'NONE', #5066, #2795 ) ;
#4283 = CARTESIAN_POINT ( 'NONE',  ( 3.375000000000000444, 0.2500000000000001665, -3.061616997868384867E-17 ) ) ;
#4284 = ORIENTED_EDGE ( 'NONE', *, *, #5251, .T. ) ;
#4285 = EDGE_LOOP ( 'NONE', ( #4925, #3801, #453, #1329, #123, #803, #109, #5185 ) ) ;
#4286 = CARTESIAN_POINT ( 'NONE',  ( -2.499999999999999112, 3.000000000000000000, 2.349999999999999645 ) ) ;
#4287 = CARTESIAN_POINT ( 'NONE',  ( 2.750000000000000000, 2.999999999999999112, 2.750000000000000000 ) ) ;
#4288 = ORIENTED_EDGE ( 'NONE', *, *, #2336, .T. ) ;
#4289 = DIRECTION ( 'NONE',  ( -0.9945218953682744001, -0.000000000000000000, -0.1045284632676430070 ) ) ;
#4290 = ORIENTED_EDGE ( 'NONE', *, *, #4983, .T. ) ;
#4291 = VERTEX_POINT ( 'NONE', #3308 ) ;
#4292 = CARTESIAN_POINT ( 'NONE',  ( -0.7203756730072896630, 2.799999999999999822, 2.189686299379240975 ) ) ;
#4293 = AXIS2_PLACEMENT_3D ( 'NONE', #1099, #2847, #4932 ) ;
#4294 = EDGE_CURVE ( 'NONE', #2150, #812, #5004, .T. ) ;
#4295 = CARTESIAN_POINT ( 'NONE',  ( 3.299999999999998934, 0.1999999999999999833, 1.800000000000000933 ) ) ;
#4296 = EDGE_CURVE ( 'NONE', #906, #1405, #2180, .T. ) ;
#4297 = VECTOR ( 'NONE', #3618, 1000.000000000000000 ) ;
#4298 = LINE ( 'NONE', #404, #5131 ) ;
#4299 = ORIENTED_EDGE ( 'NONE', *, *, #3951, .T. ) ;
#4300 = DIRECTION ( 'NONE',  ( -1.000000000000000000, 0.000000000000000000, -0.000000000000000000 ) ) ;
#4301 = DIRECTION ( 'NONE',  ( -1.000000000000000000, 0.000000000000000000, 0.000000000000000000 ) ) ;
#4302 = CARTESIAN_POINT ( 'NONE',  ( -0.5014609352743933934, 2.800000000000000266, -1.010922120592137485 ) ) ;
#4303 = EDGE_CURVE ( 'NONE', #1581, #5473, #3057, .T. ) ;
#4304 = ORIENTED_EDGE ( 'NONE', *, *, #2005, .T. ) ;
#4305 = FACE_OUTER_BOUND ( 'NONE', #4456, .T. ) ;
#4306 = CARTESIAN_POINT ( 'NONE',  ( -1.169744343679370191, 2.800000000000000266, -0.5091485298750200172 ) ) ;
#4307 = DIRECTION ( 'NONE',  ( -0.000000000000000000, 1.000000000000000000, -0.000000000000000000 ) ) ;
#4308 = CARTESIAN_POINT ( 'NONE',  ( -0.7030802731876376610, 2.799999999999999822, -0.3325628371164328634 ) ) ;
#4309 = EDGE_CURVE ( 'NONE', #4340, #4567, #971, .T. ) ;
#4310 =( NAMED_UNIT ( * ) PLANE_ANGLE_UNIT ( ) SI_UNIT ( $, .RADIAN. ) );
#4311 = VERTEX_POINT ( 'NONE', #1798 ) ;
#4312 = DIRECTION ( 'NONE',  ( -1.000000000000000000, 0.000000000000000000, 0.000000000000000000 ) ) ;
#4313 = VECTOR ( 'NONE', #4105, 1000.000000000000000 ) ;
#4314 = PLANE ( 'NONE',  #2264 ) ;
#4315 = VERTEX_POINT ( 'NONE', #1019 ) ;
#4316 = VECTOR ( 'NONE', #4365, 1000.000000000000000 ) ;
#4317 = VECTOR ( 'NONE', #5255, 1000.000000000000000 ) ;
#4318 = CARTESIAN_POINT ( 'NONE',  ( -0.5014609352743726323, 2.800000000000000266, 2.316055673014647542 ) ) ;
#4319 = EDGE_LOOP ( 'NONE', ( #4693, #4094, #3479, #1741, #701, #3465, #3042, #3875 ) ) ;
#4320 = EDGE_LOOP ( 'NONE', ( #3473, #1006, #5172, #4164, #4062, #3791, #4051, #429 ) ) ;
#4321 = CARTESIAN_POINT ( 'NONE',  ( -0.7203756730072896630, 3.000000000000000000, 2.189686299379240975 ) ) ;
#4322 = CIRCLE ( 'NONE', #3231, 0.2500000000000002220 ) ;
#4323 = AXIS2_PLACEMENT_3D ( 'NONE', #4308, #2682, #4375 ) ;
#4324 = CIRCLE ( 'NONE', #5039, 0.08032613187428268298 ) ;
#4325 = EDGE_CURVE ( 'NONE', #2248, #3365, #3460, .T. ) ;
#4326 = VERTEX_POINT ( 'NONE', #1388 ) ;
#4327 = CARTESIAN_POINT ( 'NONE',  ( -1.516812141168295991, 3.000000000000000000, 1.321377513534234049 ) ) ;
#4328 = ORIENTED_EDGE ( 'NONE', *, *, #1784, .T. ) ;
#4329 = CARTESIAN_POINT ( 'NONE',  ( -1.297897403435396724, 1.500624570026933613, 0.1801529508449854489 ) ) ;
#4330 = AXIS2_PLACEMENT_3D ( 'NONE', #128, #1755, #974 ) ;
#4331 = EDGE_CURVE ( 'NONE', #4291, #2288, #3917, .T. ) ;
#4332 = CARTESIAN_POINT ( 'NONE',  ( -0.6946163660038592313, 3.000000000000000000, 1.278669713583197254 ) ) ;
#4333 = CARTESIAN_POINT ( 'NONE',  ( -1.516812141168295991, 3.000000000000000000, 0.6402039898684432906 ) ) ;
#4334 = CARTESIAN_POINT ( 'NONE',  ( -1.516812141168289774, 3.000000000000000000, 1.632267260053192892 ) ) ;
#4335 = ADVANCED_FACE ( 'NONE', ( #2707 ), #2235, .F. ) ;
#4336 = AXIS2_PLACEMENT_3D ( 'NONE', #150, #1843, #3551 ) ;
#4337 = AXIS2_PLACEMENT_3D ( 'NONE', #1987, #3695, #1193 ) ;
#4338 = PLANE ( 'NONE',  #878 ) ;
#4339 = ADVANCED_FACE ( 'NONE', ( #5152 ), #56, .T. ) ;
#4340 = VERTEX_POINT ( 'NONE', #2192 ) ;
#4341 = CARTESIAN_POINT ( 'NONE',  ( -1.436486009294025479, 3.000000000000000000, -2.066284746951504214 ) ) ;
#4342 = DIRECTION ( 'NONE',  ( 0.000000000000000000, 0.000000000000000000, 1.000000000000000000 ) ) ;
#4343 = EDGE_LOOP ( 'NONE', ( #3434, #4263, #3852, #76 ) ) ;
#4344 = B_SPLINE_SURFACE_WITH_KNOTS ( 'NONE', 3, 1, ( 
 ( #319, #2045 ),
 ( #5417, #5029 ),
 ( #350, #3335 ),
 ( #1635, #3781 ),
 ( #2465, #5480 ),
 ( #3749, #5445 ) ),
 .UNSPECIFIED., .F., .F., .F.,
 ( 4, 1, 1, 4 ),
 ( 2, 2 ),
 ( 0.000000000000000000, 0.4712518714902709793, 0.5712518714902710126, 1.000000000000000000 ),
 ( 0.000000000000000000, 1.000000000000000000 ),
 .UNSPECIFIED. ) ;
#4345 = DIRECTION ( 'NONE',  ( -0.000000000000000000, -1.000000000000000000, -0.000000000000000000 ) ) ;
#4346 = VERTEX_POINT ( 'NONE', #5248 ) ;
#4347 = VERTEX_POINT ( 'NONE', #2658 ) ;
#4348 = PLANE ( 'NONE',  #389 ) ;
#4349 = UNCERTAINTY_MEASURE_WITH_UNIT (LENGTH_MEASURE( 1.000000000000000082E-05 ), #2880, 'distance_accuracy_value', 'NONE');
#4350 = EDGE_LOOP ( 'NONE', ( #3257, #2796, #2038, #1067 ) ) ;
#4351 = CARTESIAN_POINT ( 'NONE',  ( -3.625000000000000000, 1.274999999999999689, -0.3499999999999999223 ) ) ;
#4352 = VERTEX_POINT ( 'NONE', #1437 ) ;
#4353 = FACE_OUTER_BOUND ( 'NONE', #3574, .T. ) ;
#4354 = VECTOR ( 'NONE', #493, 1000.000000000000000 ) ;
#4355 = PLANE ( 'NONE',  #1906 ) ;
#4356 = SURFACE_STYLE_USAGE ( .BOTH. , #2234 ) ;
#4357 = DIRECTION ( 'NONE',  ( 0.000000000000000000, 0.000000000000000000, -1.000000000000000000 ) ) ;
#4358 = EDGE_CURVE ( 'NONE', #2838, #3656, #4407, .T. ) ;
#4359 = LINE ( 'NONE', #2237, #326 ) ;
#4360 = VERTEX_POINT ( 'NONE', #1820 ) ;
#4361 = CARTESIAN_POINT ( 'NONE',  ( -1.299999999999999156, 0.1999999999999999833, 1.800000000000000266 ) ) ;
#4362 = CARTESIAN_POINT ( 'NONE',  ( -0.5014609352743845117, 1.500624570026933613, 1.738984972074796298 ) ) ;
#4363 = ORIENTED_EDGE ( 'NONE', *, *, #1270, .F. ) ;
#4364 = ADVANCED_FACE ( 'NONE', ( #3938 ), #3035, .T. ) ;
#4365 = DIRECTION ( 'NONE',  ( 0.000000000000000000, 0.000000000000000000, 1.000000000000000000 ) ) ;
#4366 = EDGE_LOOP ( 'NONE', ( #81, #1999, #2917, #956 ) ) ;
#4367 = EDGE_CURVE ( 'NONE', #4947, #5164, #922, .T. ) ;
#4368 = VERTEX_POINT ( 'NONE', #1413 ) ;
#4369 = CARTESIAN_POINT ( 'NONE',  ( -0.9860331462041350692, 2.799999999999999822, -0.05298655982231909034 ) ) ;
#4370 = ORIENTED_EDGE ( 'NONE', *, *, #5114, .T. ) ;
#4371 = DIRECTION ( 'NONE',  ( 0.1308368968220369744, 0.000000000000000000, 0.9914039068058889681 ) ) ;
#4372 = VECTOR ( 'NONE', #1891, 1000.000000000000000 ) ;
#4373 = ORIENTED_EDGE ( 'NONE', *, *, #3985, .F. ) ;
#4374 = LINE ( 'NONE', #3841, #4691 ) ;
#4375 = DIRECTION ( 'NONE',  ( 3.641745613669981759E-15, 0.000000000000000000, 1.000000000000000000 ) ) ;
#4376 = CARTESIAN_POINT ( 'NONE',  ( 1.299999999999999156, 0.1999999999999999833, 1.800000000000000488 ) ) ;
#4377 = CARTESIAN_POINT ( 'NONE',  ( -0.7203756730072962133, 3.000000000000000000, 0.2410686557186573764 ) ) ;
#4378 = ORIENTED_EDGE ( 'NONE', *, *, #2455, .F. ) ;
#4379 = CARTESIAN_POINT ( 'NONE',  ( -0.5014609352743845117, 2.799999999999999822, 1.738984972074796298 ) ) ;
#4380 =( BOUNDED_SURFACE ( )  B_SPLINE_SURFACE ( 3, 1, ( 
 ( #487, #4252 ),
 ( #887, #2601 ),
 ( #436, #2133 ),
 ( #3420, #2157 ) ),
 .UNSPECIFIED., .F., .F., .F. ) 
 B_SPLINE_SURFACE_WITH_KNOTS ( ( 4, 4 ),
 ( 2, 2 ),
 ( 0.000000000000000000, 1.000000000000000000 ),
 ( 0.000000000000000000, 1.000000000000000000 ),
 .UNSPECIFIED. ) 
 GEOMETRIC_REPRESENTATION_ITEM ( )  RATIONAL_B_SPLINE_SURFACE ( (
 ( 1.000000000000000000, 1.000000000000000000),
 ( 0.3333333333333333703, 0.3333333333333333703),
 ( 0.3333333333333333703, 0.3333333333333333703),
 ( 1.000000000000000000, 1.000000000000000000) ) ) 
 REPRESENTATION_ITEM ( '' )  SURFACE ( )  );
#4381 = ADVANCED_FACE ( 'NONE', ( #2610 ), #994, .F. ) ;
#4382 = CARTESIAN_POINT ( 'NONE',  ( -1.297897403435396724, 3.000000000000000000, 0.1801529508449854489 ) ) ;
#4383 = ORIENTED_EDGE ( 'NONE', *, *, #2253, .F. ) ;
#4384 = EDGE_CURVE ( 'NONE', #2086, #2960, #499, .T. ) ;
#4385 = CARTESIAN_POINT ( 'NONE',  ( -7.013307099422956270, 1.574999999999999956, 1.500000000000000000 ) ) ;
#4386 = VECTOR ( 'NONE', #2544, 1000.000000000000000 ) ;
#4387 = ORIENTED_EDGE ( 'NONE', *, *, #4531, .T. ) ;
#4388 = CARTESIAN_POINT ( 'NONE',  ( -1.165886843973362508, 2.799999999999999822, -2.040086425358579536 ) ) ;
#4389 = EDGE_CURVE ( 'NONE', #1865, #152, #1847, .T. ) ;
#4390 = FACE_BOUND ( 'NONE', #2094, .T. ) ;
#4391 = ORIENTED_EDGE ( 'NONE', *, *, #88, .T. ) ;
#4392 = EDGE_CURVE ( 'NONE', #5041, #247, #3967, .T. ) ;
#4393 = MECHANICAL_DESIGN_GEOMETRIC_PRESENTATION_REPRESENTATION (  '', ( #4839 ), #3152 ) ;
#4394 = VECTOR ( 'NONE', #5275, 1000.000000000000000 ) ;
#4395 = PRODUCT_DEFINITION_CONTEXT ( 'detailed design', #1109, 'design' ) ;
#4396 = EDGE_CURVE ( 'NONE', #392, #952, #4115, .T. ) ;
#4397 = ORIENTED_EDGE ( 'NONE', *, *, #144, .T. ) ;
#4398 = VECTOR ( 'NONE', #5315, 1000.000000000000000 ) ;
#4399 = VECTOR ( 'NONE', #601, 1000.000000000000000 ) ;
#4400 = DIRECTION ( 'NONE',  ( -0.9945218953682745111, 0.000000000000000000, -0.1045284632676430209 ) ) ;
#4401 = VERTEX_POINT ( 'NONE', #2215 ) ;
#4402 = DIRECTION ( 'NONE',  ( 0.000000000000000000, 0.000000000000000000, 1.000000000000000000 ) ) ;
#4403 = VECTOR ( 'NONE', #3859, 1000.000000000000000 ) ;
#4404 = ORIENTED_EDGE ( 'NONE', *, *, #53, .F. ) ;
#4405 = DIRECTION ( 'NONE',  ( 0.000000000000000000, 1.000000000000000000, 0.000000000000000000 ) ) ;
#4406 = CARTESIAN_POINT ( 'NONE',  ( -1.297897403435390506, 2.799999999999999822, 2.092599387584261894 ) ) ;
#4407 = LINE ( 'NONE', #1778, #2546 ) ;
#4408 = VECTOR ( 'NONE', #75, 1000.000000000000000 ) ;
#4409 = CARTESIAN_POINT ( 'NONE',  ( -1.297897403435402275, 3.000000000000000000, -1.114027395475791771 ) ) ;
#4410 = AXIS2_PLACEMENT_3D ( 'NONE', #867, #2560, #4681 ) ;
#4411 = CARTESIAN_POINT ( 'NONE',  ( -1.297897403435396724, 2.800000000000000266, 0.1801529508449854489 ) ) ;
#4412 = ORIENTED_EDGE ( 'NONE', *, *, #1718, .F. ) ;
#4413 = DIRECTION ( 'NONE',  ( -1.000000000000000000, 0.000000000000000000, 3.114203467859944378E-15 ) ) ;
#4414 = DIRECTION ( 'NONE',  ( 1.000000000000000000, 0.000000000000000000, -1.826113077463491048E-14 ) ) ;
#4415 = CIRCLE ( 'NONE', #2831, 0.02948327115431846959 ) ;
#4416 = VECTOR ( 'NONE', #4647, 1000.000000000000000 ) ;
#4417 = VERTEX_POINT ( 'NONE', #3270 ) ;
#4418 = EDGE_CURVE ( 'NONE', #2662, #3030, #3251, .T. ) ;
#4419 =( BOUNDED_CURVE ( )  B_SPLINE_CURVE ( 3, ( #4332, #543, #4280, #568 ),
 .UNSPECIFIED., .F., .F. ) 
 B_SPLINE_CURVE_WITH_KNOTS ( ( 4, 4 ),
 ( 0.000000000000000000, 3.141592653589793116 ),
 .UNSPECIFIED. ) 
 CURVE ( )  GEOMETRIC_REPRESENTATION_ITEM ( )  RATIONAL_B_SPLINE_CURVE ( ( 1.000000000000000000, 0.3333333333333333703, 0.3333333333333333703, 1.000000000000000000 ) ) 
 REPRESENTATION_ITEM ( '' )  );
#4420 = LINE ( 'NONE', #5234, #1116 ) ;
#4421 = PRODUCT_RELATED_PRODUCT_CATEGORY ( 'part', '', ( #973 ) ) ;
#4422 = DIRECTION ( 'NONE',  ( -0.9945218953682907204, 0.000000000000000000, -0.1045284632674874092 ) ) ;
#4423 = DIRECTION ( 'NONE',  ( -0.000000000000000000, -0.000000000000000000, 1.000000000000000000 ) ) ;
#4424 = EDGE_LOOP ( 'NONE', ( #898, #2725, #2205, #3882 ) ) ;
#4425 = EDGE_CURVE ( 'NONE', #4859, #1815, #4964, .T. ) ;
#4426 = EDGE_CURVE ( 'NONE', #3188, #3536, #256, .T. ) ;
#4427 = ORIENTED_EDGE ( 'NONE', *, *, #4752, .T. ) ;
#4428 = CARTESIAN_POINT ( 'NONE',  ( 3.625000000000000000, 1.574999999999999512, -1.500000000000000000 ) ) ;
#4429 = ORIENTED_EDGE ( 'NONE', *, *, #3049, .F. ) ;
#4430 = ADVANCED_FACE ( 'NONE', ( #1927 ), #625, .F. ) ;
#4431 = LINE ( 'NONE', #566, #5424 ) ;
#4432 = EDGE_LOOP ( 'NONE', ( #244, #157, #3590, #2647 ) ) ;
#4433 = DIRECTION ( 'NONE',  ( -0.000000000000000000, -0.000000000000000000, 1.000000000000000000 ) ) ;
#4434 = CARTESIAN_POINT ( 'NONE',  ( -0.5014609352743963910, 2.799999999999999822, -1.795802496286066807 ) ) ;
#4435 = DIRECTION ( 'NONE',  ( -2.998074750722990778E-15, 0.000000000000000000, -1.000000000000000000 ) ) ;
#4436 = LINE ( 'NONE', #684, #3810 ) ;
#4437 = DIRECTION ( 'NONE',  ( 1.000000000000000000, -0.000000000000000000, 0.000000000000000000 ) ) ;
#4438 = VERTEX_POINT ( 'NONE', #1074 ) ;
#4439 = DIRECTION ( 'NONE',  ( -0.000000000000000000, 1.000000000000000000, -0.000000000000000000 ) ) ;
#4440 = FACE_OUTER_BOUND ( 'NONE', #5418, .T. ) ;
#4441 = ORIENTED_EDGE ( 'NONE', *, *, #1406, .F. ) ;
#4442 = DIRECTION ( 'NONE',  ( 0.000000000000000000, 1.000000000000000000, 0.000000000000000000 ) ) ;
#4443 = VERTEX_POINT ( 'NONE', #3151 ) ;
#4444 = CARTESIAN_POINT ( 'NONE',  ( -1.516812141168301320, 3.000000000000000000, -1.017541098686655099 ) ) ;
#4445 = CIRCLE ( 'NONE', #4279, 0.2500000000000000000 ) ;
#4446 = FACE_OUTER_BOUND ( 'NONE', #1912, .T. ) ;
#4447 = VERTEX_POINT ( 'NONE', #5298 ) ;
#4448 = VERTEX_POINT ( 'NONE', #1892 ) ;
#4449 = EDGE_CURVE ( 'NONE', #4368, #3188, #2848, .T. ) ;
#4450 = DIRECTION ( 'NONE',  ( -1.445602896647339656E-16, 0.000000000000000000, -1.000000000000000000 ) ) ;
#4451 = ORIENTED_EDGE ( 'NONE', *, *, #4746, .F. ) ;
#4452 = EDGE_CURVE ( 'NONE', #3545, #563, #1489, .T. ) ;
#4453 = CARTESIAN_POINT ( 'NONE',  ( 7.013307099422956270, 1.274999999999999689, 0.3500000000000000333 ) ) ;
#4454 = VECTOR ( 'NONE', #3209, 1000.000000000000000 ) ;
#4455 = DIRECTION ( 'NONE',  ( 0.000000000000000000, -1.000000000000000000, -0.000000000000000000 ) ) ;
#4456 = EDGE_LOOP ( 'NONE', ( #4599, #4533, #3175, #1652, #688, #3196, #5130, #708, #3131, #938 ) ) ;
#4457 = CARTESIAN_POINT ( 'NONE',  ( 3.625000000000000000, 1.274999999999999689, 0.3500000000000000333 ) ) ;
#4458 = EDGE_CURVE ( 'NONE', #4739, #2586, #3602, .T. ) ;
#4459 = DIRECTION ( 'NONE',  ( 0.9012599435649172319, -0.000000000000000000, 0.4332787949177320797 ) ) ;
#4460 = DIRECTION ( 'NONE',  ( -0.000000000000000000, -1.000000000000000000, -0.000000000000000000 ) ) ;
#4461 = VECTOR ( 'NONE', #2306, 1000.000000000000000 ) ;
#4462 = PLANE ( 'NONE',  #3457 ) ;
#4463 =( NAMED_UNIT ( * ) SI_UNIT ( $, .STERADIAN. ) SOLID_ANGLE_UNIT ( ) );
#4464 = VERTEX_POINT ( 'NONE', #682 ) ;
#4465 = AXIS2_PLACEMENT_3D ( 'NONE', #5503, #3806, #2098 ) ;
#4466 = CARTESIAN_POINT ( 'NONE',  ( -2.499999999999999112, 2.949999999999999734, 2.349999999999999645 ) ) ;
#4467 = CARTESIAN_POINT ( 'NONE',  ( 7.013307099422956270, 1.274999999999999689, 0.3500000000000000333 ) ) ;
#4468 = ORIENTED_EDGE ( 'NONE', *, *, #1461, .F. ) ;
#4469 = CARTESIAN_POINT ( 'NONE',  ( -0.9860331462041350692, 2.800000000000000266, -0.05298655982231909034 ) ) ;
#4470 = ORIENTED_EDGE ( 'NONE', *, *, #694, .F. ) ;
#4471 = LINE ( 'NONE', #2694, #5216 ) ;
#4472 = EDGE_LOOP ( 'NONE', ( #3149, #2885, #2623, #2782 ) ) ;
#4473 = VECTOR ( 'NONE', #4646, 1000.000000000000000 ) ;
#4474 = CARTESIAN_POINT ( 'NONE',  ( -0.5014609352743876203, 2.799999999999999822, 0.2063718723066464145 ) ) ;
#4475 = EDGE_LOOP ( 'NONE', ( #4538, #233, #2803, #2705 ) ) ;
#4476 = ORIENTED_EDGE ( 'NONE', *, *, #3127, .T. ) ;
#4477 = DIRECTION ( 'NONE',  ( 0.4332787949177322462, 0.000000000000000000, -0.9012599435649172319 ) ) ;
#4478 = LINE ( 'NONE', #674, #5009 ) ;
#4479 = AXIS2_PLACEMENT_3D ( 'NONE', #4540, #273, #4063 ) ;
#4480 = VERTEX_POINT ( 'NONE', #4876 ) ;
#4481 = B_SPLINE_SURFACE_WITH_KNOTS ( 'NONE', 3, 1, ( 
 ( #998, #3606 ),
 ( #5356, #1549 ),
 ( #3241, #713 ),
 ( #5301, #2346 ),
 ( #1491, #2761 ) ),
 .UNSPECIFIED., .F., .F., .F.,
 ( 4, 1, 4 ),
 ( 2, 2 ),
 ( 0.000000000000000000, 0.4877098465503992841, 1.000000000000000000 ),
 ( 0.000000000000000000, 1.000000000000000000 ),
 .UNSPECIFIED. ) ;
#4482 = CARTESIAN_POINT ( 'NONE',  ( -0.5014609352743933934, 1.500624570026933613, -1.467641810985258921 ) ) ;
#4483 = ADVANCED_FACE ( 'NONE', ( #5352 ), #2402, .T. ) ;
#4484 = VECTOR ( 'NONE', #2331, 1000.000000000000000 ) ;
#4485 = AXIS2_PLACEMENT_3D ( 'NONE', #5361, #1521, #3211 ) ;
#4486 = DIRECTION ( 'NONE',  ( 0.000000000000000000, 1.000000000000000000, 0.000000000000000000 ) ) ;
#4487 = ORIENTED_EDGE ( 'NONE', *, *, #1062, .T. ) ;
#4488 = CARTESIAN_POINT ( 'NONE',  ( -1.516812141168289774, 2.800000000000000266, 0.9697686155562685872 ) ) ;
#4489 = PLANE ( 'NONE',  #4293 ) ;
#4490 = DIRECTION ( 'NONE',  ( -0.000000000000000000, -1.000000000000000000, -0.000000000000000000 ) ) ;
#4491 = VECTOR ( 'NONE', #5084, 1000.000000000000000 ) ;
#4492 = AXIS2_PLACEMENT_3D ( 'NONE', #438, #2970, #4189 ) ;
#4493 = DIRECTION ( 'NONE',  ( 0.000000000000000000, -1.000000000000000000, 0.000000000000000000 ) ) ;
#4494 = EDGE_CURVE ( 'NONE', #3143, #100, #1516, .T. ) ;
#4495 = CARTESIAN_POINT ( 'NONE',  ( -0.9842166634811611026, 3.000000000000000000, 0.003006886598751999651 ) ) ;
#4496 = VERTEX_POINT ( 'NONE', #1159 ) ;
#4497 = EDGE_CURVE ( 'NONE', #4347, #781, #648, .T. ) ;
#4498 = DIRECTION ( 'NONE',  ( 0.000000000000000000, 1.000000000000000000, 0.000000000000000000 ) ) ;
#4499 = AXIS2_PLACEMENT_3D ( 'NONE', #4948, #5429, #1146 ) ;
#4500 = PLANE ( 'NONE',  #2203 ) ;
#4501 = DIRECTION ( 'NONE',  ( -1.000000000000000000, 0.000000000000000000, 0.000000000000000000 ) ) ;
#4502 = B_SPLINE_CURVE_WITH_KNOTS ( 'NONE', 3,
 ( #5312, #743, #2021, #3726, #2047 ),
 .UNSPECIFIED., .F., .F.,
 ( 4, 1, 4 ),
 ( 0.000000000000000000, 0.4877098465503992841, 1.000000000000000000 ),
 .UNSPECIFIED. ) ;
#4503 = ORIENTED_EDGE ( 'NONE', *, *, #2354, .T. ) ;
#4504 = EDGE_CURVE ( 'NONE', #1502, #198, #1460, .T. ) ;
#4505 = CARTESIAN_POINT ( 'NONE',  ( -1.491781087391496730, 3.000000000000000000, -0.01283240866452028603 ) ) ;
#4506 = VERTEX_POINT ( 'NONE', #3631 ) ;
#4507 = DIRECTION ( 'NONE',  ( -0.000000000000000000, -1.000000000000000000, -0.000000000000000000 ) ) ;
#4508 = VECTOR ( 'NONE', #5081, 1000.000000000000000 ) ;
#4509 = ORIENTED_EDGE ( 'NONE', *, *, #4358, .F. ) ;
#4510 = VECTOR ( 'NONE', #251, 1000.000000000000227 ) ;
#4511 = CARTESIAN_POINT ( 'NONE',  ( -0.7203756730073019865, 2.800000000000000266, -1.072873669122563545 ) ) ;
#4512 = VERTEX_POINT ( 'NONE', #5326 ) ;
#4513 = ORIENTED_EDGE ( 'NONE', *, *, #3234, .F. ) ;
#4514 = FACE_OUTER_BOUND ( 'NONE', #4238, .T. ) ;
#4515 = CARTESIAN_POINT ( 'NONE',  ( -1.298062317535383370, 2.799999999999999822, 0.1254717406449373518 ) ) ;
#4516 = FACE_OUTER_BOUND ( 'NONE', #5235, .T. ) ;
#4517 = CARTESIAN_POINT ( 'NONE',  ( -0.5014609352743963910, 3.000000000000000000, -1.795802496286066807 ) ) ;
#4518 = DIRECTION ( 'NONE',  ( 0.000000000000000000, -1.000000000000000000, -0.000000000000000000 ) ) ;
#4519 = ORIENTED_EDGE ( 'NONE', *, *, #1469, .F. ) ;
#4520 = CARTESIAN_POINT ( 'NONE',  ( -0.7030802731876463207, 3.000000000000000000, -1.892730562807720895 ) ) ;
#4521 = DIRECTION ( 'NONE',  ( 0.1308368968220370021, -0.000000000000000000, 0.9914039068058889681 ) ) ;
#4522 = CARTESIAN_POINT ( 'NONE',  ( -3.375000000000000444, 0.000000000000000000, -1.499999999999999778 ) ) ;
#4523 = CARTESIAN_POINT ( 'NONE',  ( -1.516812141168301542, 3.000000000000000000, -1.114027395475791771 ) ) ;
#4524 = CYLINDRICAL_SURFACE ( 'NONE', #1472, 0.08032613187426035362 ) ;
#4525 = ORIENTED_EDGE ( 'NONE', *, *, #1940, .T. ) ;
#4526 = SURFACE_SIDE_STYLE ('',( #1551 ) ) ;
#4527 = CARTESIAN_POINT ( 'NONE',  ( 2.750000000000000000, 0.1499999999999999944, -3.299999999999999822 ) ) ;
#4528 = CARTESIAN_POINT ( 'NONE',  ( -1.297897403435402275, 2.799999999999999822, -1.114027395475791771 ) ) ;
#4529 = EDGE_CURVE ( 'NONE', #3593, #5083, #2785, .T. ) ;
#4530 = VERTEX_POINT ( 'NONE', #4522 ) ;
#4531 = EDGE_CURVE ( 'NONE', #4048, #1014, #221, .T. ) ;
#4532 = FACE_OUTER_BOUND ( 'NONE', #5017, .T. ) ;
#4533 = ORIENTED_EDGE ( 'NONE', *, *, #868, .T. ) ;
#4534 = DIRECTION ( 'NONE',  ( -3.470849084279738984E-15, 0.000000000000000000, -1.000000000000000000 ) ) ;
#4535 = EDGE_CURVE ( 'NONE', #1399, #2248, #1907, .T. ) ;
#4536 = VERTEX_POINT ( 'NONE', #1578 ) ;
#4537 = DIRECTION ( 'NONE',  ( 1.204669080539449344E-16, 0.000000000000000000, -1.000000000000000000 ) ) ;
#4538 = ORIENTED_EDGE ( 'NONE', *, *, #975, .F. ) ;
#4539 = ORIENTED_EDGE ( 'NONE', *, *, #357, .F. ) ;
#4540 = CARTESIAN_POINT ( 'NONE',  ( -1.436486009294025479, 2.799999999999999822, -2.066284746951504214 ) ) ;
#4541 = CARTESIAN_POINT ( 'NONE',  ( -0.5014609352743845117, 3.000000000000000000, 1.475952984027617987 ) ) ;
#4542 = DIRECTION ( 'NONE',  ( -0.1148585647116543151, 0.000000000000000000, 0.9933818551354655080 ) ) ;
#4543 = DIRECTION ( 'NONE',  ( -0.000000000000000000, 1.000000000000000000, -0.000000000000000000 ) ) ;
#4544 = DIRECTION ( 'NONE',  ( 0.000000000000000000, 0.000000000000000000, 1.000000000000000000 ) ) ;
#4545 = ORIENTED_EDGE ( 'NONE', *, *, #115, .T. ) ;
#4546 = CARTESIAN_POINT ( 'NONE',  ( -0.5014609352743933934, 3.000000000000000000, -1.527646951463584868 ) ) ;
#4547 = DIRECTION ( 'NONE',  ( -0.000000000000000000, 1.000000000000000000, -0.000000000000000000 ) ) ;
#4548 = CARTESIAN_POINT ( 'NONE',  ( -3.625000000000000000, 0.000000000000000000, 0.000000000000000000 ) ) ;
#4549 = DIRECTION ( 'NONE',  ( -1.000000000000000000, 0.000000000000000000, 0.000000000000000000 ) ) ;
#4550 = CARTESIAN_POINT ( 'NONE',  ( -3.299999999999998934, 0.1999999999999999833, 1.800000000000000266 ) ) ;
#4551 = ORIENTED_EDGE ( 'NONE', *, *, #4535, .T. ) ;
#4552 = PLANE ( 'NONE',  #5098 ) ;
#4553 = FACE_OUTER_BOUND ( 'NONE', #1319, .T. ) ;
#4554 = CARTESIAN_POINT ( 'NONE',  ( -0.5014609352743845117, 2.799999999999999822, 1.738984972074796298 ) ) ;
#4555 = CARTESIAN_POINT ( 'NONE',  ( -0.5014609352743887305, 2.800000000000000266, -0.2356347705948078075 ) ) ;
#4556 = VERTEX_POINT ( 'NONE', #3992 ) ;
#4557 = PLANE ( 'NONE',  #5397 ) ;
#4558 = STYLED_ITEM ( 'NONE', ( #3966 ), #1428 ) ;
#4559 = EDGE_CURVE ( 'NONE', #3999, #819, #179, .T. ) ;
#4560 = DIRECTION ( 'NONE',  ( -3.470849084279738984E-15, -0.000000000000000000, -1.000000000000000000 ) ) ;
#4561 = ORIENTED_EDGE ( 'NONE', *, *, #1838, .T. ) ;
#4562 = FACE_OUTER_BOUND ( 'NONE', #1758, .T. ) ;
#4563 = EDGE_CURVE ( 'NONE', #2960, #872, #66, .T. ) ;
#4564 = ORIENTED_EDGE ( 'NONE', *, *, #4928, .T. ) ;
#4565 = EDGE_CURVE ( 'NONE', #2390, #3920, #1665, .T. ) ;
#4566 = CARTESIAN_POINT ( 'NONE',  ( -0.5014609352743879533, 3.000000000000000000, 0.03252077422767544329 ) ) ;
#4567 = VERTEX_POINT ( 'NONE', #3778 ) ;
#4568 = ORIENTED_EDGE ( 'NONE', *, *, #3488, .F. ) ;
#4569 = PLANE ( 'NONE',  #4033 ) ;
#4570 = ADVANCED_FACE ( 'NONE', ( #2554 ), #1220, .T. ) ;
#4571 = CARTESIAN_POINT ( 'NONE',  ( -0.5014609352743845117, 2.800000000000000266, 1.044840171770848203 ) ) ;
#4572 = PLANE ( 'NONE',  #5247 ) ;
#4573 = CARTESIAN_POINT ( 'NONE',  ( -1.178661320169346549, 2.799999999999999822, -0.4533466083705756655 ) ) ;
#4574 = EDGE_CURVE ( 'NONE', #247, #4536, #4794, .T. ) ;
#4575 = CARTESIAN_POINT ( 'NONE',  ( -2.749999999999999112, 15.33380951166242845, -2.750000000000000000 ) ) ;
#4576 = VECTOR ( 'NONE', #4181, 1000.000000000000000 ) ;
#4577 = ORIENTED_EDGE ( 'NONE', *, *, #3455, .T. ) ;
#4578 = LINE ( 'NONE', #3367, #2256 ) ;
#4579 = LINE ( 'NONE', #3718, #4904 ) ;
#4580 = DIRECTION ( 'NONE',  ( 0.000000000000000000, 0.000000000000000000, 1.000000000000000000 ) ) ;
#4581 = CARTESIAN_POINT ( 'NONE',  ( -0.7030802731876463207, 2.799999999999999822, -1.892730562807720895 ) ) ;
#4582 = AXIS2_PLACEMENT_3D ( 'NONE', #8, #3795, #3382 ) ;
#4583 = LINE ( 'NONE', #4163, #1389 ) ;
#4584 = ORIENTED_EDGE ( 'NONE', *, *, #5222, .T. ) ;
#4585 = FACE_OUTER_BOUND ( 'NONE', #2628, .T. ) ;
#4586 = FACE_OUTER_BOUND ( 'NONE', #4969, .T. ) ;
#4587 = DIRECTION ( 'NONE',  ( 0.000000000000000000, 1.000000000000000000, 0.000000000000000000 ) ) ;
#4588 = CARTESIAN_POINT ( 'NONE',  ( -1.297897403435396724, 3.000000000000000000, 0.1801529508449854489 ) ) ;
#4589 = VECTOR ( 'NONE', #3221, 1000.000000000000000 ) ;
#4590 = AXIS2_PLACEMENT_3D ( 'NONE', #1100, #2314, #2758 ) ;
#4591 = VERTEX_POINT ( 'NONE', #4615 ) ;
#4592 = CARTESIAN_POINT ( 'NONE',  ( -0.9860331462041350692, 3.000000000000000000, -0.05298655982231909034 ) ) ;
#4593 = COLOUR_RGB ( '',1.000000000000000000, 1.000000000000000000, 1.000000000000000000 ) ;
#4594 = PLANE ( 'NONE',  #3341 ) ;
#4595 = ORIENTED_EDGE ( 'NONE', *, *, #176, .T. ) ;
#4596 = ORIENTED_EDGE ( 'NONE', *, *, #2097, .F. ) ;
#4597 = PLANE ( 'NONE',  #5392 ) ;
#4598 = DIRECTION ( 'NONE',  ( 0.000000000000000000, 1.000000000000000000, 0.000000000000000000 ) ) ;
#4599 = ORIENTED_EDGE ( 'NONE', *, *, #936, .T. ) ;
#4600 = VECTOR ( 'NONE', #3086, 1000.000000000000000 ) ;
#4601 = CARTESIAN_POINT ( 'NONE',  ( -1.516812141168289774, 2.999999999999999556, 0.1191178942344804093 ) ) ;
#4602 = ORIENTED_EDGE ( 'NONE', *, *, #2493, .T. ) ;
#4603 = ORIENTED_EDGE ( 'NONE', *, *, #4608, .T. ) ;
#4604 = CARTESIAN_POINT ( 'NONE',  ( -1.516812141168301542, 3.000000000000000000, -1.574359523006807482 ) ) ;
#4605 = CARTESIAN_POINT ( 'NONE',  ( -0.5014609352743963910, 3.000000000000000000, -1.795802496286066807 ) ) ;
#4606 = AXIS2_PLACEMENT_3D ( 'NONE', #2778, #4371, #641 ) ;
#4607 = AXIS2_PLACEMENT_3D ( 'NONE', #4554, #744, #2435 ) ;
#4608 = EDGE_CURVE ( 'NONE', #5264, #1096, #5060, .T. ) ;
#4609 = LINE ( 'NONE', #2841, #540 ) ;
#4610 = DIRECTION ( 'NONE',  ( 0.000000000000000000, 0.000000000000000000, -1.000000000000000000 ) ) ;
#4611 = LINE ( 'NONE', #4185, #2713 ) ;
#4612 = VERTEX_POINT ( 'NONE', #4254 ) ;
#4613 = CARTESIAN_POINT ( 'NONE',  ( 3.299999999999999822, 0.1999999999999999833, -1.799999999999998934 ) ) ;
#4614 = PLANE ( 'NONE',  #2607 ) ;
#4615 = CARTESIAN_POINT ( 'NONE',  ( 3.375000000000000444, 1.574999999999999956, 1.500000000000000000 ) ) ;
#4616 = EDGE_CURVE ( 'NONE', #2050, #3760, #1660, .T. ) ;
#4617 = CARTESIAN_POINT ( 'NONE',  ( -1.038298776779051025, 2.799999999999999822, 2.358384634329920626 ) ) ;
#4618 = CARTESIAN_POINT ( 'NONE',  ( -1.297897403435389396, 3.000000000000000000, 2.137002076460955191 ) ) ;
#4619 = VERTEX_POINT ( 'NONE', #2135 ) ;
#4620 = DIRECTION ( 'NONE',  ( -3.381690884191656765E-15, 0.000000000000000000, -1.000000000000000000 ) ) ;
#4621 = DIRECTION ( 'NONE',  ( 0.000000000000000000, -0.000000000000000000, 1.000000000000000000 ) ) ;
#4622 = CARTESIAN_POINT ( 'NONE',  ( -1.113386802949280829, 3.000000000000000000, 1.543419918528758261 ) ) ;
#4623 = CARTESIAN_POINT ( 'NONE',  ( -0.7203756730072949921, 2.800000000000000266, 0.5952898833847928284 ) ) ;
#4624 = ORIENTED_EDGE ( 'NONE', *, *, #4717, .F. ) ;
#4625 = PLANE ( 'NONE',  #4410 ) ;
#4626 = FACE_OUTER_BOUND ( 'NONE', #3853, .T. ) ;
#4627 = ORIENTED_EDGE ( 'NONE', *, *, #2975, .F. ) ;
#4628 = VERTEX_POINT ( 'NONE', #3332 ) ;
#4629 = DIRECTION ( 'NONE',  ( 0.000000000000000000, 1.000000000000000000, 0.000000000000000000 ) ) ;
#4630 = VERTEX_POINT ( 'NONE', #1306 ) ;
#4631 = LINE ( 'NONE', #3384, #2099 ) ;
#4632 = ORIENTED_EDGE ( 'NONE', *, *, #5167, .T. ) ;
#4633 = VERTEX_POINT ( 'NONE', #4219 ) ;
#4634 = CARTESIAN_POINT ( 'NONE',  ( -1.452481564268882419, 1.500624570026933613, -0.5848344251992796394 ) ) ;
#4635 = CARTESIAN_POINT ( 'NONE',  ( -0.5014609352743933934, 2.799999999999999822, -1.467641810985258921 ) ) ;
#4636 = CARTESIAN_POINT ( 'NONE',  ( -1.516812141168289774, 2.799999999999999822, 1.632267260053192892 ) ) ;
#4637 = EDGE_CURVE ( 'NONE', #2399, #4982, #2912, .T. ) ;
#4638 = CARTESIAN_POINT ( 'NONE',  ( -1.297897403435392061, 2.800000000000000266, 1.655276126151046245 ) ) ;
#4639 = EDGE_LOOP ( 'NONE', ( #4561, #1513, #4172, #4841 ) ) ;
#4640 = CARTESIAN_POINT ( 'NONE',  ( 3.299999999999998934, 1.574999999999999956, 1.500000000000000000 ) ) ;
#4641 = CARTESIAN_POINT ( 'NONE',  ( -2.024999999999999911, 3.600000000000000089, 1.499999999999999556 ) ) ;
#4642 = CARTESIAN_POINT ( 'NONE',  ( -0.7030802731876385492, 2.799999999999999822, -0.5707348101209713809 ) ) ;
#4643 = EDGE_CURVE ( 'NONE', #167, #373, #2356, .T. ) ;
#4644 = CARTESIAN_POINT ( 'NONE',  ( -0.5014609352743875093, 3.000000000000000000, 0.2063718723066461092 ) ) ;
#4645 = EDGE_CURVE ( 'NONE', #4619, #2959, #376, .T. ) ;
#4646 = DIRECTION ( 'NONE',  ( -1.000000000000000000, 0.000000000000000000, 0.000000000000000000 ) ) ;
#4647 = DIRECTION ( 'NONE',  ( 1.000000000000000000, 0.000000000000000000, 0.000000000000000000 ) ) ;
#4648 = FACE_OUTER_BOUND ( 'NONE', #5376, .T. ) ;
#4649 = EDGE_CURVE ( 'NONE', #1014, #3064, #1249, .T. ) ;
#4650 = CARTESIAN_POINT ( 'NONE',  ( -0.5014609352743877313, 3.000000000000000000, 0.1266462391690636735 ) ) ;
#4651 = EDGE_CURVE ( 'NONE', #3675, #5264, #2429, .T. ) ;
#4652 = DIRECTION ( 'NONE',  ( 0.9012599435649698565, 0.000000000000000000, 0.4332787949176226672 ) ) ;
#4653 = VERTEX_POINT ( 'NONE', #2073 ) ;
#4654 = ORIENTED_EDGE ( 'NONE', *, *, #1644, .T. ) ;
#4655 = CIRCLE ( 'NONE', #4897, 0.1499999999999999667 ) ;
#4656 = FACE_OUTER_BOUND ( 'NONE', #2712, .T. ) ;
#4657 = CARTESIAN_POINT ( 'NONE',  ( -0.5014609352743883974, 1.500624570026933613, -0.1277839682243637753 ) ) ;
#4658 = ORIENTED_EDGE ( 'NONE', *, *, #2348, .T. ) ;
#4659 = MECHANICAL_DESIGN_GEOMETRIC_PRESENTATION_REPRESENTATION (  '', ( #4558 ), #1878 ) ;
#4660 = LINE ( 'NONE', #3800, #1309 ) ;
#4661 = EDGE_LOOP ( 'NONE', ( #1129, #2925, #3347, #276 ) ) ;
#4662 = ORIENTED_EDGE ( 'NONE', *, *, #3470, .F. ) ;
#4663 = PLANE ( 'NONE',  #753 ) ;
#4664 = VECTOR ( 'NONE', #4423, 1000.000000000000000 ) ;
#4665 = CARTESIAN_POINT ( 'NONE',  ( -0.5014609352743844006, 3.000000000000000000, -0.8905711100454063445 ) ) ;
#4666 = CARTESIAN_POINT ( 'NONE',  ( -0.7203756730072913284, 3.000000000000000000, 1.715976105977029986 ) ) ;
#4667 = CARTESIAN_POINT ( 'NONE',  ( 3.299999999999998934, 0.1999999999999999833, 1.800000000000000933 ) ) ;
#4668 = VERTEX_POINT ( 'NONE', #5476 ) ;
#4669 = FACE_OUTER_BOUND ( 'NONE', #777, .T. ) ;
#4670 = FACE_OUTER_BOUND ( 'NONE', #2231, .T. ) ;
#4671 = CARTESIAN_POINT ( 'NONE',  ( -0.7030802731876463207, 2.800000000000000266, -1.892730562807720895 ) ) ;
#4672 = ADVANCED_FACE ( 'NONE', ( #410, #346 ), #3838, .F. ) ;
#4673 = CARTESIAN_POINT ( 'NONE',  ( -0.5014609352743845117, 2.799999999999999822, 1.044840171770848203 ) ) ;
#4674 = VECTOR ( 'NONE', #796, 1000.000000000000000 ) ;
#4675 = DIRECTION ( 'NONE',  ( -0.1148585647116543151, 0.000000000000000000, 0.9933818551354655080 ) ) ;
#4676 = CYLINDRICAL_SURFACE ( 'NONE', #5053, 0.5500000000000001554 ) ;
#4677 = CARTESIAN_POINT ( 'NONE',  ( -1.516812141168295991, 1.500624570026933613, 1.321377513534234049 ) ) ;
#4678 = VECTOR ( 'NONE', #2419, 1000.000000000000000 ) ;
#4679 = AXIS2_PLACEMENT_3D ( 'NONE', #842, #3487, #5099 ) ;
#4680 = EDGE_CURVE ( 'NONE', #1009, #1419, #5112, .T. ) ;
#4681 = DIRECTION ( 'NONE',  ( -0.9799725457018959585, 0.000000000000000000, 0.1991326434077181351 ) ) ;
#4682 = SURFACE_STYLE_USAGE ( .BOTH. , #3313 ) ;
#4683 = VECTOR ( 'NONE', #286, 1000.000000000000000 ) ;
#4684 = ORIENTED_EDGE ( 'NONE', *, *, #2455, .T. ) ;
#4685 = EDGE_LOOP ( 'NONE', ( #4180, #2765, #1850, #3679 ) ) ;
#4686 = VECTOR ( 'NONE', #5279, 1000.000000000000000 ) ;
#4687 = LINE ( 'NONE', #4761, #2636 ) ;
#4688 = DIRECTION ( 'NONE',  ( 0.000000000000000000, 1.000000000000000000, 0.000000000000000000 ) ) ;
#4689 = EDGE_LOOP ( 'NONE', ( #3352, #990, #40, #5370 ) ) ;
#4690 = ADVANCED_FACE ( 'NONE', ( #858 ), #3422, .F. ) ;
#4691 = VECTOR ( 'NONE', #3629, 1000.000000000000000 ) ;
#4692 = CARTESIAN_POINT ( 'NONE',  ( -0.6946163660038592313, 2.800000000000000266, 1.278669713583197254 ) ) ;
#4693 = ORIENTED_EDGE ( 'NONE', *, *, #2273, .F. ) ;
#4694 = ORIENTED_EDGE ( 'NONE', *, *, #1068, .T. ) ;
#4695 = CARTESIAN_POINT ( 'NONE',  ( -1.297897403435390506, 3.000000000000000000, 2.092599387584261894 ) ) ;
#4696 = AXIS2_PLACEMENT_3D ( 'NONE', #1269, #1300, #1738 ) ;
#4697 = DIRECTION ( 'NONE',  ( 3.114203467859944772E-15, 0.000000000000000000, 1.000000000000000000 ) ) ;
#4698 = DIRECTION ( 'NONE',  ( 0.000000000000000000, -0.000000000000000000, 1.000000000000000000 ) ) ;
#4699 = ORIENTED_EDGE ( 'NONE', *, *, #2862, .T. ) ;
#4700 = DIRECTION ( 'NONE',  ( 0.000000000000000000, 0.000000000000000000, -1.000000000000000000 ) ) ;
#4701 = CARTESIAN_POINT ( 'NONE',  ( -1.516812141168301542, 1.500624570026933613, -1.574359523006807482 ) ) ;
#4702 = CARTESIAN_POINT ( 'NONE',  ( -1.516812141168301542, 2.800000000000000266, -1.114027395475791771 ) ) ;
#4703 = DIRECTION ( 'NONE',  ( -2.998074750722990778E-15, 0.000000000000000000, -1.000000000000000000 ) ) ;
#4704 = LINE ( 'NONE', #5117, #5485 ) ;
#4705 = CARTESIAN_POINT ( 'NONE',  ( -1.297897403435389396, 2.799999999999999822, 2.137002076460955191 ) ) ;
#4706 = DIRECTION ( 'NONE',  ( -3.145650417479525185E-15, 0.000000000000000000, -1.000000000000000000 ) ) ;
#4707 = CARTESIAN_POINT ( 'NONE',  ( -1.016216495080847881, 2.800000000000000266, 2.156888680854823104 ) ) ;
#4708 = ORIENTED_EDGE ( 'NONE', *, *, #2691, .F. ) ;
#4709 = ORIENTED_EDGE ( 'NONE', *, *, #3827, .T. ) ;
#4710 = CARTESIAN_POINT ( 'NONE',  ( -3.375000000000000444, 0.000000000000000000, -1.499999999999999778 ) ) ;
#4711 = EDGE_CURVE ( 'NONE', #4347, #5446, #3153, .T. ) ;
#4712 = CARTESIAN_POINT ( 'NONE',  ( -0.7203756730073016534, 2.800000000000000266, -1.016940483680808693 ) ) ;
#4713 = ORIENTED_EDGE ( 'NONE', *, *, #3142, .F. ) ;
#4714 = ADVANCED_FACE ( 'NONE', ( #2041 ), #2209, .T. ) ;
#4715 = CARTESIAN_POINT ( 'NONE',  ( -1.316527014741132540, 2.800000000000000266, 1.145459749854739417 ) ) ;
#4716 = ORIENTED_EDGE ( 'NONE', *, *, #2598, .T. ) ;
#4717 = EDGE_CURVE ( 'NONE', #2890, #3061, #555, .T. ) ;
#4718 = ORIENTED_EDGE ( 'NONE', *, *, #451, .T. ) ;
#4719 = CARTESIAN_POINT ( 'NONE',  ( -0.7030802731876376610, 3.000000000000000000, -0.3325628371164328634 ) ) ;
#4720 = CARTESIAN_POINT ( 'NONE',  ( -3.625000000000000000, 0.2500000000000002220, -3.061616997868385483E-17 ) ) ;
#4721 = VECTOR ( 'NONE', #3653, 1000.000000000000000 ) ;
#4722 = EDGE_CURVE ( 'NONE', #204, #1355, #4727, .T. ) ;
#4723 = PLANE ( 'NONE',  #2001 ) ;
#4724 = ORIENTED_EDGE ( 'NONE', *, *, #3681, .T. ) ;
#4725 = DIRECTION ( 'NONE',  ( -0.9799725457018582109, -0.000000000000000000, 0.1991326434079039309 ) ) ;
#4726 = DIRECTION ( 'NONE',  ( 1.000000000000000000, 0.000000000000000000, 1.445602896647339656E-16 ) ) ;
#4727 = LINE ( 'NONE', #2183, #764 ) ;
#4728 = ORIENTED_EDGE ( 'NONE', *, *, #2452, .F. ) ;
#4729 = CARTESIAN_POINT ( 'NONE',  ( -1.468516312424467563, 2.799999999999999822, 0.7499873769576669291 ) ) ;
#4730 = VECTOR ( 'NONE', #1667, 1000.000000000000000 ) ;
#4731 = DIRECTION ( 'NONE',  ( -0.000000000000000000, -1.000000000000000000, -0.000000000000000000 ) ) ;
#4732 = SURFACE_STYLE_FILL_AREA ( #3007 ) ;
#4733 = CARTESIAN_POINT ( 'NONE',  ( 2.750000000000000000, 15.33380951166242845, 2.750000000000000000 ) ) ;
#4734 = CARTESIAN_POINT ( 'NONE',  ( 3.625000000000000000, 1.324999999999999512, -0.3499999999999999223 ) ) ;
#4735 = DIRECTION ( 'NONE',  ( -2.998074750722990384E-15, 0.000000000000000000, -1.000000000000000000 ) ) ;
#4736 = ORIENTED_EDGE ( 'NONE', *, *, #4452, .F. ) ;
#4737 = DIRECTION ( 'NONE',  ( 1.000000000000000000, -0.000000000000000000, -0.000000000000000000 ) ) ;
#4738 = CARTESIAN_POINT ( 'NONE',  ( -1.516812141168301542, 3.000000000000000000, -1.114027395475791771 ) ) ;
#4739 = VERTEX_POINT ( 'NONE', #4277 ) ;
#4740 = ADVANCED_FACE ( 'NONE', ( #3890 ), #80, .F. ) ;
#4741 = CARTESIAN_POINT ( 'NONE',  ( -0.7203756730072962133, 3.000000000000000000, 0.2410686557186573764 ) ) ;
#4742 = ORIENTED_EDGE ( 'NONE', *, *, #4358, .T. ) ;
#4743 = ORIENTED_EDGE ( 'NONE', *, *, #4161, .T. ) ;
#4744 = FACE_OUTER_BOUND ( 'NONE', #2861, .T. ) ;
#4745 = AXIS2_PLACEMENT_3D ( 'NONE', #3959, #3051, #3120 ) ;
#4746 = EDGE_CURVE ( 'NONE', #3640, #1233, #1357, .T. ) ;
#4747 = EDGE_CURVE ( 'NONE', #1702, #435, #4929, .T. ) ;
#4748 = AXIS2_PLACEMENT_3D ( 'NONE', #1793, #5193, #3097 ) ;
#4749 = ORIENTED_EDGE ( 'NONE', *, *, #596, .T. ) ;
#4750 = PLANE ( 'NONE',  #4745 ) ;
#4751 = ORIENTED_EDGE ( 'NONE', *, *, #1169, .F. ) ;
#4752 = EDGE_CURVE ( 'NONE', #4020, #239, #2425, .T. ) ;
#4753 = PLANE ( 'NONE',  #3832 ) ;
#4754 = PRODUCT_CONTEXT ( 'NONE', #3282, 'mechanical' ) ;
#4755 = LINE ( 'NONE', #2582, #1214 ) ;
#4756 = CARTESIAN_POINT ( 'NONE',  ( -2.499999999999999112, 2.949999999999999734, 2.649999999999999467 ) ) ;
#4757 = DIRECTION ( 'NONE',  ( 0.000000000000000000, 1.000000000000000000, 0.000000000000000000 ) ) ;
#4758 = LINE ( 'NONE', #5200, #2642 ) ;
#4759 = SURFACE_STYLE_USAGE ( .BOTH. , #3902 ) ;
#4760 = ORIENTED_EDGE ( 'NONE', *, *, #2281, .F. ) ;
#4761 = CARTESIAN_POINT ( 'NONE',  ( -0.5014609352743963910, 2.799999999999999822, -1.687951693915624496 ) ) ;
#4762 = PRESENTATION_LAYER_ASSIGNMENT (  '', '', ( #494 ) ) ;
#4763 = DIRECTION ( 'NONE',  ( 1.000000000000000000, 0.000000000000000000, -6.409502211720184684E-15 ) ) ;
#4764 = ORIENTED_EDGE ( 'NONE', *, *, #1446, .F. ) ;
#4765 = VECTOR ( 'NONE', #4853, 1000.000000000000000 ) ;
#4766 = VECTOR ( 'NONE', #570, 1000.000000000000000 ) ;
#4767 = CARTESIAN_POINT ( 'NONE',  ( -1.471289618912902997, 2.800000000000000266, -0.4337222961802887911 ) ) ;
#4768 = EDGE_LOOP ( 'NONE', ( #4441, #3356, #3737, #1565, #1876, #5048, #2208, #3927 ) ) ;
#4769 = DIRECTION ( 'NONE',  ( 1.000000000000000000, 0.000000000000000000, -2.998074750722990384E-15 ) ) ;
#4770 = VECTOR ( 'NONE', #2526, 1000.000000000000000 ) ;
#4771 = VECTOR ( 'NONE', #4933, 1000.000000000000000 ) ;
#4772 = CIRCLE ( 'NONE', #2902, 0.2500000000000000000 ) ;
#4773 = ORIENTED_EDGE ( 'NONE', *, *, #295, .F. ) ;
#4774 = EDGE_CURVE ( 'NONE', #425, #2662, #5381, .T. ) ;
#4775 = DIRECTION ( 'NONE',  ( -6.409502211720185473E-15, -0.000000000000000000, -1.000000000000000000 ) ) ;
#4776 = ORIENTED_EDGE ( 'NONE', *, *, #4799, .F. ) ;
#4777 = ADVANCED_FACE ( 'NONE', ( #3296 ), #4093, .F. ) ;
#4778 = LINE ( 'NONE', #4329, #5074 ) ;
#4779 = AXIS2_PLACEMENT_3D ( 'NONE', #60, #3507, #3485 ) ;
#4780 = DIRECTION ( 'NONE',  ( 0.000000000000000000, 0.000000000000000000, -1.000000000000000000 ) ) ;
#4781 = ADVANCED_FACE ( 'NONE', ( #226 ), #1095, .T. ) ;
#4782 = DIRECTION ( 'NONE',  ( -0.000000000000000000, 1.000000000000000000, -0.000000000000000000 ) ) ;
#4783 = DIRECTION ( 'NONE',  ( 0.000000000000000000, 0.000000000000000000, 1.000000000000000000 ) ) ;
#4784 = CARTESIAN_POINT ( 'NONE',  ( -1.298062317535383370, 2.800000000000000266, 0.1254717406449373518 ) ) ;
#4785 = EDGE_LOOP ( 'NONE', ( #5070, #1077, #1885, #2070, #4814, #3515, #880, #809 ) ) ;
#4786 = CARTESIAN_POINT ( 'NONE',  ( -1.016216495080847881, 2.800000000000000266, 2.156888680854823104 ) ) ;
#4787 = EDGE_CURVE ( 'NONE', #3192, #2954, #2008, .T. ) ;
#4788 = LINE ( 'NONE', #4829, #3958 ) ;
#4789 = EDGE_LOOP ( 'NONE', ( #2302, #69, #1041, #2563 ) ) ;
#4790 = CARTESIAN_POINT ( 'NONE',  ( -1.516812141168295991, 2.800000000000000266, 0.6402039898684432906 ) ) ;
#4791 = CARTESIAN_POINT ( 'NONE',  ( -0.7203756730073019865, 1.500624570026933613, -1.072873669122563545 ) ) ;
#4792 = VERTEX_POINT ( 'NONE', #2370 ) ;
#4793 = CARTESIAN_POINT ( 'NONE',  ( -0.5014609352743877313, 2.799999999999999822, 0.1266462391690636735 ) ) ;
#4794 = B_SPLINE_CURVE_WITH_KNOTS ( 'NONE', 3,
 ( #5087, #1632, #2522, #3369, #315 ),
 .UNSPECIFIED., .F., .F.,
 ( 4, 1, 4 ),
 ( 0.000000000000000000, 0.5178533069596279459, 1.000000000000000000 ),
 .UNSPECIFIED. ) ;
#4795 = ORIENTED_EDGE ( 'NONE', *, *, #2336, .F. ) ;
#4796 = CARTESIAN_POINT ( 'NONE',  ( -0.7203756730073019865, 1.500624570026933613, -1.490650677083057429 ) ) ;
#4797 = ADVANCED_FACE ( 'NONE', ( #1070 ), #252, .F. ) ;
#4798 = ORIENTED_EDGE ( 'NONE', *, *, #451, .F. ) ;
#4799 = EDGE_CURVE ( 'NONE', #3942, #560, #1950, .T. ) ;
#4800 = CARTESIAN_POINT ( 'NONE',  ( -1.452481564268863767, 2.799999999999999822, -2.145002150890730874 ) ) ;
#4801 =( NAMED_UNIT ( * ) SI_UNIT ( $, .STERADIAN. ) SOLID_ANGLE_UNIT ( ) );
#4802 = CARTESIAN_POINT ( 'NONE',  ( -0.5014609352743879533, 2.800000000000000266, 0.03252077422767544329 ) ) ;
#4803 = LINE ( 'NONE', #5177, #427 ) ;
#4804 = EDGE_CURVE ( 'NONE', #182, #5083, #3604, .T. ) ;
#4805 = VERTEX_POINT ( 'NONE', #5294 ) ;
#4806 = EDGE_CURVE ( 'NONE', #359, #3192, #5036, .T. ) ;
#4807 = DIRECTION ( 'NONE',  ( 0.000000000000000000, -3.771137991253928573E-16, -1.000000000000000000 ) ) ;
#4808 = DIRECTION ( 'NONE',  ( -0.000000000000000000, 1.000000000000000000, -0.000000000000000000 ) ) ;
#4809 = VERTEX_POINT ( 'NONE', #1128 ) ;
#4810 = ADVANCED_FACE ( 'NONE', ( #1574 ), #1183, .T. ) ;
#4811 = LINE ( 'NONE', #138, #5207 ) ;
#4812 = LINE ( 'NONE', #4835, #2804 ) ;
#4813 = DIRECTION ( 'NONE',  ( 0.000000000000000000, 0.000000000000000000, -1.000000000000000000 ) ) ;
#4814 = ORIENTED_EDGE ( 'NONE', *, *, #2345, .F. ) ;
#4815 = ORIENTED_EDGE ( 'NONE', *, *, #2392, .F. ) ;
#4816 = STYLED_ITEM ( 'NONE', ( #4100 ), #658 ) ;
#4817 = LINE ( 'NONE', #2675, #3054 ) ;
#4818 = ORIENTED_EDGE ( 'NONE', *, *, #2273, .T. ) ;
#4819 = DIRECTION ( 'NONE',  ( 1.000000000000000000, -0.000000000000000000, -0.000000000000000000 ) ) ;
#4820 = AXIS2_PLACEMENT_3D ( 'NONE', #2521, #4301, #409 ) ;
#4821 = ORIENTED_EDGE ( 'NONE', *, *, #4893, .T. ) ;
#4822 = LINE ( 'NONE', #2427, #4221 ) ;
#4823 = CARTESIAN_POINT ( 'NONE',  ( -0.5014609352743963910, 1.500624570026933613, -2.338251699174043186 ) ) ;
#4824 = ADVANCED_FACE ( 'NONE', ( #342 ), #525, .F. ) ;
#4825 = CARTESIAN_POINT ( 'NONE',  ( -1.436486009294027477, 3.000000000000000000, -0.5061170212600999418 ) ) ;
#4826 = FILL_AREA_STYLE ('',( #2661 ) ) ;
#4827 = ORIENTED_EDGE ( 'NONE', *, *, #5016, .F. ) ;
#4828 = CARTESIAN_POINT ( 'NONE',  ( -1.299999999999998712, 0.1999999999999999833, -1.799999999999999822 ) ) ;
#4829 = CARTESIAN_POINT ( 'NONE',  ( -0.7030802731876385492, 2.800000000000000266, -0.5707348101209713809 ) ) ;
#4830 = ADVANCED_FACE ( 'NONE', ( #5322 ), #1598, .T. ) ;
#4831 = ORIENTED_EDGE ( 'NONE', *, *, #800, .F. ) ;
#4832 = CARTESIAN_POINT ( 'NONE',  ( -1.516812141168289552, 2.800000000000000266, 2.189085684373399676 ) ) ;
#4833 = MECHANICAL_DESIGN_GEOMETRIC_PRESENTATION_REPRESENTATION (  '', ( #494 ), #1557 ) ;
#4834 = ORIENTED_EDGE ( 'NONE', *, *, #2053, .F. ) ;
#4835 = CARTESIAN_POINT ( 'NONE',  ( -1.516812141168301542, 2.800000000000000266, -1.574359523006807482 ) ) ;
#4836 = CARTESIAN_POINT ( 'NONE',  ( -0.5014609352743963910, 3.000000000000000000, -1.795802496286066807 ) ) ;
#4837 = EDGE_CURVE ( 'NONE', #1399, #3942, #2456, .T. ) ;
#4838 = ORIENTED_EDGE ( 'NONE', *, *, #2452, .T. ) ;
#4839 = STYLED_ITEM ( 'NONE', ( #548 ), #3287 ) ;
#4840 = AXIS2_PLACEMENT_3D ( 'NONE', #4385, #3976, #582 ) ;
#4841 = ORIENTED_EDGE ( 'NONE', *, *, #761, .T. ) ;
#4842 = VECTOR ( 'NONE', #3621, 1000.000000000000000 ) ;
#4843 = AXIS2_PLACEMENT_3D ( 'NONE', #4067, #4486, #644 ) ;
#4844 = CARTESIAN_POINT ( 'NONE',  ( -0.7203756730072962133, 2.800000000000000266, 0.2410686557186573764 ) ) ;
#4845 = ORIENTED_EDGE ( 'NONE', *, *, #527, .T. ) ;
#4846 = CARTESIAN_POINT ( 'NONE',  ( -1.420324101705678466, 2.800000000000000266, 1.630051982180146464 ) ) ;
#4847 = VECTOR ( 'NONE', #1739, 1000.000000000000000 ) ;
#4848 = ORIENTED_EDGE ( 'NONE', *, *, #5079, .T. ) ;
#4849 = DIRECTION ( 'NONE',  ( 0.000000000000000000, 1.000000000000000000, 0.000000000000000000 ) ) ;
#4850 = DIRECTION ( 'NONE',  ( -0.000000000000000000, 3.771137991253928573E-16, 1.000000000000000000 ) ) ;
#4851 = CARTESIAN_POINT ( 'NONE',  ( -3.299999999999998934, 15.33380951166242845, -2.750000000000000000 ) ) ;
#4852 = PLANE ( 'NONE',  #2200 ) ;
#4853 = DIRECTION ( 'NONE',  ( 0.000000000000000000, 1.000000000000000000, -3.614007241618349264E-16 ) ) ;
#4854 = ORIENTED_EDGE ( 'NONE', *, *, #1471, .F. ) ;
#4855 = DIRECTION ( 'NONE',  ( 1.000000000000000000, 0.000000000000000000, 3.252606517456512316E-16 ) ) ;
#4856 = DIRECTION ( 'NONE',  ( 0.000000000000000000, -1.000000000000000000, 3.614007241618349264E-16 ) ) ;
#4857 = AXIS2_PLACEMENT_3D ( 'NONE', #2906, #1154, #4610 ) ;
#4858 = VECTOR ( 'NONE', #775, 1000.000000000000000 ) ;
#4859 = VERTEX_POINT ( 'NONE', #5082 ) ;
#4860 = ADVANCED_FACE ( 'NONE', ( #5056 ), #1332, .T. ) ;
#4861 = CARTESIAN_POINT ( 'NONE',  ( -0.9860331462041350692, 3.000000000000000000, -0.05298655982231909034 ) ) ;
#4862 = DIRECTION ( 'NONE',  ( 0.9914039068059095072, 0.000000000000000000, -0.1308368968218802664 ) ) ;
#4863 = DIRECTION ( 'NONE',  ( 0.000000000000000000, -1.000000000000000000, 0.000000000000000000 ) ) ;
#4864 = EDGE_CURVE ( 'NONE', #661, #5230, #3834, .T. ) ;
#4865 = ORIENTED_EDGE ( 'NONE', *, *, #3650, .T. ) ;
#4866 = EDGE_CURVE ( 'NONE', #4630, #3119, #3448, .T. ) ;
#4867 = ORIENTED_EDGE ( 'NONE', *, *, #2286, .F. ) ;
#4868 = CARTESIAN_POINT ( 'NONE',  ( 3.299999999999998934, 1.574999999999999956, 1.500000000000000000 ) ) ;
#4869 = VERTEX_POINT ( 'NONE', #5022 ) ;
#4870 = LINE ( 'NONE', #224, #902 ) ;
#4871 = EDGE_CURVE ( 'NONE', #3186, #5491, #4611, .T. ) ;
#4872 = CARTESIAN_POINT ( 'NONE',  ( -2.749999999999999112, 0.1499999999999999944, -2.750000000000000000 ) ) ;
#4873 = ORIENTED_EDGE ( 'NONE', *, *, #5153, .T. ) ;
#4874 = CARTESIAN_POINT ( 'NONE',  ( -1.297897403435392061, 3.000000000000000000, 1.655276126151046245 ) ) ;
#4875 = FACE_OUTER_BOUND ( 'NONE', #4147, .T. ) ;
#4876 = CARTESIAN_POINT ( 'NONE',  ( -0.7203756730072913284, 2.799999999999999822, 1.715976105977029986 ) ) ;
#4877 = LINE ( 'NONE', #2315, #1919 ) ;
#4878 = FACE_OUTER_BOUND ( 'NONE', #2716, .T. ) ;
#4879 = ORIENTED_EDGE ( 'NONE', *, *, #3575, .F. ) ;
#4880 = DIRECTION ( 'NONE',  ( 0.000000000000000000, 0.000000000000000000, 1.000000000000000000 ) ) ;
#4881 = LINE ( 'NONE', #1672, #759 ) ;
#4882 = ORIENTED_EDGE ( 'NONE', *, *, #4938, .T. ) ;
#4883 = FACE_OUTER_BOUND ( 'NONE', #2443, .T. ) ;
#4884 = VERTEX_POINT ( 'NONE', #4638 ) ;
#4885 = DIRECTION ( 'NONE',  ( 0.000000000000000000, 0.000000000000000000, 1.000000000000000000 ) ) ;
#4886 = LINE ( 'NONE', #774, #951 ) ;
#4887 = ORIENTED_EDGE ( 'NONE', *, *, #4643, .T. ) ;
#4888 = EDGE_CURVE ( 'NONE', #3545, #1581, #3774, .T. ) ;
#4889 = DIRECTION ( 'NONE',  ( 1.000000000000000000, -0.000000000000000000, 1.204669080539449344E-16 ) ) ;
#4890 = ORIENTED_EDGE ( 'NONE', *, *, #1751, .T. ) ;
#4891 = ORIENTED_EDGE ( 'NONE', *, *, #3527, .T. ) ;
#4892 = LINE ( 'NONE', #2333, #1633 ) ;
#4893 = EDGE_CURVE ( 'NONE', #3607, #5101, #823, .T. ) ;
#4894 = ORIENTED_EDGE ( 'NONE', *, *, #4651, .F. ) ;
#4895 = CARTESIAN_POINT ( 'NONE',  ( -0.5014609352743933934, 3.000000000000000000, -1.467641810985258921 ) ) ;
#4896 = EDGE_CURVE ( 'NONE', #4809, #5423, #3418, .T. ) ;
#4897 = AXIS2_PLACEMENT_3D ( 'NONE', #321, #4498, #689 ) ;
#4898 = DIRECTION ( 'NONE',  ( 0.000000000000000000, 1.000000000000000000, -0.000000000000000000 ) ) ;
#4899 = ORIENTED_EDGE ( 'NONE', *, *, #3893, .F. ) ;
#4900 = CARTESIAN_POINT ( 'NONE',  ( 3.375000000000000444, 0.000000000000000000, -1.499999999999999778 ) ) ;
#4901 = LINE ( 'NONE', #1926, #5188 ) ;
#4902 = CARTESIAN_POINT ( 'NONE',  ( -0.5014609352743887305, 3.000000000000000000, -0.2356347705948078353 ) ) ;
#4903 = ADVANCED_FACE ( 'NONE', ( #5471 ), #4723, .F. ) ;
#4904 = VECTOR ( 'NONE', #5325, 1000.000000000000114 ) ;
#4905 = DIRECTION ( 'NONE',  ( 0.9012599435649200075, 0.000000000000000000, 0.4332787949177262510 ) ) ;
#4906 = SURFACE_STYLE_USAGE ( .BOTH. , #4073 ) ;
#4907 = ORIENTED_EDGE ( 'NONE', *, *, #4866, .T. ) ;
#4908 = VECTOR ( 'NONE', #4450, 1000.000000000000000 ) ;
#4909 = CARTESIAN_POINT ( 'NONE',  ( -0.5014609352743857329, 2.799999999999999822, 0.7578392147479485752 ) ) ;
#4910 = DIRECTION ( 'NONE',  ( -0.000000000000000000, 1.000000000000000000, -0.000000000000000000 ) ) ;
#4911 = DIRECTION ( 'NONE',  ( 0.9012599435649200075, -0.000000000000000000, 0.4332787949177262510 ) ) ;
#4912 = VERTEX_POINT ( 'NONE', #4249 ) ;
#4913 = CARTESIAN_POINT ( 'NONE',  ( -0.7030802731876463207, 2.799999999999999822, -2.130902535812262411 ) ) ;
#4914 = ORIENTED_EDGE ( 'NONE', *, *, #724, .F. ) ;
#4915 = PRESENTATION_STYLE_ASSIGNMENT (( #5337 ) ) ;
#4916 = ORIENTED_EDGE ( 'NONE', *, *, #5497, .F. ) ;
#4917 = VECTOR ( 'NONE', #1630, 1000.000000000000000 ) ;
#4918 = CARTESIAN_POINT ( 'NONE',  ( 2.750000000000000000, 2.999999999999999112, -2.750000000000000000 ) ) ;
#4919 = ORIENTED_EDGE ( 'NONE', *, *, #1871, .F. ) ;
#4920 = ORIENTED_EDGE ( 'NONE', *, *, #3076, .F. ) ;
#4921 = CARTESIAN_POINT ( 'NONE',  ( -0.7203756730073019865, 3.000000000000000000, -1.490650677083057429 ) ) ;
#4922 = LINE ( 'NONE', #302, #931 ) ;
#4923 = AXIS2_PLACEMENT_3D ( 'NONE', #4707, #5490, #1700 ) ;
#4924 = AXIS2_PLACEMENT_3D ( 'NONE', #5203, #1703, #5158 ) ;
#4925 = ORIENTED_EDGE ( 'NONE', *, *, #349, .T. ) ;
#4926 = DIRECTION ( 'NONE',  ( 0.000000000000000000, 1.000000000000000000, 0.000000000000000000 ) ) ;
#4927 = VECTOR ( 'NONE', #1161, 1000.000000000000000 ) ;
#4928 = EDGE_CURVE ( 'NONE', #1009, #2056, #2907, .T. ) ;
#4929 = LINE ( 'NONE', #2037, #2103 ) ;
#4930 = VERTEX_POINT ( 'NONE', #3025 ) ;
#4931 = CARTESIAN_POINT ( 'NONE',  ( -0.6946163660038592313, 3.000000000000000000, 1.278669713583197254 ) ) ;
#4932 = DIRECTION ( 'NONE',  ( 0.000000000000000000, -0.000000000000000000, -1.000000000000000000 ) ) ;
#4933 = DIRECTION ( 'NONE',  ( -0.000000000000000000, -0.000000000000000000, 1.000000000000000000 ) ) ;
#4934 = EDGE_CURVE ( 'NONE', #1405, #2931, #1628, .T. ) ;
#4935 = VECTOR ( 'NONE', #2138, 1000.000000000000114 ) ;
#4936 = AXIS2_PLACEMENT_3D ( 'NONE', #4575, #765, #1512 ) ;
#4937 = CARTESIAN_POINT ( 'NONE',  ( -0.7030802731876385492, 3.000000000000000000, -0.5707348101209713809 ) ) ;
#4938 = EDGE_CURVE ( 'NONE', #5446, #3708, #2486, .T. ) ;
#4939 =( LENGTH_UNIT ( ) NAMED_UNIT ( * ) SI_UNIT ( .MILLI., .METRE. ) );
#4940 = ORIENTED_EDGE ( 'NONE', *, *, #2097, .T. ) ;
#4941 = DIRECTION ( 'NONE',  ( 0.000000000000000000, 0.000000000000000000, -1.000000000000000000 ) ) ;
#4942 = DIRECTION ( 'NONE',  ( -1.000000000000000000, 0.000000000000000000, 3.641745613669981759E-15 ) ) ;
#4943 = CARTESIAN_POINT ( 'NONE',  ( -1.516812141168289774, 2.799999999999999822, 1.632267260053192892 ) ) ;
#4944 = VERTEX_POINT ( 'NONE', #2069 ) ;
#4945 = EDGE_CURVE ( 'NONE', #2244, #5101, #4298, .T. ) ;
#4946 = LINE ( 'NONE', #264, #576 ) ;
#4947 = VERTEX_POINT ( 'NONE', #1245 ) ;
#4948 = CARTESIAN_POINT ( 'NONE',  ( -0.5014609352743963910, 2.799999999999999822, -1.795802496286066807 ) ) ;
#4949 = VECTOR ( 'NONE', #1597, 1000.000000000000000 ) ;
#4950 = ORIENTED_EDGE ( 'NONE', *, *, #4559, .T. ) ;
#4951 = B_SPLINE_CURVE_WITH_KNOTS ( 'NONE', 3,
 ( #950, #528, #62, #2238, #3130 ),
 .UNSPECIFIED., .F., .F.,
 ( 4, 1, 4 ),
 ( 0.000000000000000000, 0.4877098465503992841, 1.000000000000000000 ),
 .UNSPECIFIED. ) ;
#4952 = CARTESIAN_POINT ( 'NONE',  ( -0.9860331462041350692, 2.799999999999999822, -0.05298655982231909034 ) ) ;
#4953 = VERTEX_POINT ( 'NONE', #5108 ) ;
#4954 = EDGE_LOOP ( 'NONE', ( #5369, #4031, #2690, #5295, #4848, #3540, #3383, #1291, #3724, #2368 ) ) ;
#4955 = DIRECTION ( 'NONE',  ( -0.9945218953682907204, 0.000000000000000000, -0.1045284632674874092 ) ) ;
#4956 = CARTESIAN_POINT ( 'NONE',  ( 2.024999999999999911, 0.2000000000000000944, 1.499999999999999556 ) ) ;
#4957 = VERTEX_POINT ( 'NONE', #2575 ) ;
#4958 = DIRECTION ( 'NONE',  ( -0.000000000000000000, 0.000000000000000000, -1.000000000000000000 ) ) ;
#4959 = B_SPLINE_CURVE_WITH_KNOTS ( 'NONE', 3,
 ( #801, #5062, #4617, #2042, #2110 ),
 .UNSPECIFIED., .F., .F.,
 ( 4, 1, 4 ),
 ( 0.000000000000000000, 0.5178533069596279459, 1.000000000000000000 ),
 .UNSPECIFIED. ) ;
#4960 = DIRECTION ( 'NONE',  ( 0.1045284632678824543, 0.000000000000000000, -0.9945218953682494201 ) ) ;
#4961 = ORIENTED_EDGE ( 'NONE', *, *, #2745, .T. ) ;
#4962 = CARTESIAN_POINT ( 'NONE',  ( -3.375000000000000444, 1.574999999999999512, 0.3500000000000000333 ) ) ;
#4963 = CARTESIAN_POINT ( 'NONE',  ( -1.516812141168295991, 3.000000000000000000, 0.6402039898684432906 ) ) ;
#4964 = LINE ( 'NONE', #2818, #2709 ) ;
#4965 = EDGE_CURVE ( 'NONE', #3266, #152, #1278, .T. ) ;
#4966 = DIRECTION ( 'NONE',  ( 0.000000000000000000, 0.000000000000000000, 1.000000000000000000 ) ) ;
#4967 = ADVANCED_FACE ( 'NONE', ( #2518 ), #4215, .F. ) ;
#4968 = CARTESIAN_POINT ( 'NONE',  ( -0.5014609352743845117, 2.800000000000000266, 1.738984972074796298 ) ) ;
#4969 = EDGE_LOOP ( 'NONE', ( #5042, #3491, #2474, #2620 ) ) ;
#4970 = PLANE ( 'NONE',  #4997 ) ;
#4971 = CARTESIAN_POINT ( 'NONE',  ( 3.625000000000000000, 0.2500000000000001665, -3.061616997868384867E-17 ) ) ;
#4972 = PLANE ( 'NONE',  #5208 ) ;
#4973 = B_SPLINE_CURVE_WITH_KNOTS ( 'NONE', 3,
 ( #2191, #1312, #84, #523, #1671 ),
 .UNSPECIFIED., .F., .F.,
 ( 4, 1, 4 ),
 ( 0.000000000000000000, 0.4877098465503992841, 1.000000000000000000 ),
 .UNSPECIFIED. ) ;
#4974 = ORIENTED_EDGE ( 'NONE', *, *, #488, .F. ) ;
#4975 = EDGE_CURVE ( 'NONE', #2604, #1662, #261, .T. ) ;
#4976 = AXIS2_PLACEMENT_3D ( 'NONE', #2849, #1983, #1604 ) ;
#4977 = CARTESIAN_POINT ( 'NONE',  ( 0.000000000000000000, 0.1999999999999999833, 0.000000000000000000 ) ) ;
#4978 = EDGE_CURVE ( 'NONE', #4443, #1009, #2802, .T. ) ;
#4979 = DIRECTION ( 'NONE',  ( 0.000000000000000000, 1.000000000000000000, 0.000000000000000000 ) ) ;
#4980 = ORIENTED_EDGE ( 'NONE', *, *, #3794, .T. ) ;
#4981 = CLOSED_SHELL ( 'NONE', ( #1098, #5461, #1647, #4714, #1807, #43, #3580, #3907, #197, #3403 ) ) ;
#4982 = VERTEX_POINT ( 'NONE', #5310 ) ;
#4983 = EDGE_CURVE ( 'NONE', #3920, #1348, #242, .T. ) ;
#4984 = CARTESIAN_POINT ( 'NONE',  ( -0.5014609352743876203, 2.999999999999999556, 0.2063718723066464145 ) ) ;
#4985 = ORIENTED_EDGE ( 'NONE', *, *, #4449, .T. ) ;
#4986 = ORIENTED_EDGE ( 'NONE', *, *, #875, .T. ) ;
#4987 = LINE ( 'NONE', #729, #853 ) ;
#4988 = CARTESIAN_POINT ( 'NONE',  ( -1.297897403435390506, 2.800000000000000266, 2.092599387584261894 ) ) ;
#4989 = DIRECTION ( 'NONE',  ( -0.9012599435649698565, 0.000000000000000000, -0.4332787949176226117 ) ) ;
#4990 = CARTESIAN_POINT ( 'NONE',  ( -1.169744343679370191, 2.799999999999999822, -0.5091485298750201283 ) ) ;
#4991 = DIRECTION ( 'NONE',  ( -0.000000000000000000, 0.000000000000000000, -1.000000000000000000 ) ) ;
#4992 = ORIENTED_EDGE ( 'NONE', *, *, #3554, .T. ) ;
#4993 = LINE ( 'NONE', #4546, #417 ) ;
#4994 = LINE ( 'NONE', #1981, #1089 ) ;
#4995 = DIRECTION ( 'NONE',  ( 0.000000000000000000, -1.000000000000000000, 0.000000000000000000 ) ) ;
#4996 = CARTESIAN_POINT ( 'NONE',  ( -0.5014609352743845117, 3.000000000000000000, 1.044840171770848203 ) ) ;
#4997 = AXIS2_PLACEMENT_3D ( 'NONE', #773, #4941, #381 ) ;
#4998 = DIRECTION ( 'NONE',  ( 0.000000000000000000, 1.000000000000000000, 0.000000000000000000 ) ) ;
#4999 = ORIENTED_EDGE ( 'NONE', *, *, #4645, .T. ) ;
#5000 = FACE_OUTER_BOUND ( 'NONE', #3826, .T. ) ;
#5001 = EDGE_CURVE ( 'NONE', #204, #5423, #3591, .T. ) ;
#5002 = CARTESIAN_POINT ( 'NONE',  ( -1.452481564268863767, 2.799999999999999822, -2.145002150890730874 ) ) ;
#5003 = CARTESIAN_POINT ( 'NONE',  ( -2.024999999999999911, 0.000000000000000000, 1.499999999999999556 ) ) ;
#5004 = LINE ( 'NONE', #4823, #1303 ) ;
#5005 = CIRCLE ( 'NONE', #1966, 0.5500000000000001554 ) ;
#5006 = AXIS2_PLACEMENT_3D ( 'NONE', #2911, #3204, #1544 ) ;
#5007 = VERTEX_POINT ( 'NONE', #1525 ) ;
#5008 = DIRECTION ( 'NONE',  ( 0.000000000000000000, -0.000000000000000000, -1.000000000000000000 ) ) ;
#5009 = VECTOR ( 'NONE', #1152, 1000.000000000000000 ) ;
#5010 = DIRECTION ( 'NONE',  ( 0.000000000000000000, 1.000000000000000000, -3.614007241618349264E-16 ) ) ;
#5011 = ORIENTED_EDGE ( 'NONE', *, *, #2565, .T. ) ;
#5012 = EDGE_CURVE ( 'NONE', #1948, #1108, #1059, .T. ) ;
#5013 = ORIENTED_EDGE ( 'NONE', *, *, #1844, .T. ) ;
#5014 = CARTESIAN_POINT ( 'NONE',  ( 1.299999999999999156, 0.1499999999999999944, 1.800000000000000488 ) ) ;
#5015 = ORIENTED_EDGE ( 'NONE', *, *, #1905, .T. ) ;
#5016 = EDGE_CURVE ( 'NONE', #420, #5491, #4471, .T. ) ;
#5017 = EDGE_LOOP ( 'NONE', ( #1763, #541, #3693, #629 ) ) ;
#5018 = LINE ( 'NONE', #1179, #4678 ) ;
#5019 = CARTESIAN_POINT ( 'NONE',  ( -1.297897403435396724, 3.000000000000000000, 0.1801529508449854489 ) ) ;
#5020 = LINE ( 'NONE', #3294, #2842 ) ;
#5021 = FACE_OUTER_BOUND ( 'NONE', #1080, .T. ) ;
#5022 = CARTESIAN_POINT ( 'NONE',  ( -1.516812141168295991, 2.800000000000000266, 0.6402039898684432906 ) ) ;
#5023 = AXIS2_PLACEMENT_3D ( 'NONE', #3836, #1304, #4700 ) ;
#5024 = ORIENTED_EDGE ( 'NONE', *, *, #4608, .F. ) ;
#5025 = CARTESIAN_POINT ( 'NONE',  ( -3.375000000000000444, 1.324999999999999512, 0.3500000000000000333 ) ) ;
#5026 = DIRECTION ( 'NONE',  ( 3.641745613669981759E-15, 0.000000000000000000, 1.000000000000000000 ) ) ;
#5027 = DIRECTION ( 'NONE',  ( 0.1045284632678824405, 0.000000000000000000, -0.9945218953682493090 ) ) ;
#5028 = VECTOR ( 'NONE', #1518, 1000.000000000000000 ) ;
#5029 = CARTESIAN_POINT ( 'NONE',  ( -1.514674049439726389, 3.000000000000000000, 1.417784605377300444 ) ) ;
#5030 = VERTEX_POINT ( 'NONE', #213 ) ;
#5031 = FACE_OUTER_BOUND ( 'NONE', #97, .T. ) ;
#5032 = DIRECTION ( 'NONE',  ( -0.000000000000000000, 1.000000000000000000, -0.000000000000000000 ) ) ;
#5033 = CARTESIAN_POINT ( 'NONE',  ( -1.516812141168301542, 2.799999999999999822, -1.574359523006807482 ) ) ;
#5034 = FACE_OUTER_BOUND ( 'NONE', #5390, .T. ) ;
#5035 = VECTOR ( 'NONE', #4013, 1000.000000000000000 ) ;
#5036 = CIRCLE ( 'NONE', #418, 0.08032613187426035362 ) ;
#5037 = ORIENTED_EDGE ( 'NONE', *, *, #3168, .F. ) ;
#5038 = DIRECTION ( 'NONE',  ( 0.000000000000000000, 0.000000000000000000, 1.000000000000000000 ) ) ;
#5039 = AXIS2_PLACEMENT_3D ( 'NONE', #4341, #91, #2169 ) ;
#5040 = CARTESIAN_POINT ( 'NONE',  ( -1.165886843973377607, 2.799999999999999822, -0.4799186996672197836 ) ) ;
#5041 = VERTEX_POINT ( 'NONE', #3163 ) ;
#5042 = ORIENTED_EDGE ( 'NONE', *, *, #2571, .F. ) ;
#5043 = CARTESIAN_POINT ( 'NONE',  ( -0.7203756730073016534, 3.000000000000000000, -1.016940483680808693 ) ) ;
#5044 = ORIENTED_EDGE ( 'NONE', *, *, #3136, .F. ) ;
#5045 = EDGE_CURVE ( 'NONE', #755, #1505, #3115, .T. ) ;
#5046 = AXIS2_PLACEMENT_3D ( 'NONE', #2760, #2374, #2710 ) ;
#5047 = DIRECTION ( 'NONE',  ( 1.000000000000000000, 0.000000000000000000, -2.998074750722991173E-15 ) ) ;
#5048 = ORIENTED_EDGE ( 'NONE', *, *, #1694, .F. ) ;
#5049 = EDGE_CURVE ( 'NONE', #1505, #1147, #2742, .T. ) ;
#5050 = ORIENTED_EDGE ( 'NONE', *, *, #554, .T. ) ;
#5051 = DIRECTION ( 'NONE',  ( 1.000000000000000000, 0.000000000000000000, -0.000000000000000000 ) ) ;
#5052 = CARTESIAN_POINT ( 'NONE',  ( -1.516812141168301542, 3.000000000000000000, -1.114027395475791771 ) ) ;
#5053 = AXIS2_PLACEMENT_3D ( 'NONE', #862, #441, #2162 ) ;
#5054 = EDGE_CURVE ( 'NONE', #1053, #5495, #5450, .T. ) ;
#5055 = LINE ( 'NONE', #4990, #3002 ) ;
#5056 = FACE_OUTER_BOUND ( 'NONE', #1495, .T. ) ;
#5057 = ORIENTED_EDGE ( 'NONE', *, *, #5339, .F. ) ;
#5058 = DIRECTION ( 'NONE',  ( -0.000000000000000000, -1.000000000000000000, -0.000000000000000000 ) ) ;
#5059 = CARTESIAN_POINT ( 'NONE',  ( -7.013307099422956270, 1.274999999999999689, -0.3499999999999999223 ) ) ;
#5060 = LINE ( 'NONE', #799, #4136 ) ;
#5061 = EDGE_CURVE ( 'NONE', #3607, #4106, #4812, .T. ) ;
#5062 = CARTESIAN_POINT ( 'NONE',  ( -1.516812141168289552, 2.799999999999999822, 2.189085684373399676 ) ) ;
#5063 = EDGE_LOOP ( 'NONE', ( #4216, #2730, #3909, #1425 ) ) ;
#5064 = DIRECTION ( 'NONE',  ( -0.000000000000000000, 1.000000000000000000, -0.000000000000000000 ) ) ;
#5065 = FACE_OUTER_BOUND ( 'NONE', #491, .T. ) ;
#5066 = CARTESIAN_POINT ( 'NONE',  ( -1.297897403435402275, 1.500624570026933613, -1.114027395475791771 ) ) ;
#5067 = DIRECTION ( 'NONE',  ( 0.9914039068059095072, -0.000000000000000000, -0.1308368968218802664 ) ) ;
#5068 = CARTESIAN_POINT ( 'NONE',  ( 3.299999999999999822, 0.1499999999999999944, 2.750000000000000000 ) ) ;
#5069 = ORIENTED_EDGE ( 'NONE', *, *, #1864, .T. ) ;
#5070 = ORIENTED_EDGE ( 'NONE', *, *, #5061, .F. ) ;
#5071 = PRESENTATION_STYLE_ASSIGNMENT (( #5459 ) ) ;
#5072 = CARTESIAN_POINT ( 'NONE',  ( -1.297897403435402275, 2.800000000000000266, -1.114027395475791771 ) ) ;
#5073 = ORIENTED_EDGE ( 'NONE', *, *, #2529, .T. ) ;
#5074 = VECTOR ( 'NONE', #2606, 1000.000000000000000 ) ;
#5075 = CARTESIAN_POINT ( 'NONE',  ( -1.169744343679370191, 2.799999999999999822, -0.5091485298750201283 ) ) ;
#5076 = EDGE_LOOP ( 'NONE', ( #992, #2693, #1995, #1707 ) ) ;
#5077 = ORIENTED_EDGE ( 'NONE', *, *, #1378, .F. ) ;
#5078 = DIRECTION ( 'NONE',  ( 0.000000000000000000, -0.000000000000000000, 1.000000000000000000 ) ) ;
#5079 = EDGE_CURVE ( 'NONE', #3232, #3138, #3954, .T. ) ;
#5080 = CARTESIAN_POINT ( 'NONE',  ( -2.749999999999999112, 2.999999999999999112, -3.299999999999999822 ) ) ;
#5081 = DIRECTION ( 'NONE',  ( 0.000000000000000000, 0.000000000000000000, 1.000000000000000000 ) ) ;
#5082 = CARTESIAN_POINT ( 'NONE',  ( -1.316527014741132540, 2.800000000000000266, 1.145459749854739417 ) ) ;
#5083 = VERTEX_POINT ( 'NONE', #1910 ) ;
#5084 = DIRECTION ( 'NONE',  ( -0.000000000000000000, -0.000000000000000000, -1.000000000000000000 ) ) ;
#5085 = EDGE_CURVE ( 'NONE', #1985, #3593, #4246, .T. ) ;
#5086 = LINE ( 'NONE', #1772, #4016 ) ;
#5087 = CARTESIAN_POINT ( 'NONE',  ( -1.516812141168289774, 3.000000000000000000, 2.092599387584262782 ) ) ;
#5088 = ADVANCED_FACE ( 'NONE', ( #3475 ), #3978, .F. ) ;
#5089 = CARTESIAN_POINT ( 'NONE',  ( 3.299999999999999822, 0.1499999999999999944, 2.750000000000000000 ) ) ;
#5090 = DIRECTION ( 'NONE',  ( 0.000000000000000000, 0.000000000000000000, 1.000000000000000000 ) ) ;
#5091 = CARTESIAN_POINT ( 'NONE',  ( -0.7203756730072913284, 3.000000000000000000, 1.715976105977029986 ) ) ;
#5092 = EDGE_CURVE ( 'NONE', #5030, #4340, #1449, .T. ) ;
#5093 = CARTESIAN_POINT ( 'NONE',  ( -1.452481564268882419, 3.000000000000000000, -0.5848344251992796394 ) ) ;
#5094 = PLANE ( 'NONE',  #3598 ) ;
#5095 = CARTESIAN_POINT ( 'NONE',  ( -7.013307099422956270, 1.574999999999999512, -1.500000000000000000 ) ) ;
#5096 = VERTEX_POINT ( 'NONE', #2769 ) ;
#5097 = ORIENTED_EDGE ( 'NONE', *, *, #2799, .T. ) ;
#5098 = AXIS2_PLACEMENT_3D ( 'NONE', #742, #3243, #2078 ) ;
#5099 = DIRECTION ( 'NONE',  ( 1.000000000000000000, 0.000000000000000000, -0.000000000000000000 ) ) ;
#5100 = CARTESIAN_POINT ( 'NONE',  ( -1.297897403435401387, 3.000000000000000000, -1.069624706599098918 ) ) ;
#5101 = VERTEX_POINT ( 'NONE', #1856 ) ;
#5102 = AXIS2_PLACEMENT_3D ( 'NONE', #4253, #489, #2107 ) ;
#5103 = DIRECTION ( 'NONE',  ( 0.000000000000000000, 1.000000000000000000, 0.000000000000000000 ) ) ;
#5104 = ORIENTED_EDGE ( 'NONE', *, *, #909, .F. ) ;
#5105 = ORIENTED_EDGE ( 'NONE', *, *, #1603, .F. ) ;
#5106 = CARTESIAN_POINT ( 'NONE',  ( -1.297897403435389396, 2.799999999999999822, 2.137002076460955191 ) ) ;
#5107 = DIRECTION ( 'NONE',  ( 0.000000000000000000, 0.000000000000000000, -1.000000000000000000 ) ) ;
#5108 = CARTESIAN_POINT ( 'NONE',  ( -0.7030802731876463207, 3.000000000000000000, -2.130902535812262411 ) ) ;
#5109 = ORIENTED_EDGE ( 'NONE', *, *, #2503, .T. ) ;
#5110 = CARTESIAN_POINT ( 'NONE',  ( -1.516812141168289774, 3.000000000000000000, 0.9697686155562685872 ) ) ;
#5111 = LINE ( 'NONE', #4276, #3214 ) ;
#5112 = LINE ( 'NONE', #4671, #2187 ) ;
#5113 = CARTESIAN_POINT ( 'NONE',  ( -1.178661320169340332, 2.800000000000000266, -2.013514334061930811 ) ) ;
#5114 = EDGE_CURVE ( 'NONE', #819, #756, #2719, .T. ) ;
#5115 = VECTOR ( 'NONE', #1684, 1000.000000000000227 ) ;
#5116 = MANIFOLD_SOLID_BREP ( 'Boss-Extrude5[2]', #4981 ) ;
#5117 = CARTESIAN_POINT ( 'NONE',  ( -1.516812141168301542, 3.000000000000000000, -1.574359523006807482 ) ) ;
#5118 = DIRECTION ( 'NONE',  ( 0.000000000000000000, 0.000000000000000000, 1.000000000000000000 ) ) ;
#5119 = FACE_BOUND ( 'NONE', #1508, .T. ) ;
#5120 = VECTOR ( 'NONE', #1322, 1000.000000000000000 ) ;
#5121 = DIRECTION ( 'NONE',  ( 0.000000000000000000, 0.000000000000000000, 1.000000000000000000 ) ) ;
#5122 = ADVANCED_FACE ( 'NONE', ( #2385 ), #1007, .F. ) ;
#5123 = FACE_OUTER_BOUND ( 'NONE', #4685, .T. ) ;
#5124 = STYLED_ITEM ( 'NONE', ( #1956 ), #3298 ) ;
#5125 = ORIENTED_EDGE ( 'NONE', *, *, #49, .F. ) ;
#5126 = ORIENTED_EDGE ( 'NONE', *, *, #1280, .F. ) ;
#5127 = VECTOR ( 'NONE', #5026, 1000.000000000000000 ) ;
#5128 = LINE ( 'NONE', #4235, #1666 ) ;
#5129 = LINE ( 'NONE', #874, #5120 ) ;
#5130 = ORIENTED_EDGE ( 'NONE', *, *, #2975, .T. ) ;
#5131 = VECTOR ( 'NONE', #5141, 1000.000000000000000 ) ;
#5132 = EDGE_CURVE ( 'NONE', #1865, #4884, #750, .T. ) ;
#5133 = LINE ( 'NONE', #428, #309 ) ;
#5134 = ORIENTED_EDGE ( 'NONE', *, *, #1527, .T. ) ;
#5135 = VERTEX_POINT ( 'NONE', #3703 ) ;
#5136 = FACE_OUTER_BOUND ( 'NONE', #4319, .T. ) ;
#5137 = VECTOR ( 'NONE', #1803, 1000.000000000000000 ) ;
#5138 = MANIFOLD_SOLID_BREP ( 'Boss-Extrude5[5]', #2747 ) ;
#5139 = VECTOR ( 'NONE', #3036, 1000.000000000000000 ) ;
#5140 = FACE_OUTER_BOUND ( 'NONE', #3374, .T. ) ;
#5141 = DIRECTION ( 'NONE',  ( -0.000000000000000000, -0.000000000000000000, -1.000000000000000000 ) ) ;
#5142 = EDGE_LOOP ( 'NONE', ( #3018, #3213, #1064, #1617 ) ) ;
#5143 = VECTOR ( 'NONE', #3376, 1000.000000000000114 ) ;
#5144 = CARTESIAN_POINT ( 'NONE',  ( -1.452481564268882419, 2.799999999999999822, -0.5848344251992796394 ) ) ;
#5145 = CARTESIAN_POINT ( 'NONE',  ( -1.516812141168289774, 2.799999999999999822, 2.092599387584262782 ) ) ;
#5146 = CARTESIAN_POINT ( 'NONE',  ( -1.038298776779063237, 3.000000000000000000, -0.8482421487301301521 ) ) ;
#5147 = ORIENTED_EDGE ( 'NONE', *, *, #2689, .F. ) ;
#5148 = CARTESIAN_POINT ( 'NONE',  ( -1.297897403435392061, 3.000000000000000000, 1.655276126151046245 ) ) ;
#5149 = MANIFOLD_SOLID_BREP ( 'Boss-Extrude5[3]', #5171 ) ;
#5150 = CARTESIAN_POINT ( 'NONE',  ( -0.5014609352743816251, 2.799999999999999822, 2.195704662467916179 ) ) ;
#5151 = CYLINDRICAL_SURFACE ( 'NONE', #1235, 0.1499999999999999667 ) ;
#5152 = FACE_OUTER_BOUND ( 'NONE', #3508, .T. ) ;
#5153 = EDGE_CURVE ( 'NONE', #2376, #204, #3793, .T. ) ;
#5154 = CARTESIAN_POINT ( 'NONE',  ( -0.7203756730072949921, 3.000000000000000000, 0.5952898833847928284 ) ) ;
#5155 = FILL_AREA_STYLE_COLOUR ( '', #2703 ) ;
#5156 = ORIENTED_EDGE ( 'NONE', *, *, #3237, .T. ) ;
#5157 = ORIENTED_EDGE ( 'NONE', *, *, #4565, .T. ) ;
#5158 = DIRECTION ( 'NONE',  ( 0.000000000000000000, 0.000000000000000000, -1.000000000000000000 ) ) ;
#5159 = FACE_OUTER_BOUND ( 'NONE', #113, .T. ) ;
#5160 = ADVANCED_FACE ( 'NONE', ( #4562 ), #4597, .T. ) ;
#5161 = ORIENTED_EDGE ( 'NONE', *, *, #1694, .T. ) ;
#5162 = ADVANCED_FACE ( 'NONE', ( #2507 ), #5493, .F. ) ;
#5163 = PLANE ( 'NONE',  #1030 ) ;
#5164 = VERTEX_POINT ( 'NONE', #1321 ) ;
#5165 = VERTEX_POINT ( 'NONE', #3467 ) ;
#5166 = LINE ( 'NONE', #1354, #5280 ) ;
#5167 = EDGE_CURVE ( 'NONE', #3736, #4612, #5128, .T. ) ;
#5168 = ORIENTED_EDGE ( 'NONE', *, *, #3069, .F. ) ;
#5169 = FACE_OUTER_BOUND ( 'NONE', #1774, .T. ) ;
#5170 = DIRECTION ( 'NONE',  ( -0.9012599435649172319, 0.000000000000000000, -0.4332787949177322462 ) ) ;
#5171 = CLOSED_SHELL ( 'NONE', ( #2753, #3417, #3583, #2462, #1750, #2130, #1127, #3172 ) ) ;
#5172 = ORIENTED_EDGE ( 'NONE', *, *, #1003, .F. ) ;
#5173 = CARTESIAN_POINT ( 'NONE',  ( -0.5025166106310917646, 3.000000000000000000, 0.8645148824455187730 ) ) ;
#5174 = DIRECTION ( 'NONE',  ( 0.000000000000000000, -1.000000000000000000, 0.000000000000000000 ) ) ;
#5175 = CARTESIAN_POINT ( 'NONE',  ( -0.5908192790393135274, 3.000000000000000444, 0.7940774812577900965 ) ) ;
#5176 = CARTESIAN_POINT ( 'NONE',  ( -3.625000000000000000, 1.324999999999999512, 0.000000000000000000 ) ) ;
#5177 = CARTESIAN_POINT ( 'NONE',  ( -3.375000000000000444, 1.574999999999999512, -0.3500000000000000333 ) ) ;
#5178 = ORIENTED_EDGE ( 'NONE', *, *, #1779, .F. ) ;
#5179 = DIRECTION ( 'NONE',  ( 0.000000000000000000, 1.000000000000000000, 0.000000000000000000 ) ) ;
#5180 = FACE_OUTER_BOUND ( 'NONE', #505, .T. ) ;
#5181 = ORIENTED_EDGE ( 'NONE', *, *, #4125, .T. ) ;
#5182 = AXIS2_PLACEMENT_3D ( 'NONE', #1163, #5419, #4131 ) ;
#5183 = EDGE_CURVE ( 'NONE', #4530, #2147, #4772, .T. ) ;
#5184 = CYLINDRICAL_SURFACE ( 'NONE', #4231, 0.2500000000000000000 ) ;
#5185 = ORIENTED_EDGE ( 'NONE', *, *, #866, .T. ) ;
#5186 = CARTESIAN_POINT ( 'NONE',  ( -0.5014609352743963910, 3.000000000000000000, -2.338251699174043186 ) ) ;
#5187 = EDGE_CURVE ( 'NONE', #5083, #4653, #2564, .T. ) ;
#5188 = VECTOR ( 'NONE', #4547, 1000.000000000000000 ) ;
#5189 = EDGE_CURVE ( 'NONE', #4947, #4530, #530, .T. ) ;
#5190 = AXIS2_PLACEMENT_3D ( 'NONE', #2648, #1882, #1477 ) ;
#5191 = EDGE_LOOP ( 'NONE', ( #2806, #4624 ) ) ;
#5192 = B_SPLINE_SURFACE_WITH_KNOTS ( 'NONE', 3, 1, ( 
 ( #4474, #4984 ),
 ( #1176, #1204 ),
 ( #4952, #668 ),
 ( #2897, #700 ),
 ( #1563, #4601 ) ),
 .UNSPECIFIED., .F., .F., .F.,
 ( 4, 1, 4 ),
 ( 2, 2 ),
 ( 0.000000000000000000, 0.5143794237790315638, 1.000000000000000000 ),
 ( 0.000000000000000000, 1.000000000000000000 ),
 .UNSPECIFIED. ) ;
#5193 = DIRECTION ( 'NONE',  ( 1.000000000000000000, 0.000000000000000000, 0.000000000000000000 ) ) ;
#5194 = EDGE_LOOP ( 'NONE', ( #3704, #1916, #2271, #2122 ) ) ;
#5195 = LINE ( 'NONE', #4796, #3557 ) ;
#5196 = EDGE_CURVE ( 'NONE', #3072, #980, #3039, .T. ) ;
#5197 = DIRECTION ( 'NONE',  ( -0.9945218953682756213, 0.000000000000000000, -0.1045284632676308084 ) ) ;
#5198 = CARTESIAN_POINT ( 'NONE',  ( 3.625000000000000000, 1.324999999999999289, -4.996757838411453203E-16 ) ) ;
#5199 = VECTOR ( 'NONE', #1637, 1000.000000000000000 ) ;
#5200 = CARTESIAN_POINT ( 'NONE',  ( -0.5014609352743903958, 1.500624570026933613, -0.7780839734827847964 ) ) ;
#5201 = CARTESIAN_POINT ( 'NONE',  ( -0.7203756730072962133, 2.800000000000000266, 0.2410686557186573764 ) ) ;
#5202 = EDGE_LOOP ( 'NONE', ( #5069, #1353, #787, #1555 ) ) ;
#5203 = CARTESIAN_POINT ( 'NONE',  ( -7.013307099422956270, 1.574999999999999512, -0.3500000000000000333 ) ) ;
#5204 = VECTOR ( 'NONE', #78, 1000.000000000000000 ) ;
#5205 = DIRECTION ( 'NONE',  ( -1.826113077463491048E-14, 0.000000000000000000, -1.000000000000000000 ) ) ;
#5206 = ORIENTED_EDGE ( 'NONE', *, *, #2821, .T. ) ;
#5207 = VECTOR ( 'NONE', #534, 999.9999999999998863 ) ;
#5208 = AXIS2_PLACEMENT_3D ( 'NONE', #4467, #2826, #4501 ) ;
#5209 = DIRECTION ( 'NONE',  ( -0.000000000000000000, 1.000000000000000000, -0.000000000000000000 ) ) ;
#5210 = EDGE_LOOP ( 'NONE', ( #2801, #3202, #977, #782 ) ) ;
#5211 = DIRECTION ( 'NONE',  ( -1.000000000000000000, 0.000000000000000000, 0.000000000000000000 ) ) ;
#5212 = VECTOR ( 'NONE', #3055, 1000.000000000000000 ) ;
#5213 = VECTOR ( 'NONE', #4155, 1000.000000000000114 ) ;
#5214 = ADVANCED_FACE ( 'NONE', ( #3509 ), #4264, .F. ) ;
#5215 = ADVANCED_FACE ( 'NONE', ( #3015 ), #3921, .F. ) ;
#5216 = VECTOR ( 'NONE', #1499, 1000.000000000000000 ) ;
#5217 = VERTEX_POINT ( 'NONE', #1397 ) ;
#5218 = FACE_OUTER_BOUND ( 'NONE', #2815, .T. ) ;
#5219 = ADVANCED_FACE ( 'NONE', ( #447 ), #476, .F. ) ;
#5220 = EDGE_LOOP ( 'NONE', ( #481, #903, #3466, #751 ) ) ;
#5221 = DIRECTION ( 'NONE',  ( 0.000000000000000000, 1.000000000000000000, 0.000000000000000000 ) ) ;
#5222 = EDGE_CURVE ( 'NONE', #5165, #4311, #4324, .T. ) ;
#5223 = VECTOR ( 'NONE', #3605, 1000.000000000000000 ) ;
#5224 = CARTESIAN_POINT ( 'NONE',  ( -1.516812141168289552, 3.000000000000000000, 2.189085684373399676 ) ) ;
#5225 = DIRECTION ( 'NONE',  ( 0.000000000000000000, 1.000000000000000000, -1.376764663473656710E-16 ) ) ;
#5226 = DIRECTION ( 'NONE',  ( 0.000000000000000000, 0.000000000000000000, 1.000000000000000000 ) ) ;
#5227 = EDGE_CURVE ( 'NONE', #1147, #4944, #4687, .T. ) ;
#5228 = DIRECTION ( 'NONE',  ( 1.000000000000000000, 0.000000000000000000, -3.145650417479525185E-15 ) ) ;
#5229 =( NAMED_UNIT ( * ) SI_UNIT ( $, .STERADIAN. ) SOLID_ANGLE_UNIT ( ) );
#5230 = VERTEX_POINT ( 'NONE', #110 ) ;
#5231 = FACE_OUTER_BOUND ( 'NONE', #4141, .T. ) ;
#5232 = CARTESIAN_POINT ( 'NONE',  ( -1.516812141168301320, 2.799999999999999822, -1.017541098686655099 ) ) ;
#5233 = ORIENTED_EDGE ( 'NONE', *, *, #1439, .T. ) ;
#5234 = CARTESIAN_POINT ( 'NONE',  ( -0.5014609352743887305, 2.799999999999999822, -0.2356347705948078353 ) ) ;
#5235 = EDGE_LOOP ( 'NONE', ( #4001, #1408, #5465, #2873 ) ) ;
#5236 = DIRECTION ( 'NONE',  ( 1.000000000000000000, -0.000000000000000000, -0.000000000000000000 ) ) ;
#5237 = FACE_OUTER_BOUND ( 'NONE', #567, .T. ) ;
#5238 = VERTEX_POINT ( 'NONE', #507 ) ;
#5239 = EDGE_CURVE ( 'NONE', #4530, #1355, #3848, .T. ) ;
#5240 = VERTEX_POINT ( 'NONE', #4286 ) ;
#5241 = CARTESIAN_POINT ( 'NONE',  ( -0.5014609352743845117, 3.000000000000000000, 1.738984972074796298 ) ) ;
#5242 = VERTEX_POINT ( 'NONE', #67 ) ;
#5243 = CARTESIAN_POINT ( 'NONE',  ( -1.316527014741132540, 2.799999999999999822, 1.145459749854739417 ) ) ;
#5244 = ADVANCED_FACE ( 'NONE', ( #4656 ), #3435, .F. ) ;
#5245 = ORIENTED_EDGE ( 'NONE', *, *, #2188, .T. ) ;
#5246 = CARTESIAN_POINT ( 'NONE',  ( -0.5014609352743963910, 3.000000000000000000, -1.687951693915624496 ) ) ;
#5247 = AXIS2_PLACEMENT_3D ( 'NONE', #2904, #792, #731 ) ;
#5248 = CARTESIAN_POINT ( 'NONE',  ( -0.5014609352743963910, 2.800000000000000266, -1.795802496286066807 ) ) ;
#5249 = EDGE_CURVE ( 'NONE', #818, #292, #2588, .T. ) ;
#5250 = DIRECTION ( 'NONE',  ( 0.000000000000000000, -1.000000000000000000, 0.000000000000000000 ) ) ;
#5251 = EDGE_CURVE ( 'NONE', #1767, #3809, #2198, .T. ) ;
#5252 =( LENGTH_UNIT ( ) NAMED_UNIT ( * ) SI_UNIT ( .MILLI., .METRE. ) );
#5253 = ORIENTED_EDGE ( 'NONE', *, *, #3497, .F. ) ;
#5254 = CARTESIAN_POINT ( 'NONE',  ( -1.178661320169346549, 3.000000000000000000, -0.4533466083705757210 ) ) ;
#5255 = DIRECTION ( 'NONE',  ( -0.9012599435649172319, 0.000000000000000000, -0.4332787949177322462 ) ) ;
#5256 = EDGE_LOOP ( 'NONE', ( #1217, #336, #702, #1328 ) ) ;
#5257 = CARTESIAN_POINT ( 'NONE',  ( 2.024999999999999911, 0.2000000000000000944, 1.499999999999999556 ) ) ;
#5258 = EDGE_LOOP ( 'NONE', ( #4054, #1939, #2409, #1833 ) ) ;
#5259 = FILL_AREA_STYLE_COLOUR ( '', #1221 ) ;
#5260 = DIRECTION ( 'NONE',  ( 0.000000000000000000, 1.000000000000000000, -0.000000000000000000 ) ) ;
#5261 = ORIENTED_EDGE ( 'NONE', *, *, #3895, .T. ) ;
#5262 = ORIENTED_EDGE ( 'NONE', *, *, #2689, .T. ) ;
#5263 = CARTESIAN_POINT ( 'NONE',  ( -1.516812141168289774, 3.000000000000000000, 1.632267260053192892 ) ) ;
#5264 = VERTEX_POINT ( 'NONE', #1345 ) ;
#5265 = CARTESIAN_POINT ( 'NONE',  ( -3.375000000000000444, 1.574999999999999512, -0.3500000000000000333 ) ) ;
#5266 = VECTOR ( 'NONE', #1601, 1000.000000000000000 ) ;
#5267 = ORIENTED_EDGE ( 'NONE', *, *, #1811, .T. ) ;
#5268 = CARTESIAN_POINT ( 'NONE',  ( -1.468516312424467563, 3.000000000000000000, 0.7499873769576669291 ) ) ;
#5269 = CARTESIAN_POINT ( 'NONE',  ( -1.468516312424467563, 2.799999999999999822, 0.7499873769576669291 ) ) ;
#5270 = EDGE_CURVE ( 'NONE', #5096, #1441, #3334, .T. ) ;
#5271 = DIRECTION ( 'NONE',  ( 0.000000000000000000, -0.000000000000000000, -1.000000000000000000 ) ) ;
#5272 = LINE ( 'NONE', #3995, #4683 ) ;
#5273 = VERTEX_POINT ( 'NONE', #1000 ) ;
#5274 = CARTESIAN_POINT ( 'NONE',  ( -0.5014609352743903958, 2.799999999999999822, -0.7780839734827847964 ) ) ;
#5275 = DIRECTION ( 'NONE',  ( 0.000000000000000000, 1.000000000000000000, 0.000000000000000000 ) ) ;
#5276 = ORIENTED_EDGE ( 'NONE', *, *, #1967, .T. ) ;
#5277 = EDGE_CURVE ( 'NONE', #2206, #3536, #654, .T. ) ;
#5278 =( BOUNDED_CURVE ( )  B_SPLINE_CURVE ( 3, ( #3586, #3944, #1418, #3973 ),
 .UNSPECIFIED., .F., .T. ) 
 B_SPLINE_CURVE_WITH_KNOTS ( ( 4, 4 ),
 ( 0.000000000000000000, 3.141592653589793116 ),
 .UNSPECIFIED. ) 
 CURVE ( )  GEOMETRIC_REPRESENTATION_ITEM ( )  RATIONAL_B_SPLINE_CURVE ( ( 1.000000000000000000, 0.3333333333333333703, 0.3333333333333333703, 1.000000000000000000 ) ) 
 REPRESENTATION_ITEM ( '' )  );
#5279 = DIRECTION ( 'NONE',  ( 0.000000000000000000, 1.000000000000000000, 0.000000000000000000 ) ) ;
#5280 = VECTOR ( 'NONE', #3047, 1000.000000000000000 ) ;
#5281 = VERTEX_POINT ( 'NONE', #3157 ) ;
#5282 = SURFACE_STYLE_FILL_AREA ( #1034 ) ;
#5283 = LINE ( 'NONE', #4791, #4297 ) ;
#5284 = EDGE_LOOP ( 'NONE', ( #3146, #4061, #1142, #3242 ) ) ;
#5285 = VECTOR ( 'NONE', #95, 1000.000000000000000 ) ;
#5286 = VECTOR ( 'NONE', #4856, 1000.000000000000000 ) ;
#5287 = ORIENTED_EDGE ( 'NONE', *, *, #2529, .F. ) ;
#5288 = AXIS2_PLACEMENT_3D ( 'NONE', #245, #4889, #4537 ) ;
#5289 = AXIS2_PLACEMENT_3D ( 'NONE', #1954, #1545, #2373 ) ;
#5290 = DIRECTION ( 'NONE',  ( 0.9914039068059095072, -0.000000000000000000, -0.1308368968218802664 ) ) ;
#5291 = LINE ( 'NONE', #250, #712 ) ;
#5292 = CARTESIAN_POINT ( 'NONE',  ( -1.297897403435392061, 3.000000000000000000, 1.655276126151046245 ) ) ;
#5293 =( GEOMETRIC_REPRESENTATION_CONTEXT ( 3 ) GLOBAL_UNCERTAINTY_ASSIGNED_CONTEXT ( ( #1175 ) ) GLOBAL_UNIT_ASSIGNED_CONTEXT ( ( #293, #2927, #2057 ) ) REPRESENTATION_CONTEXT ( 'NONE', 'WORKASPACE' ) );
#5294 = CARTESIAN_POINT ( 'NONE',  ( -0.5014609352743933934, 3.000000000000000000, -1.010922120592137485 ) ) ;
#5295 = ORIENTED_EDGE ( 'NONE', *, *, #3354, .T. ) ;
#5296 = LINE ( 'NONE', #622, #1567 ) ;
#5297 = LINE ( 'NONE', #4406, #4372 ) ;
#5298 = CARTESIAN_POINT ( 'NONE',  ( -0.6946163660038592313, 3.000000000000000000, 1.278669713583197254 ) ) ;
#5299 = FACE_OUTER_BOUND ( 'NONE', #271, .T. ) ;
#5300 = AXIS2_PLACEMENT_3D ( 'NONE', #5095, #1287, #747 ) ;
#5301 = CARTESIAN_POINT ( 'NONE',  ( -1.297897403435401387, 2.799999999999999822, -1.069624706599098918 ) ) ;
#5302 = EDGE_LOOP ( 'NONE', ( #2466, #2542 ) ) ;
#5303 = LINE ( 'NONE', #4049, #1528 ) ;
#5304 = EDGE_CURVE ( 'NONE', #1883, #5007, #1851, .T. ) ;
#5305 = CARTESIAN_POINT ( 'NONE',  ( -1.297897403435402275, 2.799999999999999822, -1.551350656909007419 ) ) ;
#5306 = AXIS2_PLACEMENT_3D ( 'NONE', #2036, #1657, #277 ) ;
#5307 = ORIENTED_EDGE ( 'NONE', *, *, #5183, .T. ) ;
#5308 = CARTESIAN_POINT ( 'NONE',  ( -1.299999999999998712, 0.1499999999999999944, -1.799999999999999822 ) ) ;
#5309 = VERTEX_POINT ( 'NONE', #4466 ) ;
#5310 = CARTESIAN_POINT ( 'NONE',  ( -0.7203756730072901071, 2.800000000000000266, 2.133753113937486567 ) ) ;
#5311 = ADVANCED_FACE ( 'NONE', ( #5231 ), #3560, .F. ) ;
#5312 = CARTESIAN_POINT ( 'NONE',  ( -0.7203756730073019865, 2.799999999999999822, -1.072873669122563545 ) ) ;
#5313 = EDGE_LOOP ( 'NONE', ( #746, #4207, #3835, #2267, #5428, #3571, #1492, #1830, #1498, #2222 ) ) ;
#5314 = EDGE_CURVE ( 'NONE', #872, #4809, #3997, .T. ) ;
#5315 = DIRECTION ( 'NONE',  ( 0.000000000000000000, 1.000000000000000000, 0.000000000000000000 ) ) ;
#5316 = ORIENTED_EDGE ( 'NONE', *, *, #3554, .F. ) ;
#5317 = EDGE_CURVE ( 'NONE', #367, #1053, #2241, .T. ) ;
#5318 = VERTEX_POINT ( 'NONE', #206 ) ;
#5319 = DIRECTION ( 'NONE',  ( 1.000000000000000000, 0.000000000000000000, 0.000000000000000000 ) ) ;
#5320 = ORIENTED_EDGE ( 'NONE', *, *, #1280, .T. ) ;
#5321 = DIRECTION ( 'NONE',  ( -6.409502211720185473E-15, -0.000000000000000000, -1.000000000000000000 ) ) ;
#5322 = FACE_OUTER_BOUND ( 'NONE', #1149, .T. ) ;
#5323 = ORIENTED_EDGE ( 'NONE', *, *, #5467, .T. ) ;
#5324 = CARTESIAN_POINT ( 'NONE',  ( -0.5014609352743845117, 3.000000000000000000, 1.044840171770848203 ) ) ;
#5325 = DIRECTION ( 'NONE',  ( -0.9799725457018582109, 0.000000000000000000, 0.1991326434079039309 ) ) ;
#5326 = CARTESIAN_POINT ( 'NONE',  ( -3.299999999999998934, 1.274999999999999689, 0.3500000000000000333 ) ) ;
#5327 = CARTESIAN_POINT ( 'NONE',  ( -3.625000000000000000, 1.324999999999999956, 1.500000000000000000 ) ) ;
#5328 = B_SPLINE_SURFACE_WITH_KNOTS ( 'NONE', 3, 1, ( 
 ( #5201, #4377 ),
 ( #3941, #3087 ),
 ( #1800, #573 ),
 ( #4784, #3558 ),
 ( #4411, #603 ) ),
 .UNSPECIFIED., .F., .F., .F.,
 ( 4, 1, 4 ),
 ( 2, 2 ),
 ( 0.000000000000000000, 0.5079839729424890926, 1.000000000000000000 ),
 ( 0.000000000000000000, 1.000000000000000000 ),
 .UNSPECIFIED. ) ;
#5329 = ORIENTED_EDGE ( 'NONE', *, *, #1135, .T. ) ;
#5330 = CARTESIAN_POINT ( 'NONE',  ( -1.516812141168289774, 2.799999999999999822, 1.632267260053192892 ) ) ;
#5331 = LINE ( 'NONE', #5003, #2915 ) ;
#5332 = CARTESIAN_POINT ( 'NONE',  ( -1.016216495080847881, 3.000000000000000444, 2.156888680854823104 ) ) ;
#5333 = VERTEX_POINT ( 'NONE', #3111 ) ;
#5334 = CLOSED_SHELL ( 'NONE', ( #946, #4335, #24, #3929, #2934, #559, #3757, #5160, #1039, #1346, #699, #4781 ) ) ;
#5335 = FACE_OUTER_BOUND ( 'NONE', #3026, .T. ) ;
#5336 = ORIENTED_EDGE ( 'NONE', *, *, #1841, .F. ) ;
#5337 = SURFACE_STYLE_USAGE ( .BOTH. , #1476 ) ;
#5338 = VERTEX_POINT ( 'NONE', #1443 ) ;
#5339 = EDGE_CURVE ( 'NONE', #1022, #5273, #3133, .T. ) ;
#5340 = CARTESIAN_POINT ( 'NONE',  ( -2.499999999999999112, 2.949999999999999734, 2.649999999999999467 ) ) ;
#5341 = ORIENTED_EDGE ( 'NONE', *, *, #2177, .F. ) ;
#5342 = EDGE_LOOP ( 'NONE', ( #2512, #3284, #4708, #4269 ) ) ;
#5343 = PLANE ( 'NONE',  #4479 ) ;
#5344 = CARTESIAN_POINT ( 'NONE',  ( -1.178661320169340110, 3.000000000000000000, -2.013514334061930811 ) ) ;
#5345 = DIRECTION ( 'NONE',  ( 0.9012599435649698565, 0.000000000000000000, 0.4332787949176226672 ) ) ;
#5346 = EDGE_CURVE ( 'NONE', #1206, #1934, #5303, .T. ) ;
#5347 = CYLINDRICAL_SURFACE ( 'NONE', #4336, 0.5500000000000001554 ) ;
#5348 = CARTESIAN_POINT ( 'NONE',  ( -1.452481564268882419, 2.799999999999999822, -0.5848344251992796394 ) ) ;
#5349 = EDGE_LOOP ( 'NONE', ( #535, #1296, #3450, #1184 ) ) ;
#5350 = CARTESIAN_POINT ( 'NONE',  ( -1.316527014741132540, 3.000000000000000000, 1.145459749854739417 ) ) ;
#5351 = CARTESIAN_POINT ( 'NONE',  ( -0.7203756730073019865, 3.000000000000000000, -1.490650677083057429 ) ) ;
#5352 = FACE_OUTER_BOUND ( 'NONE', #5464, .T. ) ;
#5353 = VECTOR ( 'NONE', #4775, 1000.000000000000000 ) ;
#5354 = ADVANCED_FACE ( 'NONE', ( #3635 ), #550, .T. ) ;
#5355 = CARTESIAN_POINT ( 'NONE',  ( -1.468516312424467563, 2.800000000000000266, 0.7499873769576669291 ) ) ;
#5356 = CARTESIAN_POINT ( 'NONE',  ( -0.7203756730073016534, 2.799999999999999822, -1.016940483680808693 ) ) ;
#5357 = ORIENTED_EDGE ( 'NONE', *, *, #4426, .T. ) ;
#5358 = VECTOR ( 'NONE', #4813, 1000.000000000000000 ) ;
#5359 = APPLICATION_PROTOCOL_DEFINITION ( 'draft international standard', 'automotive_design', 1998, #3282 ) ;
#5360 = LINE ( 'NONE', #3664, #4152 ) ;
#5361 = CARTESIAN_POINT ( 'NONE',  ( 2.750000000000000000, 0.1499999999999999944, -2.750000000000000000 ) ) ;
#5362 = ORIENTED_EDGE ( 'NONE', *, *, #589, .F. ) ;
#5363 = LINE ( 'NONE', #633, #3953 ) ;
#5364 = EDGE_LOOP ( 'NONE', ( #96, #1732, #90, #399 ) ) ;
#5365 = B_SPLINE_CURVE_WITH_KNOTS ( 'NONE', 3,
 ( #3074, #4793, #4369, #564, #2255 ),
 .UNSPECIFIED., .F., .F.,
 ( 4, 1, 4 ),
 ( 0.000000000000000000, 0.5143794237790315638, 1.000000000000000000 ),
 .UNSPECIFIED. ) ;
#5366 = ORIENTED_EDGE ( 'NONE', *, *, #3755, .F. ) ;
#5367 = VECTOR ( 'NONE', #4217, 1000.000000000000000 ) ;
#5368 = CARTESIAN_POINT ( 'NONE',  ( -1.016206775675822627, 2.800000000000000266, -1.055552320380675591 ) ) ;
#5369 = ORIENTED_EDGE ( 'NONE', *, *, #2082, .T. ) ;
#5370 = ORIENTED_EDGE ( 'NONE', *, *, #4458, .F. ) ;
#5371 = FACE_OUTER_BOUND ( 'NONE', #3096, .T. ) ;
#5372 = EDGE_CURVE ( 'NONE', #1376, #1592, #3943, .T. ) ;
#5373 = CARTESIAN_POINT ( 'NONE',  ( 3.299999999999999822, 0.1499999999999999944, -1.799999999999998934 ) ) ;
#5374 = CIRCLE ( 'NONE', #3436, 0.2500000000000000000 ) ;
#5375 = AXIS2_PLACEMENT_3D ( 'NONE', #5449, #2921, #5484 ) ;
#5376 = EDGE_LOOP ( 'NONE', ( #2827, #4882, #3707, #3013 ) ) ;
#5377 = EDGE_CURVE ( 'NONE', #1873, #3942, #1417, .T. ) ;
#5378 = FACE_OUTER_BOUND ( 'NONE', #272, .T. ) ;
#5379 = AXIS2_PLACEMENT_3D ( 'NONE', #4495, #2316, #3182 ) ;
#5380 = AXIS2_PLACEMENT_3D ( 'NONE', #5332, #655, #3246 ) ;
#5381 = LINE ( 'NONE', #1978, #5213 ) ;
#5382 = ORIENTED_EDGE ( 'NONE', *, *, #1503, .T. ) ;
#5383 = DIRECTION ( 'NONE',  ( 0.000000000000000000, 1.000000000000000000, 0.000000000000000000 ) ) ;
#5384 = EDGE_CURVE ( 'NONE', #4668, #5, #829, .T. ) ;
#5385 = DIRECTION ( 'NONE',  ( -0.000000000000000000, -0.000000000000000000, 1.000000000000000000 ) ) ;
#5386 = DIRECTION ( 'NONE',  ( 1.000000000000000000, 0.000000000000000000, 0.000000000000000000 ) ) ;
#5387 = VECTOR ( 'NONE', #1275, 1000.000000000000000 ) ;
#5388 = EDGE_CURVE ( 'NONE', #1470, #3173, #5005, .T. ) ;
#5389 = CARTESIAN_POINT ( 'NONE',  ( -0.7203756730073019865, 3.000000000000000000, -1.072873669122563545 ) ) ;
#5390 = EDGE_LOOP ( 'NONE', ( #2032, #5233, #3883, #462 ) ) ;
#5391 = CARTESIAN_POINT ( 'NONE',  ( -0.7203756730072949921, 3.000000000000000000, 0.5952898833847928284 ) ) ;
#5392 = AXIS2_PLACEMENT_3D ( 'NONE', #4142, #1261, #814 ) ;
#5393 = ADVANCED_FACE ( 'NONE', ( #1493 ), #1874, .T. ) ;
#5394 = FACE_OUTER_BOUND ( 'NONE', #1174, .T. ) ;
#5395 = DIRECTION ( 'NONE',  ( 0.000000000000000000, 1.000000000000000000, 0.000000000000000000 ) ) ;
#5396 = ORIENTED_EDGE ( 'NONE', *, *, #1612, .F. ) ;
#5397 = AXIS2_PLACEMENT_3D ( 'NONE', #4977, #1257, #5008 ) ;
#5398 = DIRECTION ( 'NONE',  ( -3.145650417479524790E-15, 0.000000000000000000, -1.000000000000000000 ) ) ;
#5399 = ORIENTED_EDGE ( 'NONE', *, *, #3765, .T. ) ;
#5400 = AXIS2_PLACEMENT_3D ( 'NONE', #2112, #3427, #2557 ) ;
#5401 = ORIENTED_EDGE ( 'NONE', *, *, #4864, .F. ) ;
#5402 = LINE ( 'NONE', #4030, #3247 ) ;
#5403 = ORIENTED_EDGE ( 'NONE', *, *, #347, .T. ) ;
#5404 = EDGE_LOOP ( 'NONE', ( #1965, #3906, #5156, #2652 ) ) ;
#5405 = CARTESIAN_POINT ( 'NONE',  ( -0.5014609352743857329, 2.800000000000000266, 0.7578392147479485752 ) ) ;
#5406 = CARTESIAN_POINT ( 'NONE',  ( -1.516812141168295991, 3.000000000000000000, 0.6402039898684432906 ) ) ;
#5407 = CARTESIAN_POINT ( 'NONE',  ( -1.316527014741132540, 3.000000000000000000, 1.145459749854739417 ) ) ;
#5408 = LINE ( 'NONE', #4517, #4949 ) ;
#5409 = ADVANCED_FACE ( 'NONE', ( #2664 ), #605, .T. ) ;
#5410 = CARTESIAN_POINT ( 'NONE',  ( -1.297897403435395836, 2.800000000000000266, 0.5285146380913131603 ) ) ;
#5411 = VERTEX_POINT ( 'NONE', #158 ) ;
#5412 = CARTESIAN_POINT ( 'NONE',  ( -0.5014609352743887305, 2.799999999999999822, -0.2356347705948078353 ) ) ;
#5413 = DIRECTION ( 'NONE',  ( 0.000000000000000000, 0.000000000000000000, 1.000000000000000000 ) ) ;
#5414 = DIRECTION ( 'NONE',  ( 0.000000000000000000, 0.000000000000000000, -1.000000000000000000 ) ) ;
#5415 = CARTESIAN_POINT ( 'NONE',  ( -0.5014609352743845117, 2.800000000000000266, 1.738984972074796298 ) ) ;
#5416 = EDGE_CURVE ( 'NONE', #5273, #3329, #1054, .T. ) ;
#5417 = CARTESIAN_POINT ( 'NONE',  ( -1.514674049439726389, 2.800000000000000266, 1.417784605377300444 ) ) ;
#5418 = EDGE_LOOP ( 'NONE', ( #2083, #4551, #268, #2562, #4776 ) ) ;
#5419 = DIRECTION ( 'NONE',  ( -1.000000000000000000, 0.000000000000000000, -0.000000000000000000 ) ) ;
#5420 = PLANE ( 'NONE',  #672 ) ;
#5421 = CARTESIAN_POINT ( 'NONE',  ( 1.299999999999999600, 0.1499999999999999944, -1.799999999999999600 ) ) ;
#5422 = CARTESIAN_POINT ( 'NONE',  ( -0.5014609352743845117, 2.800000000000000266, 1.475952984027617987 ) ) ;
#5423 = VERTEX_POINT ( 'NONE', #1828 ) ;
#5424 = VECTOR ( 'NONE', #595, 1000.000000000000000 ) ;
#5425 = FACE_OUTER_BOUND ( 'NONE', #3971, .T. ) ;
#5426 = EDGE_CURVE ( 'NONE', #1177, #1860, #3585, .T. ) ;
#5427 = DIRECTION ( 'NONE',  ( 0.9012599435649699675, 0.000000000000000000, 0.4332787949176226672 ) ) ;
#5428 = ORIENTED_EDGE ( 'NONE', *, *, #3644, .F. ) ;
#5429 = DIRECTION ( 'NONE',  ( -0.4332787949177263065, 0.000000000000000000, 0.9012599435649201185 ) ) ;
#5430 = ORIENTED_EDGE ( 'NONE', *, *, #4303, .T. ) ;
#5431 = VECTOR ( 'NONE', #3721, 1000.000000000000000 ) ;
#5432 = CARTESIAN_POINT ( 'NONE',  ( -1.297897403435401387, 2.800000000000000266, -1.069624706599098918 ) ) ;
#5433 = ORIENTED_EDGE ( 'NONE', *, *, #3012, .T. ) ;
#5434 = ORIENTED_EDGE ( 'NONE', *, *, #209, .F. ) ;
#5435 = DIRECTION ( 'NONE',  ( -0.000000000000000000, 1.000000000000000000, -0.000000000000000000 ) ) ;
#5436 = CARTESIAN_POINT ( 'NONE',  ( -0.5014609352743933934, 2.800000000000000266, -1.527646951463584868 ) ) ;
#5437 = FACE_OUTER_BOUND ( 'NONE', #5142, .T. ) ;
#5438 = DIRECTION ( 'NONE',  ( 0.000000000000000000, 1.000000000000000000, 0.000000000000000000 ) ) ;
#5439 = DIRECTION ( 'NONE',  ( 0.000000000000000000, -1.000000000000000000, 1.376764663473656956E-16 ) ) ;
#5440 = ORIENTED_EDGE ( 'NONE', *, *, #1432, .F. ) ;
#5441 = FACE_OUTER_BOUND ( 'NONE', #1690, .T. ) ;
#5442 = CARTESIAN_POINT ( 'NONE',  ( -0.5014609352743845117, 1.500624570026933613, 1.738984972074796298 ) ) ;
#5443 = CARTESIAN_POINT ( 'NONE',  ( 2.024999999999999911, 3.600000000000000089, 1.499999999999999556 ) ) ;
#5444 = FACE_OUTER_BOUND ( 'NONE', #1351, .T. ) ;
#5445 = CARTESIAN_POINT ( 'NONE',  ( -0.5014609352743845117, 3.000000000000000000, 1.475952984027617987 ) ) ;
#5446 = VERTEX_POINT ( 'NONE', #1582 ) ;
#5447 = PLANE ( 'NONE',  #3603 ) ;
#5448 = CARTESIAN_POINT ( 'NONE',  ( -7.013307099422956270, 1.574999999999999512, 0.3500000000000000333 ) ) ;
#5449 = CARTESIAN_POINT ( 'NONE',  ( -1.297897403435402275, 2.799999999999999822, -1.551350656909007419 ) ) ;
#5450 = B_SPLINE_CURVE_WITH_KNOTS ( 'NONE', 3,
 ( #3217, #4444, #188, #584, #635 ),
 .UNSPECIFIED., .F., .F.,
 ( 4, 1, 4 ),
 ( 0.000000000000000000, 0.5178533069596279459, 1.000000000000000000 ),
 .UNSPECIFIED. ) ;
#5451 =( GEOMETRIC_REPRESENTATION_CONTEXT ( 3 ) GLOBAL_UNCERTAINTY_ASSIGNED_CONTEXT ( ( #667 ) ) GLOBAL_UNIT_ASSIGNED_CONTEXT ( ( #3937, #1459, #3082 ) ) REPRESENTATION_CONTEXT ( 'NONE', 'WORKASPACE' ) );
#5452 = ADVANCED_FACE ( 'NONE', ( #4585 ), #3694, .T. ) ;
#5453 = VERTEX_POINT ( 'NONE', #1139 ) ;
#5454 = CARTESIAN_POINT ( 'NONE',  ( -0.5014609352743845117, 2.799999999999999822, 1.475952984027617987 ) ) ;
#5455 = VECTOR ( 'NONE', #3979, 1000.000000000000000 ) ;
#5456 =( NAMED_UNIT ( * ) SI_UNIT ( $, .STERADIAN. ) SOLID_ANGLE_UNIT ( ) );
#5457 = ORIENTED_EDGE ( 'NONE', *, *, #4045, .F. ) ;
#5458 = ORIENTED_EDGE ( 'NONE', *, *, #386, .T. ) ;
#5459 = SURFACE_STYLE_USAGE ( .BOTH. , #3315 ) ;
#5460 = CYLINDRICAL_SURFACE ( 'NONE', #4582, 0.08032613187426035362 ) ;
#5461 = ADVANCED_FACE ( 'NONE', ( #5000 ), #4552, .F. ) ;
#5462 = ORIENTED_EDGE ( 'NONE', *, *, #5388, .F. ) ;
#5463 = CARTESIAN_POINT ( 'NONE',  ( -0.7984134529684051573, 2.800000000000000266, 1.763261945908604522 ) ) ;
#5464 = EDGE_LOOP ( 'NONE', ( #2537, #5433, #1451, #4275 ) ) ;
#5465 = ORIENTED_EDGE ( 'NONE', *, *, #4052, .T. ) ;
#5466 = PLANE ( 'NONE',  #131 ) ;
#5467 = EDGE_CURVE ( 'NONE', #5240, #1047, #4655, .T. ) ;
#5468 = LINE ( 'NONE', #4213, #838 ) ;
#5469 = VECTOR ( 'NONE', #4849, 1000.000000000000000 ) ;
#5470 = DIRECTION ( 'NONE',  ( 0.000000000000000000, 0.000000000000000000, 1.000000000000000000 ) ) ;
#5471 = FACE_OUTER_BOUND ( 'NONE', #290, .T. ) ;
#5472 = VECTOR ( 'NONE', #2595, 1000.000000000000000 ) ;
#5473 = VERTEX_POINT ( 'NONE', #4909 ) ;
#5474 = LINE ( 'NONE', #2846, #4491 ) ;
#5475 = PLANE ( 'NONE',  #2240 ) ;
#5476 = CARTESIAN_POINT ( 'NONE',  ( -1.178661320169340332, 3.000000000000000000, -2.013514334061930366 ) ) ;
#5477 = PLANE ( 'NONE',  #3116 ) ;
#5478 = AXIS2_PLACEMENT_3D ( 'NONE', #2018, #3373, #3723 ) ;
#5479 = VECTOR ( 'NONE', #3555, 1000.000000000000000 ) ;
#5480 = CARTESIAN_POINT ( 'NONE',  ( -0.5152686526748860851, 3.000000000000000000, 1.544919730039651773 ) ) ;
#5481 = ORIENTED_EDGE ( 'NONE', *, *, #269, .T. ) ;
#5482 = LINE ( 'NONE', #1696, #4770 ) ;
#5483 = FACE_OUTER_BOUND ( 'NONE', #1842, .T. ) ;
#5484 = DIRECTION ( 'NONE',  ( -0.000000000000000000, 0.000000000000000000, -1.000000000000000000 ) ) ;
#5485 = VECTOR ( 'NONE', #891, 1000.000000000000000 ) ;
#5486 = AXIS2_PLACEMENT_3D ( 'NONE', #2733, #4460, #3205 ) ;
#5487 = LINE ( 'NONE', #1673, #3894 ) ;
#5488 = VECTOR ( 'NONE', #2763, 1000.000000000000000 ) ;
#5489 = EDGE_CURVE ( 'NONE', #1767, #4020, #1917, .T. ) ;
#5490 = DIRECTION ( 'NONE',  ( 0.000000000000000000, -1.000000000000000000, 0.000000000000000000 ) ) ;
#5491 = VERTEX_POINT ( 'NONE', #3337 ) ;
#5492 = ORIENTED_EDGE ( 'NONE', *, *, #4226, .T. ) ;
#5493 = PLANE ( 'NONE',  #4679 ) ;
#5494 = DIRECTION ( 'NONE',  ( 0.9933818551354655080, -0.000000000000000000, 0.1148585647116543151 ) ) ;
#5495 = VERTEX_POINT ( 'NONE', #2824 ) ;
#5496 = AXIS2_PLACEMENT_3D ( 'NONE', #3994, #3128, #257 ) ;
#5497 = EDGE_CURVE ( 'NONE', #2438, #1702, #3305, .T. ) ;
#5498 = CARTESIAN_POINT ( 'NONE',  ( -1.297897403435402275, 2.800000000000000266, -1.551350656909007419 ) ) ;
#5499 = VERTEX_POINT ( 'NONE', #5391 ) ;
#5500 = ORIENTED_EDGE ( 'NONE', *, *, #4497, .T. ) ;
#5501 = CARTESIAN_POINT ( 'NONE',  ( -1.016206775675810414, 3.000000000000000000, 2.151074462679381849 ) ) ;
#5502 = ADVANCED_FACE ( 'NONE', ( #3276 ), #2406, .F. ) ;
#5503 = CARTESIAN_POINT ( 'NONE',  ( -2.749999999999999112, 15.33380951166242845, -3.299999999999999822 ) ) ;
#5504 = CARTESIAN_POINT ( 'NONE',  ( 3.299999999999998934, 1.274999999999999689, 0.3500000000000000333 ) ) ;
#5505 = ADVANCED_FACE ( 'NONE', ( #5031 ), #4970, .F. ) ;
#5506 = DIRECTION ( 'NONE',  ( -0.9945218953682756213, 0.000000000000000000, -0.1045284632676308362 ) ) ;
#5507 = VERTEX_POINT ( 'NONE', #2020 ) ;
#5508 = DIRECTION ( 'NONE',  ( 0.9933554313349571840, 0.000000000000000000, 0.1150868673539303111 ) ) ;
#5509 = PLANE ( 'NONE',  #1533 ) ;
#5510 = DIRECTION ( 'NONE',  ( 0.000000000000000000, -0.000000000000000000, -1.000000000000000000 ) ) ;
#5511 = LINE ( 'NONE', #5415, #2394 ) ;
ENDSEC;
END-ISO-10303-21;
